conflict_id,pair_number,direction_number,content_class,content_label,content_id,style_class,style_label,style_id,style_strength,output_path,review_status,rejection_reason,content_preview_path,style_preview_path,stylized_preview_path,accepted,cue_conflict_index,resnet_prediction,resnet_predicted_class,resnet_confidence,resnet_decision,vit_prediction,vit_predicted_class,vit_confidence,vit_decision,clip_head_prediction,clip_head_predicted_class,clip_head_confidence,clip_head_decision,clip_zero_shot_prediction,clip_zero_shot_predicted_class,clip_zero_shot_confidence,clip_zero_shot_decision
pair_01_direction_1_candidate_01,1,1,airplane,0,5918,monkey,7,5450,0.8,results\cue_conflicts\candidates\pair_01_direction_1_candidate_01.png,pending,,results\cue_conflicts\review_thumbnails\content\pair_01_direction_1_candidate_01.png,results\cue_conflicts\review_thumbnails\style\pair_01_direction_1_candidate_01.png,results\cue_conflicts\review_thumbnails\stylized\pair_01_direction_1_candidate_01.png,True,0,1,bird,0.87222433,other,3,cat,0.58474743,other,1,bird,0.17798336,other,1,bird,0.58771986,other
pair_01_direction_1_candidate_02,1,1,airplane,0,7373,monkey,7,2668,0.8,results\cue_conflicts\candidates\pair_01_direction_1_candidate_02.png,pending,,results\cue_conflicts\review_thumbnails\content\pair_01_direction_1_candidate_02.png,results\cue_conflicts\review_thumbnails\style\pair_01_direction_1_candidate_02.png,results\cue_conflicts\review_thumbnails\stylized\pair_01_direction_1_candidate_02.png,True,1,1,bird,0.8345022,other,1,bird,0.77723855,other,0,airplane,0.32906783,shape,0,airplane,0.76580554,shape
pair_01_direction_1_candidate_04,1,1,airplane,0,3025,monkey,7,7270,0.8,results\cue_conflicts\candidates\pair_01_direction_1_candidate_04.png,pending,,results\cue_conflicts\review_thumbnails\content\pair_01_direction_1_candidate_04.png,results\cue_conflicts\review_thumbnails\style\pair_01_direction_1_candidate_04.png,results\cue_conflicts\review_thumbnails\stylized\pair_01_direction_1_candidate_04.png,True,2,0,airplane,0.83110064,shape,0,airplane,0.9533041,shape,0,airplane,0.31994936,shape,0,airplane,0.791773,shape
pair_01_direction_1_candidate_05,1,1,airplane,0,42,monkey,7,5719,0.8,results\cue_conflicts\candidates\pair_01_direction_1_candidate_05.png,pending,,results\cue_conflicts\review_thumbnails\content\pair_01_direction_1_candidate_05.png,results\cue_conflicts\review_thumbnails\style\pair_01_direction_1_candidate_05.png,results\cue_conflicts\review_thumbnails\stylized\pair_01_direction_1_candidate_05.png,True,3,1,bird,0.7747461,other,1,bird,0.98442775,other,1,bird,0.18416975,other,1,bird,0.7176472,other
pair_01_direction_1_candidate_08,1,1,airplane,0,4130,monkey,7,1884,0.8,results\cue_conflicts\candidates\pair_01_direction_1_candidate_08.png,pending,,results\cue_conflicts\review_thumbnails\content\pair_01_direction_1_candidate_08.png,results\cue_conflicts\review_thumbnails\style\pair_01_direction_1_candidate_08.png,results\cue_conflicts\review_thumbnails\stylized\pair_01_direction_1_candidate_08.png,True,4,4,deer,0.6149044,other,0,airplane,0.84349716,shape,0,airplane,0.34224582,shape,0,airplane,0.83127666,shape
pair_01_direction_1_candidate_10,1,1,airplane,0,1596,monkey,7,1956,0.8,results\cue_conflicts\candidates\pair_01_direction_1_candidate_10.png,pending,,results\cue_conflicts\review_thumbnails\content\pair_01_direction_1_candidate_10.png,results\cue_conflicts\review_thumbnails\style\pair_01_direction_1_candidate_10.png,results\cue_conflicts\review_thumbnails\stylized\pair_01_direction_1_candidate_10.png,True,5,8,ship,0.82827693,other,8,ship,0.52708894,other,0,airplane,0.17425187,shape,8,ship,0.41826227,other
pair_01_direction_1_candidate_11,1,1,airplane,0,7634,monkey,7,5848,0.8,results\cue_conflicts\candidates\pair_01_direction_1_candidate_11.png,pending,,results\cue_conflicts\review_thumbnails\content\pair_01_direction_1_candidate_11.png,results\cue_conflicts\review_thumbnails\style\pair_01_direction_1_candidate_11.png,results\cue_conflicts\review_thumbnails\stylized\pair_01_direction_1_candidate_11.png,True,6,1,bird,0.99121374,other,0,airplane,0.9980773,shape,0,airplane,0.49339673,shape,0,airplane,0.930714,shape
pair_01_direction_1_candidate_14,1,1,airplane,0,3083,monkey,7,4236,0.8,results\cue_conflicts\candidates\pair_01_direction_1_candidate_14.png,pending,,results\cue_conflicts\review_thumbnails\content\pair_01_direction_1_candidate_14.png,results\cue_conflicts\review_thumbnails\style\pair_01_direction_1_candidate_14.png,results\cue_conflicts\review_thumbnails\stylized\pair_01_direction_1_candidate_14.png,True,7,1,bird,0.54219854,other,0,airplane,0.8492734,shape,0,airplane,0.2679989,shape,0,airplane,0.8988375,shape
pair_01_direction_1_candidate_15,1,1,airplane,0,5117,monkey,7,6650,0.8,results\cue_conflicts\candidates\pair_01_direction_1_candidate_15.png,pending,,results\cue_conflicts\review_thumbnails\content\pair_01_direction_1_candidate_15.png,results\cue_conflicts\review_thumbnails\style\pair_01_direction_1_candidate_15.png,results\cue_conflicts\review_thumbnails\stylized\pair_01_direction_1_candidate_15.png,True,8,1,bird,0.9756606,other,0,airplane,0.9801922,shape,0,airplane,0.6098776,shape,0,airplane,0.93020815,shape
pair_01_direction_1_candidate_16,1,1,airplane,0,1389,monkey,7,1473,0.8,results\cue_conflicts\candidates\pair_01_direction_1_candidate_16.png,pending,,results\cue_conflicts\review_thumbnails\content\pair_01_direction_1_candidate_16.png,results\cue_conflicts\review_thumbnails\style\pair_01_direction_1_candidate_16.png,results\cue_conflicts\review_thumbnails\stylized\pair_01_direction_1_candidate_16.png,True,9,1,bird,0.9570966,other,0,airplane,0.96142375,shape,9,truck,0.124075495,other,8,ship,0.29022446,other
pair_01_direction_1_candidate_17,1,1,airplane,0,3876,monkey,7,3446,0.8,results\cue_conflicts\candidates\pair_01_direction_1_candidate_17.png,pending,,results\cue_conflicts\review_thumbnails\content\pair_01_direction_1_candidate_17.png,results\cue_conflicts\review_thumbnails\style\pair_01_direction_1_candidate_17.png,results\cue_conflicts\review_thumbnails\stylized\pair_01_direction_1_candidate_17.png,True,10,0,airplane,0.3016222,shape,0,airplane,0.74136734,shape,0,airplane,0.34591258,shape,0,airplane,0.48833507,shape
pair_01_direction_1_candidate_18,1,1,airplane,0,6455,monkey,7,2854,0.8,results\cue_conflicts\candidates\pair_01_direction_1_candidate_18.png,pending,,results\cue_conflicts\review_thumbnails\content\pair_01_direction_1_candidate_18.png,results\cue_conflicts\review_thumbnails\style\pair_01_direction_1_candidate_18.png,results\cue_conflicts\review_thumbnails\stylized\pair_01_direction_1_candidate_18.png,True,11,4,deer,0.6111947,other,1,bird,0.9761953,other,0,airplane,0.28025407,shape,0,airplane,0.70784414,shape
pair_01_direction_1_candidate_19,1,1,airplane,0,6844,monkey,7,1048,0.8,results\cue_conflicts\candidates\pair_01_direction_1_candidate_19.png,pending,,results\cue_conflicts\review_thumbnails\content\pair_01_direction_1_candidate_19.png,results\cue_conflicts\review_thumbnails\style\pair_01_direction_1_candidate_19.png,results\cue_conflicts\review_thumbnails\stylized\pair_01_direction_1_candidate_19.png,True,12,1,bird,0.9525396,other,0,airplane,0.67808694,shape,0,airplane,0.14348796,shape,9,truck,0.4519382,other
pair_01_direction_1_candidate_20,1,1,airplane,0,7150,monkey,7,4661,0.8,results\cue_conflicts\candidates\pair_01_direction_1_candidate_20.png,pending,,results\cue_conflicts\review_thumbnails\content\pair_01_direction_1_candidate_20.png,results\cue_conflicts\review_thumbnails\style\pair_01_direction_1_candidate_20.png,results\cue_conflicts\review_thumbnails\stylized\pair_01_direction_1_candidate_20.png,True,13,1,bird,0.9734578,other,0,airplane,0.90641665,shape,0,airplane,0.31192672,shape,0,airplane,0.87923664,shape
pair_01_direction_1_candidate_21,1,1,airplane,0,5912,monkey,7,323,0.8,results\cue_conflicts\candidates\pair_01_direction_1_candidate_21.png,pending,,results\cue_conflicts\review_thumbnails\content\pair_01_direction_1_candidate_21.png,results\cue_conflicts\review_thumbnails\style\pair_01_direction_1_candidate_21.png,results\cue_conflicts\review_thumbnails\stylized\pair_01_direction_1_candidate_21.png,True,14,1,bird,0.7776471,other,0,airplane,0.93181825,shape,0,airplane,0.30752486,shape,0,airplane,0.75788456,shape
pair_01_direction_1_candidate_23,1,1,airplane,0,5999,monkey,7,6726,0.8,results\cue_conflicts\candidates\pair_01_direction_1_candidate_23.png,pending,,results\cue_conflicts\review_thumbnails\content\pair_01_direction_1_candidate_23.png,results\cue_conflicts\review_thumbnails\style\pair_01_direction_1_candidate_23.png,results\cue_conflicts\review_thumbnails\stylized\pair_01_direction_1_candidate_23.png,True,15,4,deer,0.75094455,other,0,airplane,0.51816994,shape,0,airplane,0.15292165,shape,1,bird,0.2126992,other
pair_01_direction_1_candidate_27,1,1,airplane,0,2888,monkey,7,2746,0.8,results\cue_conflicts\candidates\pair_01_direction_1_candidate_27.png,pending,,results\cue_conflicts\review_thumbnails\content\pair_01_direction_1_candidate_27.png,results\cue_conflicts\review_thumbnails\style\pair_01_direction_1_candidate_27.png,results\cue_conflicts\review_thumbnails\stylized\pair_01_direction_1_candidate_27.png,True,16,1,bird,0.6265177,other,0,airplane,0.9959418,shape,0,airplane,0.592054,shape,0,airplane,0.8991413,shape
pair_01_direction_1_candidate_28,1,1,airplane,0,7262,monkey,7,1287,0.8,results\cue_conflicts\candidates\pair_01_direction_1_candidate_28.png,pending,,results\cue_conflicts\review_thumbnails\content\pair_01_direction_1_candidate_28.png,results\cue_conflicts\review_thumbnails\style\pair_01_direction_1_candidate_28.png,results\cue_conflicts\review_thumbnails\stylized\pair_01_direction_1_candidate_28.png,True,17,1,bird,0.93875617,other,0,airplane,0.9898163,shape,0,airplane,0.40145293,shape,0,airplane,0.60608304,shape
pair_01_direction_1_candidate_29,1,1,airplane,0,2242,monkey,7,5436,0.8,results\cue_conflicts\candidates\pair_01_direction_1_candidate_29.png,pending,,results\cue_conflicts\review_thumbnails\content\pair_01_direction_1_candidate_29.png,results\cue_conflicts\review_thumbnails\style\pair_01_direction_1_candidate_29.png,results\cue_conflicts\review_thumbnails\stylized\pair_01_direction_1_candidate_29.png,True,18,1,bird,0.9541801,other,4,deer,0.2924972,other,0,airplane,0.1917694,shape,8,ship,0.48872408,other
pair_01_direction_1_candidate_30,1,1,airplane,0,4539,monkey,7,370,0.8,results\cue_conflicts\candidates\pair_01_direction_1_candidate_30.png,pending,,results\cue_conflicts\review_thumbnails\content\pair_01_direction_1_candidate_30.png,results\cue_conflicts\review_thumbnails\style\pair_01_direction_1_candidate_30.png,results\cue_conflicts\review_thumbnails\stylized\pair_01_direction_1_candidate_30.png,True,19,1,bird,0.60993665,other,0,airplane,0.9920116,shape,0,airplane,0.2608891,shape,0,airplane,0.73611295,shape
pair_05_direction_1_candidate_01,5,1,bird,1,1993,dog,5,4106,0.8,results\cue_conflicts\candidates\pair_05_direction_1_candidate_01.png,pending,,results\cue_conflicts\review_thumbnails\content\pair_05_direction_1_candidate_01.png,results\cue_conflicts\review_thumbnails\style\pair_05_direction_1_candidate_01.png,results\cue_conflicts\review_thumbnails\stylized\pair_05_direction_1_candidate_01.png,True,20,1,bird,0.9991949,shape,1,bird,0.9996556,shape,1,bird,0.67867184,shape,1,bird,0.9969234,shape
pair_05_direction_1_candidate_03,5,1,bird,1,5488,dog,5,4547,0.8,results\cue_conflicts\candidates\pair_05_direction_1_candidate_03.png,pending,,results\cue_conflicts\review_thumbnails\content\pair_05_direction_1_candidate_03.png,results\cue_conflicts\review_thumbnails\style\pair_05_direction_1_candidate_03.png,results\cue_conflicts\review_thumbnails\stylized\pair_05_direction_1_candidate_03.png,True,21,7,monkey,0.9848973,other,7,monkey,0.4237731,other,1,bird,0.24848047,shape,1,bird,0.91625506,shape
pair_05_direction_1_candidate_05,5,1,bird,1,2178,dog,5,4570,0.8,results\cue_conflicts\candidates\pair_05_direction_1_candidate_05.png,pending,,results\cue_conflicts\review_thumbnails\content\pair_05_direction_1_candidate_05.png,results\cue_conflicts\review_thumbnails\style\pair_05_direction_1_candidate_05.png,results\cue_conflicts\review_thumbnails\stylized\pair_05_direction_1_candidate_05.png,True,22,1,bird,0.9957242,shape,1,bird,0.99987686,shape,1,bird,0.6350975,shape,1,bird,0.9978955,shape
pair_05_direction_1_candidate_06,5,1,bird,1,7390,dog,5,1877,0.8,results\cue_conflicts\candidates\pair_05_direction_1_candidate_06.png,pending,,results\cue_conflicts\review_thumbnails\content\pair_05_direction_1_candidate_06.png,results\cue_conflicts\review_thumbnails\style\pair_05_direction_1_candidate_06.png,results\cue_conflicts\review_thumbnails\stylized\pair_05_direction_1_candidate_06.png,True,23,1,bird,0.99783283,shape,1,bird,0.9992198,shape,1,bird,0.36704493,shape,1,bird,0.9125039,shape
pair_05_direction_1_candidate_07,5,1,bird,1,3550,dog,5,378,0.8,results\cue_conflicts\candidates\pair_05_direction_1_candidate_07.png,pending,,results\cue_conflicts\review_thumbnails\content\pair_05_direction_1_candidate_07.png,results\cue_conflicts\review_thumbnails\style\pair_05_direction_1_candidate_07.png,results\cue_conflicts\review_thumbnails\stylized\pair_05_direction_1_candidate_07.png,True,24,1,bird,0.996447,shape,1,bird,0.9114343,shape,1,bird,0.47132,shape,1,bird,0.9925356,shape
pair_05_direction_1_candidate_08,5,1,bird,1,1871,dog,5,568,0.8,results\cue_conflicts\candidates\pair_05_direction_1_candidate_08.png,pending,,results\cue_conflicts\review_thumbnails\content\pair_05_direction_1_candidate_08.png,results\cue_conflicts\review_thumbnails\style\pair_05_direction_1_candidate_08.png,results\cue_conflicts\review_thumbnails\stylized\pair_05_direction_1_candidate_08.png,True,25,1,bird,0.9436272,shape,3,cat,0.7684414,other,1,bird,0.32407242,shape,1,bird,0.9527654,shape
pair_05_direction_1_candidate_09,5,1,bird,1,3491,dog,5,5381,0.8,results\cue_conflicts\candidates\pair_05_direction_1_candidate_09.png,pending,,results\cue_conflicts\review_thumbnails\content\pair_05_direction_1_candidate_09.png,results\cue_conflicts\review_thumbnails\style\pair_05_direction_1_candidate_09.png,results\cue_conflicts\review_thumbnails\stylized\pair_05_direction_1_candidate_09.png,True,26,1,bird,0.99525225,shape,1,bird,0.99851376,shape,1,bird,0.42941186,shape,1,bird,0.9782842,shape
pair_05_direction_1_candidate_12,5,1,bird,1,5256,dog,5,2427,0.8,results\cue_conflicts\candidates\pair_05_direction_1_candidate_12.png,pending,,results\cue_conflicts\review_thumbnails\content\pair_05_direction_1_candidate_12.png,results\cue_conflicts\review_thumbnails\style\pair_05_direction_1_candidate_12.png,results\cue_conflicts\review_thumbnails\stylized\pair_05_direction_1_candidate_12.png,True,27,1,bird,0.99977034,shape,1,bird,0.99771714,shape,1,bird,0.52540153,shape,1,bird,0.9969066,shape
pair_05_direction_1_candidate_13,5,1,bird,1,5092,dog,5,2334,0.8,results\cue_conflicts\candidates\pair_05_direction_1_candidate_13.png,pending,,results\cue_conflicts\review_thumbnails\content\pair_05_direction_1_candidate_13.png,results\cue_conflicts\review_thumbnails\style\pair_05_direction_1_candidate_13.png,results\cue_conflicts\review_thumbnails\stylized\pair_05_direction_1_candidate_13.png,True,28,1,bird,0.99925214,shape,1,bird,0.99903643,shape,1,bird,0.6583643,shape,1,bird,0.9986603,shape
pair_05_direction_1_candidate_15,5,1,bird,1,1230,dog,5,319,0.8,results\cue_conflicts\candidates\pair_05_direction_1_candidate_15.png,pending,,results\cue_conflicts\review_thumbnails\content\pair_05_direction_1_candidate_15.png,results\cue_conflicts\review_thumbnails\style\pair_05_direction_1_candidate_15.png,results\cue_conflicts\review_thumbnails\stylized\pair_05_direction_1_candidate_15.png,True,29,1,bird,0.95411104,shape,7,monkey,0.71742326,other,1,bird,0.27377868,shape,1,bird,0.91201615,shape
pair_05_direction_1_candidate_17,5,1,bird,1,6805,dog,5,2623,0.8,results\cue_conflicts\candidates\pair_05_direction_1_candidate_17.png,pending,,results\cue_conflicts\review_thumbnails\content\pair_05_direction_1_candidate_17.png,results\cue_conflicts\review_thumbnails\style\pair_05_direction_1_candidate_17.png,results\cue_conflicts\review_thumbnails\stylized\pair_05_direction_1_candidate_17.png,True,30,1,bird,0.9788534,shape,1,bird,0.94277346,shape,1,bird,0.46619105,shape,1,bird,0.9813922,shape
pair_05_direction_1_candidate_18,5,1,bird,1,6169,dog,5,1644,0.8,results\cue_conflicts\candidates\pair_05_direction_1_candidate_18.png,pending,,results\cue_conflicts\review_thumbnails\content\pair_05_direction_1_candidate_18.png,results\cue_conflicts\review_thumbnails\style\pair_05_direction_1_candidate_18.png,results\cue_conflicts\review_thumbnails\stylized\pair_05_direction_1_candidate_18.png,True,31,1,bird,0.97644323,shape,1,bird,0.6039821,shape,1,bird,0.33532435,shape,1,bird,0.95620066,shape
pair_05_direction_1_candidate_20,5,1,bird,1,1852,dog,5,2458,0.8,results\cue_conflicts\candidates\pair_05_direction_1_candidate_20.png,pending,,results\cue_conflicts\review_thumbnails\content\pair_05_direction_1_candidate_20.png,results\cue_conflicts\review_thumbnails\style\pair_05_direction_1_candidate_20.png,results\cue_conflicts\review_thumbnails\stylized\pair_05_direction_1_candidate_20.png,True,32,1,bird,0.999382,shape,1,bird,0.99996877,shape,1,bird,0.74002105,shape,1,bird,0.99837554,shape
pair_05_direction_1_candidate_21,5,1,bird,1,1115,dog,5,6989,0.8,results\cue_conflicts\candidates\pair_05_direction_1_candidate_21.png,pending,,results\cue_conflicts\review_thumbnails\content\pair_05_direction_1_candidate_21.png,results\cue_conflicts\review_thumbnails\style\pair_05_direction_1_candidate_21.png,results\cue_conflicts\review_thumbnails\stylized\pair_05_direction_1_candidate_21.png,True,33,1,bird,0.9379594,shape,1,bird,0.99367285,shape,1,bird,0.33676502,shape,1,bird,0.9510031,shape
pair_05_direction_1_candidate_22,5,1,bird,1,1986,dog,5,4953,0.8,results\cue_conflicts\candidates\pair_05_direction_1_candidate_22.png,pending,,results\cue_conflicts\review_thumbnails\content\pair_05_direction_1_candidate_22.png,results\cue_conflicts\review_thumbnails\style\pair_05_direction_1_candidate_22.png,results\cue_conflicts\review_thumbnails\stylized\pair_05_direction_1_candidate_22.png,True,34,1,bird,0.9495953,shape,1,bird,0.83133096,shape,1,bird,0.36644846,shape,1,bird,0.95575076,shape
pair_05_direction_1_candidate_26,5,1,bird,1,304,dog,5,645,0.8,results\cue_conflicts\candidates\pair_05_direction_1_candidate_26.png,pending,,results\cue_conflicts\review_thumbnails\content\pair_05_direction_1_candidate_26.png,results\cue_conflicts\review_thumbnails\style\pair_05_direction_1_candidate_26.png,results\cue_conflicts\review_thumbnails\stylized\pair_05_direction_1_candidate_26.png,True,35,1,bird,0.99270236,shape,1,bird,0.9707708,shape,1,bird,0.27912265,shape,1,bird,0.83689326,shape
pair_05_direction_1_candidate_27,5,1,bird,1,5560,dog,5,4966,0.8,results\cue_conflicts\candidates\pair_05_direction_1_candidate_27.png,pending,,results\cue_conflicts\review_thumbnails\content\pair_05_direction_1_candidate_27.png,results\cue_conflicts\review_thumbnails\style\pair_05_direction_1_candidate_27.png,results\cue_conflicts\review_thumbnails\stylized\pair_05_direction_1_candidate_27.png,True,36,1,bird,0.99359715,shape,1,bird,0.88672,shape,1,bird,0.4340809,shape,1,bird,0.9872966,shape
pair_05_direction_1_candidate_28,5,1,bird,1,2157,dog,5,6716,0.8,results\cue_conflicts\candidates\pair_05_direction_1_candidate_28.png,pending,,results\cue_conflicts\review_thumbnails\content\pair_05_direction_1_candidate_28.png,results\cue_conflicts\review_thumbnails\style\pair_05_direction_1_candidate_28.png,results\cue_conflicts\review_thumbnails\stylized\pair_05_direction_1_candidate_28.png,True,37,1,bird,0.99979466,shape,1,bird,0.9951199,shape,1,bird,0.5466371,shape,1,bird,0.9921725,shape
pair_05_direction_1_candidate_29,5,1,bird,1,6954,dog,5,685,0.8,results\cue_conflicts\candidates\pair_05_direction_1_candidate_29.png,pending,,results\cue_conflicts\review_thumbnails\content\pair_05_direction_1_candidate_29.png,results\cue_conflicts\review_thumbnails\style\pair_05_direction_1_candidate_29.png,results\cue_conflicts\review_thumbnails\stylized\pair_05_direction_1_candidate_29.png,True,38,1,bird,0.9912388,shape,1,bird,0.8908382,shape,1,bird,0.20013888,shape,1,bird,0.55632263,shape
pair_05_direction_1_candidate_30,5,1,bird,1,5123,dog,5,3889,0.8,results\cue_conflicts\candidates\pair_05_direction_1_candidate_30.png,pending,,results\cue_conflicts\review_thumbnails\content\pair_05_direction_1_candidate_30.png,results\cue_conflicts\review_thumbnails\style\pair_05_direction_1_candidate_30.png,results\cue_conflicts\review_thumbnails\stylized\pair_05_direction_1_candidate_30.png,True,39,1,bird,0.75591624,shape,1,bird,0.9972825,shape,1,bird,0.61802864,shape,1,bird,0.99742043,shape
pair_02_direction_1_candidate_01,2,1,car,2,6616,deer,4,7692,0.8,results\cue_conflicts\candidates\pair_02_direction_1_candidate_01.png,pending,,results\cue_conflicts\review_thumbnails\content\pair_02_direction_1_candidate_01.png,results\cue_conflicts\review_thumbnails\style\pair_02_direction_1_candidate_01.png,results\cue_conflicts\review_thumbnails\stylized\pair_02_direction_1_candidate_01.png,True,40,8,ship,0.25606707,other,2,car,0.9828872,shape,2,car,0.3583011,shape,2,car,0.9326789,shape
pair_02_direction_1_candidate_02,2,1,car,2,49,deer,4,3458,0.8,results\cue_conflicts\candidates\pair_02_direction_1_candidate_02.png,pending,,results\cue_conflicts\review_thumbnails\content\pair_02_direction_1_candidate_02.png,results\cue_conflicts\review_thumbnails\style\pair_02_direction_1_candidate_02.png,results\cue_conflicts\review_thumbnails\stylized\pair_02_direction_1_candidate_02.png,True,41,2,car,0.47209698,shape,2,car,0.998642,shape,2,car,0.31903195,shape,2,car,0.9170676,shape
pair_02_direction_1_candidate_05,2,1,car,2,2392,deer,4,2399,0.8,results\cue_conflicts\candidates\pair_02_direction_1_candidate_05.png,pending,,results\cue_conflicts\review_thumbnails\content\pair_02_direction_1_candidate_05.png,results\cue_conflicts\review_thumbnails\style\pair_02_direction_1_candidate_05.png,results\cue_conflicts\review_thumbnails\stylized\pair_02_direction_1_candidate_05.png,True,42,2,car,0.9807014,shape,2,car,0.99976295,shape,2,car,0.51191866,shape,2,car,0.95538783,shape
pair_02_direction_1_candidate_06,2,1,car,2,3755,deer,4,5062,0.8,results\cue_conflicts\candidates\pair_02_direction_1_candidate_06.png,pending,,results\cue_conflicts\review_thumbnails\content\pair_02_direction_1_candidate_06.png,results\cue_conflicts\review_thumbnails\style\pair_02_direction_1_candidate_06.png,results\cue_conflicts\review_thumbnails\stylized\pair_02_direction_1_candidate_06.png,True,43,2,car,0.9902692,shape,2,car,0.99787784,shape,2,car,0.5314202,shape,2,car,0.98660827,shape
pair_02_direction_1_candidate_07,2,1,car,2,2502,deer,4,4054,0.8,results\cue_conflicts\candidates\pair_02_direction_1_candidate_07.png,pending,,results\cue_conflicts\review_thumbnails\content\pair_02_direction_1_candidate_07.png,results\cue_conflicts\review_thumbnails\style\pair_02_direction_1_candidate_07.png,results\cue_conflicts\review_thumbnails\stylized\pair_02_direction_1_candidate_07.png,True,44,1,bird,0.5241247,other,2,car,0.990379,shape,9,truck,0.20863286,other,9,truck,0.5021281,other
pair_02_direction_1_candidate_09,2,1,car,2,1839,deer,4,1429,0.8,results\cue_conflicts\candidates\pair_02_direction_1_candidate_09.png,pending,,results\cue_conflicts\review_thumbnails\content\pair_02_direction_1_candidate_09.png,results\cue_conflicts\review_thumbnails\style\pair_02_direction_1_candidate_09.png,results\cue_conflicts\review_thumbnails\stylized\pair_02_direction_1_candidate_09.png,True,45,1,bird,0.86148494,other,2,car,0.36334792,shape,2,car,0.1575943,shape,2,car,0.5354941,shape
pair_02_direction_1_candidate_10,2,1,car,2,6692,deer,4,3034,0.8,results\cue_conflicts\candidates\pair_02_direction_1_candidate_10.png,pending,,results\cue_conflicts\review_thumbnails\content\pair_02_direction_1_candidate_10.png,results\cue_conflicts\review_thumbnails\style\pair_02_direction_1_candidate_10.png,results\cue_conflicts\review_thumbnails\stylized\pair_02_direction_1_candidate_10.png,True,46,8,ship,0.29952997,other,2,car,0.99845994,shape,2,car,0.37177715,shape,2,car,0.9485245,shape
pair_02_direction_1_candidate_11,2,1,car,2,483,deer,4,4629,0.8,results\cue_conflicts\candidates\pair_02_direction_1_candidate_11.png,pending,,results\cue_conflicts\review_thumbnails\content\pair_02_direction_1_candidate_11.png,results\cue_conflicts\review_thumbnails\style\pair_02_direction_1_candidate_11.png,results\cue_conflicts\review_thumbnails\stylized\pair_02_direction_1_candidate_11.png,True,47,4,deer,0.61920327,texture,2,car,0.6553385,shape,2,car,0.29868284,shape,2,car,0.94382554,shape
pair_02_direction_1_candidate_12,2,1,car,2,5824,deer,4,3287,0.8,results\cue_conflicts\candidates\pair_02_direction_1_candidate_12.png,pending,,results\cue_conflicts\review_thumbnails\content\pair_02_direction_1_candidate_12.png,results\cue_conflicts\review_thumbnails\style\pair_02_direction_1_candidate_12.png,results\cue_conflicts\review_thumbnails\stylized\pair_02_direction_1_candidate_12.png,True,48,2,car,0.41106418,shape,2,car,0.5834108,shape,2,car,0.41987443,shape,2,car,0.9021811,shape
pair_02_direction_1_candidate_13,2,1,car,2,6271,deer,4,506,0.8,results\cue_conflicts\candidates\pair_02_direction_1_candidate_13.png,pending,,results\cue_conflicts\review_thumbnails\content\pair_02_direction_1_candidate_13.png,results\cue_conflicts\review_thumbnails\style\pair_02_direction_1_candidate_13.png,results\cue_conflicts\review_thumbnails\stylized\pair_02_direction_1_candidate_13.png,True,49,2,car,0.80949104,shape,2,car,0.9852829,shape,2,car,0.20325181,shape,9,truck,0.49474669,other
pair_02_direction_1_candidate_14,2,1,car,2,6028,deer,4,7475,0.8,results\cue_conflicts\candidates\pair_02_direction_1_candidate_14.png,pending,,results\cue_conflicts\review_thumbnails\content\pair_02_direction_1_candidate_14.png,results\cue_conflicts\review_thumbnails\style\pair_02_direction_1_candidate_14.png,results\cue_conflicts\review_thumbnails\stylized\pair_02_direction_1_candidate_14.png,True,50,2,car,0.8038044,shape,2,car,0.9988079,shape,2,car,0.5989724,shape,2,car,0.9835315,shape
pair_02_direction_1_candidate_16,2,1,car,2,6332,deer,4,6528,0.8,results\cue_conflicts\candidates\pair_02_direction_1_candidate_16.png,pending,,results\cue_conflicts\review_thumbnails\content\pair_02_direction_1_candidate_16.png,results\cue_conflicts\review_thumbnails\style\pair_02_direction_1_candidate_16.png,results\cue_conflicts\review_thumbnails\stylized\pair_02_direction_1_candidate_16.png,True,51,2,car,0.3261467,shape,2,car,0.9921072,shape,2,car,0.37803823,shape,2,car,0.9171364,shape
pair_02_direction_1_candidate_17,2,1,car,2,3067,deer,4,7610,0.8,results\cue_conflicts\candidates\pair_02_direction_1_candidate_17.png,pending,,results\cue_conflicts\review_thumbnails\content\pair_02_direction_1_candidate_17.png,results\cue_conflicts\review_thumbnails\style\pair_02_direction_1_candidate_17.png,results\cue_conflicts\review_thumbnails\stylized\pair_02_direction_1_candidate_17.png,True,52,2,car,0.81519204,shape,2,car,0.9988238,shape,2,car,0.4706825,shape,2,car,0.9753504,shape
pair_02_direction_1_candidate_18,2,1,car,2,5756,deer,4,7864,0.8,results\cue_conflicts\candidates\pair_02_direction_1_candidate_18.png,pending,,results\cue_conflicts\review_thumbnails\content\pair_02_direction_1_candidate_18.png,results\cue_conflicts\review_thumbnails\style\pair_02_direction_1_candidate_18.png,results\cue_conflicts\review_thumbnails\stylized\pair_02_direction_1_candidate_18.png,True,53,6,horse,0.37182885,other,2,car,0.99713314,shape,2,car,0.3677967,shape,2,car,0.7954295,shape
pair_02_direction_1_candidate_19,2,1,car,2,5395,deer,4,6097,0.8,results\cue_conflicts\candidates\pair_02_direction_1_candidate_19.png,pending,,results\cue_conflicts\review_thumbnails\content\pair_02_direction_1_candidate_19.png,results\cue_conflicts\review_thumbnails\style\pair_02_direction_1_candidate_19.png,results\cue_conflicts\review_thumbnails\stylized\pair_02_direction_1_candidate_19.png,True,54,2,car,0.90302664,shape,2,car,0.99940145,shape,2,car,0.53440654,shape,2,car,0.9754916,shape
pair_02_direction_1_candidate_25,2,1,car,2,5218,deer,4,1266,0.8,results\cue_conflicts\candidates\pair_02_direction_1_candidate_25.png,pending,,results\cue_conflicts\review_thumbnails\content\pair_02_direction_1_candidate_25.png,results\cue_conflicts\review_thumbnails\style\pair_02_direction_1_candidate_25.png,results\cue_conflicts\review_thumbnails\stylized\pair_02_direction_1_candidate_25.png,True,55,2,car,0.9516972,shape,2,car,0.99822134,shape,2,car,0.5013784,shape,2,car,0.9448128,shape
pair_02_direction_1_candidate_26,2,1,car,2,5677,deer,4,3891,0.8,results\cue_conflicts\candidates\pair_02_direction_1_candidate_26.png,pending,,results\cue_conflicts\review_thumbnails\content\pair_02_direction_1_candidate_26.png,results\cue_conflicts\review_thumbnails\style\pair_02_direction_1_candidate_26.png,results\cue_conflicts\review_thumbnails\stylized\pair_02_direction_1_candidate_26.png,True,56,2,car,0.80751324,shape,2,car,0.9363017,shape,2,car,0.45634696,shape,2,car,0.945045,shape
pair_02_direction_1_candidate_27,2,1,car,2,4065,deer,4,4740,0.8,results\cue_conflicts\candidates\pair_02_direction_1_candidate_27.png,pending,,results\cue_conflicts\review_thumbnails\content\pair_02_direction_1_candidate_27.png,results\cue_conflicts\review_thumbnails\style\pair_02_direction_1_candidate_27.png,results\cue_conflicts\review_thumbnails\stylized\pair_02_direction_1_candidate_27.png,True,57,6,horse,0.6253391,other,2,car,0.89248335,shape,2,car,0.30283368,shape,2,car,0.9434282,shape
pair_02_direction_1_candidate_28,2,1,car,2,1403,deer,4,3512,0.8,results\cue_conflicts\candidates\pair_02_direction_1_candidate_28.png,pending,,results\cue_conflicts\review_thumbnails\content\pair_02_direction_1_candidate_28.png,results\cue_conflicts\review_thumbnails\style\pair_02_direction_1_candidate_28.png,results\cue_conflicts\review_thumbnails\stylized\pair_02_direction_1_candidate_28.png,True,58,2,car,0.5185111,shape,2,car,0.9799381,shape,2,car,0.47490382,shape,2,car,0.9563825,shape
pair_02_direction_1_candidate_29,2,1,car,2,6503,deer,4,7944,0.8,results\cue_conflicts\candidates\pair_02_direction_1_candidate_29.png,pending,,results\cue_conflicts\review_thumbnails\content\pair_02_direction_1_candidate_29.png,results\cue_conflicts\review_thumbnails\style\pair_02_direction_1_candidate_29.png,results\cue_conflicts\review_thumbnails\stylized\pair_02_direction_1_candidate_29.png,True,59,2,car,0.5273308,shape,2,car,0.99790937,shape,2,car,0.30815712,shape,2,car,0.8778811,shape
pair_03_direction_2_candidate_01,3,2,cat,3,677,ship,8,739,0.8,results\cue_conflicts\candidates\pair_03_direction_2_candidate_01.png,pending,,results\cue_conflicts\review_thumbnails\content\pair_03_direction_2_candidate_01.png,results\cue_conflicts\review_thumbnails\style\pair_03_direction_2_candidate_01.png,results\cue_conflicts\review_thumbnails\stylized\pair_03_direction_2_candidate_01.png,True,60,3,cat,0.9962063,shape,3,cat,0.9956993,shape,3,cat,0.6037177,shape,3,cat,0.9817554,shape
pair_03_direction_2_candidate_02,3,2,cat,3,2028,ship,8,2342,0.8,results\cue_conflicts\candidates\pair_03_direction_2_candidate_02.png,pending,,results\cue_conflicts\review_thumbnails\content\pair_03_direction_2_candidate_02.png,results\cue_conflicts\review_thumbnails\style\pair_03_direction_2_candidate_02.png,results\cue_conflicts\review_thumbnails\stylized\pair_03_direction_2_candidate_02.png,True,61,1,bird,0.4684256,other,3,cat,0.7857719,shape,3,cat,0.13223033,shape,8,ship,0.26387575,texture
pair_03_direction_2_candidate_04,3,2,cat,3,1401,ship,8,5705,0.8,results\cue_conflicts\candidates\pair_03_direction_2_candidate_04.png,pending,,results\cue_conflicts\review_thumbnails\content\pair_03_direction_2_candidate_04.png,results\cue_conflicts\review_thumbnails\style\pair_03_direction_2_candidate_04.png,results\cue_conflicts\review_thumbnails\stylized\pair_03_direction_2_candidate_04.png,True,62,8,ship,0.9796012,texture,0,airplane,0.5912583,other,3,cat,0.18181399,shape,3,cat,0.2745624,shape
pair_03_direction_2_candidate_07,3,2,cat,3,372,ship,8,2340,0.8,results\cue_conflicts\candidates\pair_03_direction_2_candidate_07.png,pending,,results\cue_conflicts\review_thumbnails\content\pair_03_direction_2_candidate_07.png,results\cue_conflicts\review_thumbnails\style\pair_03_direction_2_candidate_07.png,results\cue_conflicts\review_thumbnails\stylized\pair_03_direction_2_candidate_07.png,True,63,0,airplane,0.48783773,other,0,airplane,0.9834374,other,9,truck,0.13605277,other,8,ship,0.39138013,texture
pair_03_direction_2_candidate_08,3,2,cat,3,1204,ship,8,7818,0.8,results\cue_conflicts\candidates\pair_03_direction_2_candidate_08.png,pending,,results\cue_conflicts\review_thumbnails\content\pair_03_direction_2_candidate_08.png,results\cue_conflicts\review_thumbnails\style\pair_03_direction_2_candidate_08.png,results\cue_conflicts\review_thumbnails\stylized\pair_03_direction_2_candidate_08.png,True,64,8,ship,0.5791419,texture,3,cat,0.99376714,shape,0,airplane,0.19217163,other,1,bird,0.27146003,other
pair_03_direction_2_candidate_09,3,2,cat,3,2754,ship,8,3948,0.8,results\cue_conflicts\candidates\pair_03_direction_2_candidate_09.png,pending,,results\cue_conflicts\review_thumbnails\content\pair_03_direction_2_candidate_09.png,results\cue_conflicts\review_thumbnails\style\pair_03_direction_2_candidate_09.png,results\cue_conflicts\review_thumbnails\stylized\pair_03_direction_2_candidate_09.png,True,65,5,dog,0.5764307,other,3,cat,0.6902578,shape,3,cat,0.48888674,shape,3,cat,0.9360795,shape
pair_03_direction_2_candidate_10,3,2,cat,3,1431,ship,8,667,0.8,results\cue_conflicts\candidates\pair_03_direction_2_candidate_10.png,pending,,results\cue_conflicts\review_thumbnails\content\pair_03_direction_2_candidate_10.png,results\cue_conflicts\review_thumbnails\style\pair_03_direction_2_candidate_10.png,results\cue_conflicts\review_thumbnails\stylized\pair_03_direction_2_candidate_10.png,True,66,6,horse,0.37172273,other,3,cat,0.9671631,shape,3,cat,0.42437616,shape,3,cat,0.92941636,shape
pair_03_direction_2_candidate_11,3,2,cat,3,672,ship,8,4355,0.8,results\cue_conflicts\candidates\pair_03_direction_2_candidate_11.png,pending,,results\cue_conflicts\review_thumbnails\content\pair_03_direction_2_candidate_11.png,results\cue_conflicts\review_thumbnails\style\pair_03_direction_2_candidate_11.png,results\cue_conflicts\review_thumbnails\stylized\pair_03_direction_2_candidate_11.png,True,67,3,cat,0.9221397,shape,3,cat,0.8935951,shape,3,cat,0.27702978,shape,3,cat,0.44129372,shape
pair_03_direction_2_candidate_13,3,2,cat,3,3375,ship,8,3905,0.8,results\cue_conflicts\candidates\pair_03_direction_2_candidate_13.png,pending,,results\cue_conflicts\review_thumbnails\content\pair_03_direction_2_candidate_13.png,results\cue_conflicts\review_thumbnails\style\pair_03_direction_2_candidate_13.png,results\cue_conflicts\review_thumbnails\stylized\pair_03_direction_2_candidate_13.png,True,68,8,ship,0.94184107,texture,3,cat,0.6455113,shape,3,cat,0.2843184,shape,3,cat,0.6551167,shape
pair_03_direction_2_candidate_14,3,2,cat,3,1370,ship,8,5000,0.8,results\cue_conflicts\candidates\pair_03_direction_2_candidate_14.png,pending,,results\cue_conflicts\review_thumbnails\content\pair_03_direction_2_candidate_14.png,results\cue_conflicts\review_thumbnails\style\pair_03_direction_2_candidate_14.png,results\cue_conflicts\review_thumbnails\stylized\pair_03_direction_2_candidate_14.png,True,69,8,ship,0.85234386,texture,3,cat,0.86272204,shape,3,cat,0.35104707,shape,3,cat,0.816288,shape
pair_03_direction_2_candidate_15,3,2,cat,3,1563,ship,8,5451,0.8,results\cue_conflicts\candidates\pair_03_direction_2_candidate_15.png,pending,,results\cue_conflicts\review_thumbnails\content\pair_03_direction_2_candidate_15.png,results\cue_conflicts\review_thumbnails\style\pair_03_direction_2_candidate_15.png,results\cue_conflicts\review_thumbnails\stylized\pair_03_direction_2_candidate_15.png,True,70,2,car,0.32538757,other,2,car,0.20885326,other,7,monkey,0.13225105,other,7,monkey,0.27410248,other
pair_03_direction_2_candidate_17,3,2,cat,3,1531,ship,8,6434,0.8,results\cue_conflicts\candidates\pair_03_direction_2_candidate_17.png,pending,,results\cue_conflicts\review_thumbnails\content\pair_03_direction_2_candidate_17.png,results\cue_conflicts\review_thumbnails\style\pair_03_direction_2_candidate_17.png,results\cue_conflicts\review_thumbnails\stylized\pair_03_direction_2_candidate_17.png,True,71,6,horse,0.40278786,other,3,cat,0.6173811,shape,3,cat,0.26258054,shape,4,deer,0.40287897,other
pair_03_direction_2_candidate_18,3,2,cat,3,4821,ship,8,2745,0.8,results\cue_conflicts\candidates\pair_03_direction_2_candidate_18.png,pending,,results\cue_conflicts\review_thumbnails\content\pair_03_direction_2_candidate_18.png,results\cue_conflicts\review_thumbnails\style\pair_03_direction_2_candidate_18.png,results\cue_conflicts\review_thumbnails\stylized\pair_03_direction_2_candidate_18.png,True,72,8,ship,0.98890847,texture,0,airplane,0.36455318,other,9,truck,0.13718602,other,2,car,0.33871558,other
pair_03_direction_2_candidate_19,3,2,cat,3,3914,ship,8,4311,0.8,results\cue_conflicts\candidates\pair_03_direction_2_candidate_19.png,pending,,results\cue_conflicts\review_thumbnails\content\pair_03_direction_2_candidate_19.png,results\cue_conflicts\review_thumbnails\style\pair_03_direction_2_candidate_19.png,results\cue_conflicts\review_thumbnails\stylized\pair_03_direction_2_candidate_19.png,True,73,8,ship,0.77010375,texture,3,cat,0.99697363,shape,3,cat,0.16296533,shape,8,ship,0.4131288,texture
pair_03_direction_2_candidate_23,3,2,cat,3,1263,ship,8,7810,0.8,results\cue_conflicts\candidates\pair_03_direction_2_candidate_23.png,pending,,results\cue_conflicts\review_thumbnails\content\pair_03_direction_2_candidate_23.png,results\cue_conflicts\review_thumbnails\style\pair_03_direction_2_candidate_23.png,results\cue_conflicts\review_thumbnails\stylized\pair_03_direction_2_candidate_23.png,True,74,8,ship,0.57721126,texture,0,airplane,0.3230921,other,4,deer,0.37374216,other,4,deer,0.99141616,other
pair_03_direction_2_candidate_24,3,2,cat,3,7793,ship,8,194,0.8,results\cue_conflicts\candidates\pair_03_direction_2_candidate_24.png,pending,,results\cue_conflicts\review_thumbnails\content\pair_03_direction_2_candidate_24.png,results\cue_conflicts\review_thumbnails\style\pair_03_direction_2_candidate_24.png,results\cue_conflicts\review_thumbnails\stylized\pair_03_direction_2_candidate_24.png,True,75,8,ship,0.86232865,texture,0,airplane,0.38970035,other,3,cat,0.18475716,shape,1,bird,0.60584027,other
pair_03_direction_2_candidate_25,3,2,cat,3,4330,ship,8,4990,0.8,results\cue_conflicts\candidates\pair_03_direction_2_candidate_25.png,pending,,results\cue_conflicts\review_thumbnails\content\pair_03_direction_2_candidate_25.png,results\cue_conflicts\review_thumbnails\style\pair_03_direction_2_candidate_25.png,results\cue_conflicts\review_thumbnails\stylized\pair_03_direction_2_candidate_25.png,True,76,8,ship,0.84048176,texture,0,airplane,0.31879035,other,9,truck,0.15379162,other,2,car,0.3418644,other
pair_03_direction_2_candidate_27,3,2,cat,3,979,ship,8,4662,0.8,results\cue_conflicts\candidates\pair_03_direction_2_candidate_27.png,pending,,results\cue_conflicts\review_thumbnails\content\pair_03_direction_2_candidate_27.png,results\cue_conflicts\review_thumbnails\style\pair_03_direction_2_candidate_27.png,results\cue_conflicts\review_thumbnails\stylized\pair_03_direction_2_candidate_27.png,True,77,3,cat,0.97542375,shape,3,cat,0.9602578,shape,3,cat,0.46633613,shape,3,cat,0.9371472,shape
pair_03_direction_2_candidate_29,3,2,cat,3,5528,ship,8,2844,0.8,results\cue_conflicts\candidates\pair_03_direction_2_candidate_29.png,pending,,results\cue_conflicts\review_thumbnails\content\pair_03_direction_2_candidate_29.png,results\cue_conflicts\review_thumbnails\style\pair_03_direction_2_candidate_29.png,results\cue_conflicts\review_thumbnails\stylized\pair_03_direction_2_candidate_29.png,True,78,8,ship,0.6829272,texture,8,ship,0.5727149,texture,0,airplane,0.15946206,other,0,airplane,0.15928511,other
pair_03_direction_2_candidate_30,3,2,cat,3,3276,ship,8,1954,0.8,results\cue_conflicts\candidates\pair_03_direction_2_candidate_30.png,pending,,results\cue_conflicts\review_thumbnails\content\pair_03_direction_2_candidate_30.png,results\cue_conflicts\review_thumbnails\style\pair_03_direction_2_candidate_30.png,results\cue_conflicts\review_thumbnails\stylized\pair_03_direction_2_candidate_30.png,True,79,3,cat,0.54970163,shape,3,cat,0.59076554,shape,3,cat,0.31907973,shape,7,monkey,0.36168498,other
pair_02_direction_2_candidate_01,2,2,deer,4,3179,car,2,6271,0.8,results\cue_conflicts\candidates\pair_02_direction_2_candidate_01.png,pending,,results\cue_conflicts\review_thumbnails\content\pair_02_direction_2_candidate_01.png,results\cue_conflicts\review_thumbnails\style\pair_02_direction_2_candidate_01.png,results\cue_conflicts\review_thumbnails\stylized\pair_02_direction_2_candidate_01.png,True,80,1,bird,0.6524777,other,0,airplane,0.26967385,other,1,bird,0.16105261,other,1,bird,0.4640323,other
pair_02_direction_2_candidate_02,2,2,deer,4,3122,car,2,483,0.8,results\cue_conflicts\candidates\pair_02_direction_2_candidate_02.png,pending,,results\cue_conflicts\review_thumbnails\content\pair_02_direction_2_candidate_02.png,results\cue_conflicts\review_thumbnails\style\pair_02_direction_2_candidate_02.png,results\cue_conflicts\review_thumbnails\stylized\pair_02_direction_2_candidate_02.png,True,81,1,bird,0.671978,other,4,deer,0.75465083,shape,4,deer,0.28892177,shape,4,deer,0.98568785,shape
pair_02_direction_2_candidate_03,2,2,deer,4,6508,car,2,1814,0.8,results\cue_conflicts\candidates\pair_02_direction_2_candidate_03.png,pending,,results\cue_conflicts\review_thumbnails\content\pair_02_direction_2_candidate_03.png,results\cue_conflicts\review_thumbnails\style\pair_02_direction_2_candidate_03.png,results\cue_conflicts\review_thumbnails\stylized\pair_02_direction_2_candidate_03.png,True,82,6,horse,0.48747534,other,4,deer,0.8748548,shape,4,deer,0.14932981,shape,4,deer,0.578334,shape
pair_02_direction_2_candidate_04,2,2,deer,4,5402,car,2,6426,0.8,results\cue_conflicts\candidates\pair_02_direction_2_candidate_04.png,pending,,results\cue_conflicts\review_thumbnails\content\pair_02_direction_2_candidate_04.png,results\cue_conflicts\review_thumbnails\style\pair_02_direction_2_candidate_04.png,results\cue_conflicts\review_thumbnails\stylized\pair_02_direction_2_candidate_04.png,True,83,1,bird,0.6605486,other,4,deer,0.59196866,shape,4,deer,0.23757952,shape,4,deer,0.82653666,shape
pair_02_direction_2_candidate_05,2,2,deer,4,3078,car,2,317,0.8,results\cue_conflicts\candidates\pair_02_direction_2_candidate_05.png,pending,,results\cue_conflicts\review_thumbnails\content\pair_02_direction_2_candidate_05.png,results\cue_conflicts\review_thumbnails\style\pair_02_direction_2_candidate_05.png,results\cue_conflicts\review_thumbnails\stylized\pair_02_direction_2_candidate_05.png,True,84,1,bird,0.57016116,other,1,bird,0.7323309,other,1,bird,0.27610767,other,1,bird,0.9608783,other
pair_02_direction_2_candidate_07,2,2,deer,4,7940,car,2,714,0.8,results\cue_conflicts\candidates\pair_02_direction_2_candidate_07.png,pending,,results\cue_conflicts\review_thumbnails\content\pair_02_direction_2_candidate_07.png,results\cue_conflicts\review_thumbnails\style\pair_02_direction_2_candidate_07.png,results\cue_conflicts\review_thumbnails\stylized\pair_02_direction_2_candidate_07.png,True,85,4,deer,0.9795132,shape,4,deer,0.9965828,shape,4,deer,0.45692882,shape,4,deer,0.99734,shape
pair_02_direction_2_candidate_09,2,2,deer,4,2399,car,2,6503,0.8,results\cue_conflicts\candidates\pair_02_direction_2_candidate_09.png,pending,,results\cue_conflicts\review_thumbnails\content\pair_02_direction_2_candidate_09.png,results\cue_conflicts\review_thumbnails\style\pair_02_direction_2_candidate_09.png,results\cue_conflicts\review_thumbnails\stylized\pair_02_direction_2_candidate_09.png,True,86,1,bird,0.5164161,other,4,deer,0.84772027,shape,4,deer,0.21352531,shape,6,horse,0.5769391,other
pair_02_direction_2_candidate_10,2,2,deer,4,5077,car,2,1520,0.8,results\cue_conflicts\candidates\pair_02_direction_2_candidate_10.png,pending,,results\cue_conflicts\review_thumbnails\content\pair_02_direction_2_candidate_10.png,results\cue_conflicts\review_thumbnails\style\pair_02_direction_2_candidate_10.png,results\cue_conflicts\review_thumbnails\stylized\pair_02_direction_2_candidate_10.png,True,87,4,deer,0.6689133,shape,4,deer,0.8721722,shape,4,deer,0.40540278,shape,4,deer,0.9843836,shape
pair_02_direction_2_candidate_13,2,2,deer,4,4629,car,2,4921,0.8,results\cue_conflicts\candidates\pair_02_direction_2_candidate_13.png,pending,,results\cue_conflicts\review_thumbnails\content\pair_02_direction_2_candidate_13.png,results\cue_conflicts\review_thumbnails\style\pair_02_direction_2_candidate_13.png,results\cue_conflicts\review_thumbnails\stylized\pair_02_direction_2_candidate_13.png,True,88,4,deer,0.5677258,shape,1,bird,0.3261435,other,7,monkey,0.16627294,other,6,horse,0.48833773,other
pair_02_direction_2_candidate_14,2,2,deer,4,5467,car,2,4735,0.8,results\cue_conflicts\candidates\pair_02_direction_2_candidate_14.png,pending,,results\cue_conflicts\review_thumbnails\content\pair_02_direction_2_candidate_14.png,results\cue_conflicts\review_thumbnails\style\pair_02_direction_2_candidate_14.png,results\cue_conflicts\review_thumbnails\stylized\pair_02_direction_2_candidate_14.png,True,89,4,deer,0.86407274,shape,1,bird,0.5011623,other,6,horse,0.1655169,other,4,deer,0.5138204,shape
pair_02_direction_2_candidate_15,2,2,deer,4,6288,car,2,7425,0.8,results\cue_conflicts\candidates\pair_02_direction_2_candidate_15.png,pending,,results\cue_conflicts\review_thumbnails\content\pair_02_direction_2_candidate_15.png,results\cue_conflicts\review_thumbnails\style\pair_02_direction_2_candidate_15.png,results\cue_conflicts\review_thumbnails\stylized\pair_02_direction_2_candidate_15.png,True,90,6,horse,0.62160265,other,4,deer,0.93646455,shape,3,cat,0.16473314,other,4,deer,0.22268753,shape
pair_02_direction_2_candidate_17,2,2,deer,4,7610,car,2,5218,0.8,results\cue_conflicts\candidates\pair_02_direction_2_candidate_17.png,pending,,results\cue_conflicts\review_thumbnails\content\pair_02_direction_2_candidate_17.png,results\cue_conflicts\review_thumbnails\style\pair_02_direction_2_candidate_17.png,results\cue_conflicts\review_thumbnails\stylized\pair_02_direction_2_candidate_17.png,True,91,1,bird,0.93342215,other,1,bird,0.6215441,other,1,bird,0.35077608,other,1,bird,0.93658096,other
pair_02_direction_2_candidate_18,2,2,deer,4,3763,car,2,5183,0.8,results\cue_conflicts\candidates\pair_02_direction_2_candidate_18.png,pending,,results\cue_conflicts\review_thumbnails\content\pair_02_direction_2_candidate_18.png,results\cue_conflicts\review_thumbnails\style\pair_02_direction_2_candidate_18.png,results\cue_conflicts\review_thumbnails\stylized\pair_02_direction_2_candidate_18.png,True,92,1,bird,0.4244765,other,0,airplane,0.54626113,other,4,deer,0.2152254,shape,4,deer,0.8756592,shape
pair_02_direction_2_candidate_21,2,2,deer,4,7692,car,2,5030,0.8,results\cue_conflicts\candidates\pair_02_direction_2_candidate_21.png,pending,,results\cue_conflicts\review_thumbnails\content\pair_02_direction_2_candidate_21.png,results\cue_conflicts\review_thumbnails\style\pair_02_direction_2_candidate_21.png,results\cue_conflicts\review_thumbnails\stylized\pair_02_direction_2_candidate_21.png,True,93,1,bird,0.9846772,other,0,airplane,0.68142694,other,6,horse,0.13306618,other,9,truck,0.23571755,other
pair_02_direction_2_candidate_22,2,2,deer,4,6033,car,2,5318,0.8,results\cue_conflicts\candidates\pair_02_direction_2_candidate_22.png,pending,,results\cue_conflicts\review_thumbnails\content\pair_02_direction_2_candidate_22.png,results\cue_conflicts\review_thumbnails\style\pair_02_direction_2_candidate_22.png,results\cue_conflicts\review_thumbnails\stylized\pair_02_direction_2_candidate_22.png,True,94,4,deer,0.9098691,shape,4,deer,0.30595344,shape,4,deer,0.19789673,shape,4,deer,0.861632,shape
pair_02_direction_2_candidate_23,2,2,deer,4,6528,car,2,2082,0.8,results\cue_conflicts\candidates\pair_02_direction_2_candidate_23.png,pending,,results\cue_conflicts\review_thumbnails\content\pair_02_direction_2_candidate_23.png,results\cue_conflicts\review_thumbnails\style\pair_02_direction_2_candidate_23.png,results\cue_conflicts\review_thumbnails\stylized\pair_02_direction_2_candidate_23.png,True,95,6,horse,0.867965,other,4,deer,0.9925593,shape,4,deer,0.23373415,shape,4,deer,0.9607519,shape
pair_02_direction_2_candidate_24,2,2,deer,4,1429,car,2,6616,0.8,results\cue_conflicts\candidates\pair_02_direction_2_candidate_24.png,pending,,results\cue_conflicts\review_thumbnails\content\pair_02_direction_2_candidate_24.png,results\cue_conflicts\review_thumbnails\style\pair_02_direction_2_candidate_24.png,results\cue_conflicts\review_thumbnails\stylized\pair_02_direction_2_candidate_24.png,True,96,1,bird,0.2882923,other,7,monkey,0.2623096,other,4,deer,0.24842563,shape,4,deer,0.94344616,shape
pair_02_direction_2_candidate_26,2,2,deer,4,5213,car,2,49,0.8,results\cue_conflicts\candidates\pair_02_direction_2_candidate_26.png,pending,,results\cue_conflicts\review_thumbnails\content\pair_02_direction_2_candidate_26.png,results\cue_conflicts\review_thumbnails\style\pair_02_direction_2_candidate_26.png,results\cue_conflicts\review_thumbnails\stylized\pair_02_direction_2_candidate_26.png,True,97,4,deer,0.84272546,shape,4,deer,0.9372244,shape,4,deer,0.2340508,shape,4,deer,0.85109943,shape
pair_02_direction_2_candidate_27,2,2,deer,4,3994,car,2,981,0.8,results\cue_conflicts\candidates\pair_02_direction_2_candidate_27.png,pending,,results\cue_conflicts\review_thumbnails\content\pair_02_direction_2_candidate_27.png,results\cue_conflicts\review_thumbnails\style\pair_02_direction_2_candidate_27.png,results\cue_conflicts\review_thumbnails\stylized\pair_02_direction_2_candidate_27.png,True,98,6,horse,0.41380084,other,4,deer,0.6415687,shape,9,truck,0.15002099,other,7,monkey,0.17244305,other
pair_02_direction_2_candidate_29,2,2,deer,4,4642,car,2,6692,0.8,results\cue_conflicts\candidates\pair_02_direction_2_candidate_29.png,pending,,results\cue_conflicts\review_thumbnails\content\pair_02_direction_2_candidate_29.png,results\cue_conflicts\review_thumbnails\style\pair_02_direction_2_candidate_29.png,results\cue_conflicts\review_thumbnails\stylized\pair_02_direction_2_candidate_29.png,True,99,4,deer,0.5486405,shape,4,deer,0.9160309,shape,3,cat,0.12000378,other,4,deer,0.33597317,shape
pair_05_direction_2_candidate_01,5,2,dog,5,2623,bird,1,2095,0.8,results\cue_conflicts\candidates\pair_05_direction_2_candidate_01.png,pending,,results\cue_conflicts\review_thumbnails\content\pair_05_direction_2_candidate_01.png,results\cue_conflicts\review_thumbnails\style\pair_05_direction_2_candidate_01.png,results\cue_conflicts\review_thumbnails\stylized\pair_05_direction_2_candidate_01.png,True,100,4,deer,0.95691013,other,4,deer,0.9560903,other,4,deer,0.32775068,other,4,deer,0.9192307,other
pair_05_direction_2_candidate_03,5,2,dog,5,5924,bird,1,3491,0.8,results\cue_conflicts\candidates\pair_05_direction_2_candidate_03.png,pending,,results\cue_conflicts\review_thumbnails\content\pair_05_direction_2_candidate_03.png,results\cue_conflicts\review_thumbnails\style\pair_05_direction_2_candidate_03.png,results\cue_conflicts\review_thumbnails\stylized\pair_05_direction_2_candidate_03.png,True,101,5,dog,0.8419474,shape,5,dog,0.73267496,shape,7,monkey,0.36224633,other,7,monkey,0.8503179,other
pair_05_direction_2_candidate_05,5,2,dog,5,2268,bird,1,261,0.8,results\cue_conflicts\candidates\pair_05_direction_2_candidate_05.png,pending,,results\cue_conflicts\review_thumbnails\content\pair_05_direction_2_candidate_05.png,results\cue_conflicts\review_thumbnails\style\pair_05_direction_2_candidate_05.png,results\cue_conflicts\review_thumbnails\stylized\pair_05_direction_2_candidate_05.png,True,102,5,dog,0.9535244,shape,5,dog,0.9835775,shape,5,dog,0.5248459,shape,5,dog,0.9443367,shape
pair_05_direction_2_candidate_06,5,2,dog,5,1095,bird,1,3413,0.8,results\cue_conflicts\candidates\pair_05_direction_2_candidate_06.png,pending,,results\cue_conflicts\review_thumbnails\content\pair_05_direction_2_candidate_06.png,results\cue_conflicts\review_thumbnails\style\pair_05_direction_2_candidate_06.png,results\cue_conflicts\review_thumbnails\stylized\pair_05_direction_2_candidate_06.png,True,103,5,dog,0.96016353,shape,5,dog,0.9735242,shape,5,dog,0.42570361,shape,5,dog,0.9022039,shape
pair_05_direction_2_candidate_08,5,2,dog,5,4953,bird,1,304,0.8,results\cue_conflicts\candidates\pair_05_direction_2_candidate_08.png,pending,,results\cue_conflicts\review_thumbnails\content\pair_05_direction_2_candidate_08.png,results\cue_conflicts\review_thumbnails\style\pair_05_direction_2_candidate_08.png,results\cue_conflicts\review_thumbnails\stylized\pair_05_direction_2_candidate_08.png,True,104,5,dog,0.6308761,shape,1,bird,0.37746665,texture,5,dog,0.21790849,shape,5,dog,0.42002636,shape
pair_05_direction_2_candidate_09,5,2,dog,5,5101,bird,1,4298,0.8,results\cue_conflicts\candidates\pair_05_direction_2_candidate_09.png,pending,,results\cue_conflicts\review_thumbnails\content\pair_05_direction_2_candidate_09.png,results\cue_conflicts\review_thumbnails\style\pair_05_direction_2_candidate_09.png,results\cue_conflicts\review_thumbnails\stylized\pair_05_direction_2_candidate_09.png,True,105,5,dog,0.56537014,shape,5,dog,0.4052033,shape,5,dog,0.5597438,shape,5,dog,0.9728606,shape
pair_05_direction_2_candidate_10,5,2,dog,5,3889,bird,1,2116,0.8,results\cue_conflicts\candidates\pair_05_direction_2_candidate_10.png,pending,,results\cue_conflicts\review_thumbnails\content\pair_05_direction_2_candidate_10.png,results\cue_conflicts\review_thumbnails\style\pair_05_direction_2_candidate_10.png,results\cue_conflicts\review_thumbnails\stylized\pair_05_direction_2_candidate_10.png,True,106,1,bird,0.495145,texture,5,dog,0.6178779,shape,5,dog,0.34144038,shape,7,monkey,0.8983876,other
pair_05_direction_2_candidate_11,5,2,dog,5,319,bird,1,5488,0.8,results\cue_conflicts\candidates\pair_05_direction_2_candidate_11.png,pending,,results\cue_conflicts\review_thumbnails\content\pair_05_direction_2_candidate_11.png,results\cue_conflicts\review_thumbnails\style\pair_05_direction_2_candidate_11.png,results\cue_conflicts\review_thumbnails\stylized\pair_05_direction_2_candidate_11.png,True,107,5,dog,0.932761,shape,5,dog,0.5231,shape,5,dog,0.27438834,shape,5,dog,0.6786384,shape
pair_05_direction_2_candidate_12,5,2,dog,5,6716,bird,1,7955,0.8,results\cue_conflicts\candidates\pair_05_direction_2_candidate_12.png,pending,,results\cue_conflicts\review_thumbnails\content\pair_05_direction_2_candidate_12.png,results\cue_conflicts\review_thumbnails\style\pair_05_direction_2_candidate_12.png,results\cue_conflicts\review_thumbnails\stylized\pair_05_direction_2_candidate_12.png,True,108,1,bird,0.6515525,texture,1,bird,0.4269549,texture,5,dog,0.31871456,shape,5,dog,0.69791806,shape
pair_05_direction_2_candidate_13,5,2,dog,5,2950,bird,1,2690,0.8,results\cue_conflicts\candidates\pair_05_direction_2_candidate_13.png,pending,,results\cue_conflicts\review_thumbnails\content\pair_05_direction_2_candidate_13.png,results\cue_conflicts\review_thumbnails\style\pair_05_direction_2_candidate_13.png,results\cue_conflicts\review_thumbnails\stylized\pair_05_direction_2_candidate_13.png,True,109,4,deer,0.3944148,other,5,dog,0.9455773,shape,5,dog,0.42261353,shape,5,dog,0.87883055,shape
pair_05_direction_2_candidate_15,5,2,dog,5,4547,bird,1,7390,0.8,results\cue_conflicts\candidates\pair_05_direction_2_candidate_15.png,pending,,results\cue_conflicts\review_thumbnails\content\pair_05_direction_2_candidate_15.png,results\cue_conflicts\review_thumbnails\style\pair_05_direction_2_candidate_15.png,results\cue_conflicts\review_thumbnails\stylized\pair_05_direction_2_candidate_15.png,True,110,3,cat,0.5929315,other,5,dog,0.50190896,shape,3,cat,0.1691074,other,1,bird,0.22888233,texture
pair_05_direction_2_candidate_16,5,2,dog,5,5381,bird,1,6594,0.8,results\cue_conflicts\candidates\pair_05_direction_2_candidate_16.png,pending,,results\cue_conflicts\review_thumbnails\content\pair_05_direction_2_candidate_16.png,results\cue_conflicts\review_thumbnails\style\pair_05_direction_2_candidate_16.png,results\cue_conflicts\review_thumbnails\stylized\pair_05_direction_2_candidate_16.png,True,111,1,bird,0.4256618,texture,0,airplane,0.2690379,other,5,dog,0.2708528,shape,5,dog,0.67903525,shape
pair_05_direction_2_candidate_17,5,2,dog,5,2391,bird,1,1986,0.8,results\cue_conflicts\candidates\pair_05_direction_2_candidate_17.png,pending,,results\cue_conflicts\review_thumbnails\content\pair_05_direction_2_candidate_17.png,results\cue_conflicts\review_thumbnails\style\pair_05_direction_2_candidate_17.png,results\cue_conflicts\review_thumbnails\stylized\pair_05_direction_2_candidate_17.png,True,112,1,bird,0.84251785,texture,1,bird,0.6998543,texture,5,dog,0.15266642,shape,5,dog,0.30599114,shape
pair_05_direction_2_candidate_18,5,2,dog,5,3863,bird,1,7029,0.8,results\cue_conflicts\candidates\pair_05_direction_2_candidate_18.png,pending,,results\cue_conflicts\review_thumbnails\content\pair_05_direction_2_candidate_18.png,results\cue_conflicts\review_thumbnails\style\pair_05_direction_2_candidate_18.png,results\cue_conflicts\review_thumbnails\stylized\pair_05_direction_2_candidate_18.png,True,113,5,dog,0.88877773,shape,5,dog,0.9285957,shape,5,dog,0.41273248,shape,5,dog,0.8084877,shape
pair_05_direction_2_candidate_21,5,2,dog,5,7413,bird,1,6836,0.8,results\cue_conflicts\candidates\pair_05_direction_2_candidate_21.png,pending,,results\cue_conflicts\review_thumbnails\content\pair_05_direction_2_candidate_21.png,results\cue_conflicts\review_thumbnails\style\pair_05_direction_2_candidate_21.png,results\cue_conflicts\review_thumbnails\stylized\pair_05_direction_2_candidate_21.png,True,114,5,dog,0.5768376,shape,5,dog,0.876985,shape,5,dog,0.22258009,shape,4,deer,0.44570905,other
pair_05_direction_2_candidate_24,5,2,dog,5,7130,bird,1,5123,0.8,results\cue_conflicts\candidates\pair_05_direction_2_candidate_24.png,pending,,results\cue_conflicts\review_thumbnails\content\pair_05_direction_2_candidate_24.png,results\cue_conflicts\review_thumbnails\style\pair_05_direction_2_candidate_24.png,results\cue_conflicts\review_thumbnails\stylized\pair_05_direction_2_candidate_24.png,True,115,5,dog,0.8915716,shape,7,monkey,0.66452837,other,7,monkey,0.22535376,other,7,monkey,0.53862435,other
pair_05_direction_2_candidate_25,5,2,dog,5,2265,bird,1,5220,0.8,results\cue_conflicts\candidates\pair_05_direction_2_candidate_25.png,pending,,results\cue_conflicts\review_thumbnails\content\pair_05_direction_2_candidate_25.png,results\cue_conflicts\review_thumbnails\style\pair_05_direction_2_candidate_25.png,results\cue_conflicts\review_thumbnails\stylized\pair_05_direction_2_candidate_25.png,True,116,1,bird,0.46109554,texture,5,dog,0.8830879,shape,5,dog,0.5426259,shape,5,dog,0.7499189,shape
pair_05_direction_2_candidate_27,5,2,dog,5,6358,bird,1,2178,0.8,results\cue_conflicts\candidates\pair_05_direction_2_candidate_27.png,pending,,results\cue_conflicts\review_thumbnails\content\pair_05_direction_2_candidate_27.png,results\cue_conflicts\review_thumbnails\style\pair_05_direction_2_candidate_27.png,results\cue_conflicts\review_thumbnails\stylized\pair_05_direction_2_candidate_27.png,True,117,5,dog,0.87155336,shape,5,dog,0.9354907,shape,5,dog,0.17705227,shape,5,dog,0.5142746,shape
pair_05_direction_2_candidate_28,5,2,dog,5,7706,bird,1,1568,0.8,results\cue_conflicts\candidates\pair_05_direction_2_candidate_28.png,pending,,results\cue_conflicts\review_thumbnails\content\pair_05_direction_2_candidate_28.png,results\cue_conflicts\review_thumbnails\style\pair_05_direction_2_candidate_28.png,results\cue_conflicts\review_thumbnails\stylized\pair_05_direction_2_candidate_28.png,True,118,3,cat,0.5184132,other,5,dog,0.9798376,shape,3,cat,0.22183174,other,5,dog,0.61008114,shape
pair_05_direction_2_candidate_30,5,2,dog,5,2807,bird,1,116,0.8,results\cue_conflicts\candidates\pair_05_direction_2_candidate_30.png,pending,,results\cue_conflicts\review_thumbnails\content\pair_05_direction_2_candidate_30.png,results\cue_conflicts\review_thumbnails\style\pair_05_direction_2_candidate_30.png,results\cue_conflicts\review_thumbnails\stylized\pair_05_direction_2_candidate_30.png,True,119,1,bird,0.99963427,texture,1,bird,0.56680816,texture,3,cat,0.20708957,other,1,bird,0.6531708,texture
pair_04_direction_2_candidate_01,4,2,horse,6,1667,truck,9,5508,0.8,results\cue_conflicts\candidates\pair_04_direction_2_candidate_01.png,pending,,results\cue_conflicts\review_thumbnails\content\pair_04_direction_2_candidate_01.png,results\cue_conflicts\review_thumbnails\style\pair_04_direction_2_candidate_01.png,results\cue_conflicts\review_thumbnails\stylized\pair_04_direction_2_candidate_01.png,True,120,8,ship,0.8024878,other,0,airplane,0.70303804,other,9,truck,0.14954114,texture,8,ship,0.3082496,other
pair_04_direction_2_candidate_04,4,2,horse,6,964,truck,9,5301,0.8,results\cue_conflicts\candidates\pair_04_direction_2_candidate_04.png,pending,,results\cue_conflicts\review_thumbnails\content\pair_04_direction_2_candidate_04.png,results\cue_conflicts\review_thumbnails\style\pair_04_direction_2_candidate_04.png,results\cue_conflicts\review_thumbnails\stylized\pair_04_direction_2_candidate_04.png,True,121,6,horse,0.9303129,shape,6,horse,0.33685428,shape,6,horse,0.45642135,shape,6,horse,0.9758453,shape
pair_04_direction_2_candidate_06,4,2,horse,6,4011,truck,9,3318,0.8,results\cue_conflicts\candidates\pair_04_direction_2_candidate_06.png,pending,,results\cue_conflicts\review_thumbnails\content\pair_04_direction_2_candidate_06.png,results\cue_conflicts\review_thumbnails\style\pair_04_direction_2_candidate_06.png,results\cue_conflicts\review_thumbnails\stylized\pair_04_direction_2_candidate_06.png,True,122,6,horse,0.8761235,shape,6,horse,0.99024886,shape,6,horse,0.657483,shape,6,horse,0.9876346,shape
pair_04_direction_2_candidate_08,4,2,horse,6,3962,truck,9,6931,0.8,results\cue_conflicts\candidates\pair_04_direction_2_candidate_08.png,pending,,results\cue_conflicts\review_thumbnails\content\pair_04_direction_2_candidate_08.png,results\cue_conflicts\review_thumbnails\style\pair_04_direction_2_candidate_08.png,results\cue_conflicts\review_thumbnails\stylized\pair_04_direction_2_candidate_08.png,True,123,1,bird,0.9747756,other,5,dog,0.6928228,other,3,cat,0.17029783,other,6,horse,0.33546346,shape
pair_04_direction_2_candidate_09,4,2,horse,6,7726,truck,9,5915,0.8,results\cue_conflicts\candidates\pair_04_direction_2_candidate_09.png,pending,,results\cue_conflicts\review_thumbnails\content\pair_04_direction_2_candidate_09.png,results\cue_conflicts\review_thumbnails\style\pair_04_direction_2_candidate_09.png,results\cue_conflicts\review_thumbnails\stylized\pair_04_direction_2_candidate_09.png,True,124,6,horse,0.9836991,shape,6,horse,0.78618085,shape,6,horse,0.40127844,shape,6,horse,0.92667925,shape
pair_04_direction_2_candidate_11,4,2,horse,6,4754,truck,9,5851,0.8,results\cue_conflicts\candidates\pair_04_direction_2_candidate_11.png,pending,,results\cue_conflicts\review_thumbnails\content\pair_04_direction_2_candidate_11.png,results\cue_conflicts\review_thumbnails\style\pair_04_direction_2_candidate_11.png,results\cue_conflicts\review_thumbnails\stylized\pair_04_direction_2_candidate_11.png,True,125,6,horse,0.8256104,shape,6,horse,0.67047083,shape,6,horse,0.22058748,shape,6,horse,0.67884105,shape
pair_04_direction_2_candidate_12,4,2,horse,6,2003,truck,9,4723,0.8,results\cue_conflicts\candidates\pair_04_direction_2_candidate_12.png,pending,,results\cue_conflicts\review_thumbnails\content\pair_04_direction_2_candidate_12.png,results\cue_conflicts\review_thumbnails\style\pair_04_direction_2_candidate_12.png,results\cue_conflicts\review_thumbnails\stylized\pair_04_direction_2_candidate_12.png,True,126,1,bird,0.46716136,other,6,horse,0.9036282,shape,6,horse,0.60400414,shape,6,horse,0.98519903,shape
pair_04_direction_2_candidate_13,4,2,horse,6,977,truck,9,2114,0.8,results\cue_conflicts\candidates\pair_04_direction_2_candidate_13.png,pending,,results\cue_conflicts\review_thumbnails\content\pair_04_direction_2_candidate_13.png,results\cue_conflicts\review_thumbnails\style\pair_04_direction_2_candidate_13.png,results\cue_conflicts\review_thumbnails\stylized\pair_04_direction_2_candidate_13.png,True,127,8,ship,0.602677,other,6,horse,0.918791,shape,6,horse,0.4973225,shape,6,horse,0.98728395,shape
pair_04_direction_2_candidate_14,4,2,horse,6,4411,truck,9,852,0.8,results\cue_conflicts\candidates\pair_04_direction_2_candidate_14.png,pending,,results\cue_conflicts\review_thumbnails\content\pair_04_direction_2_candidate_14.png,results\cue_conflicts\review_thumbnails\style\pair_04_direction_2_candidate_14.png,results\cue_conflicts\review_thumbnails\stylized\pair_04_direction_2_candidate_14.png,True,128,9,truck,0.38514435,texture,6,horse,0.53393024,shape,5,dog,0.22697935,other,6,horse,0.4590374,shape
pair_04_direction_2_candidate_16,4,2,horse,6,929,truck,9,131,0.8,results\cue_conflicts\candidates\pair_04_direction_2_candidate_16.png,pending,,results\cue_conflicts\review_thumbnails\content\pair_04_direction_2_candidate_16.png,results\cue_conflicts\review_thumbnails\style\pair_04_direction_2_candidate_16.png,results\cue_conflicts\review_thumbnails\stylized\pair_04_direction_2_candidate_16.png,True,129,5,dog,0.50161225,other,6,horse,0.6461845,shape,5,dog,0.23372833,other,6,horse,0.42910948,shape
pair_04_direction_2_candidate_18,4,2,horse,6,5729,truck,9,5452,0.8,results\cue_conflicts\candidates\pair_04_direction_2_candidate_18.png,pending,,results\cue_conflicts\review_thumbnails\content\pair_04_direction_2_candidate_18.png,results\cue_conflicts\review_thumbnails\style\pair_04_direction_2_candidate_18.png,results\cue_conflicts\review_thumbnails\stylized\pair_04_direction_2_candidate_18.png,True,130,6,horse,0.8978253,shape,0,airplane,0.63756365,other,6,horse,0.16805342,shape,6,horse,0.63595706,shape
pair_04_direction_2_candidate_21,4,2,horse,6,3779,truck,9,2062,0.8,results\cue_conflicts\candidates\pair_04_direction_2_candidate_21.png,pending,,results\cue_conflicts\review_thumbnails\content\pair_04_direction_2_candidate_21.png,results\cue_conflicts\review_thumbnails\style\pair_04_direction_2_candidate_21.png,results\cue_conflicts\review_thumbnails\stylized\pair_04_direction_2_candidate_21.png,True,131,9,truck,0.6787271,texture,8,ship,0.59011215,other,6,horse,0.37242132,shape,6,horse,0.9736669,shape
pair_04_direction_2_candidate_22,4,2,horse,6,5857,truck,9,7266,0.8,results\cue_conflicts\candidates\pair_04_direction_2_candidate_22.png,pending,,results\cue_conflicts\review_thumbnails\content\pair_04_direction_2_candidate_22.png,results\cue_conflicts\review_thumbnails\style\pair_04_direction_2_candidate_22.png,results\cue_conflicts\review_thumbnails\stylized\pair_04_direction_2_candidate_22.png,True,132,6,horse,0.90285885,shape,6,horse,0.44014993,shape,6,horse,0.50677913,shape,6,horse,0.96714973,shape
pair_04_direction_2_candidate_24,4,2,horse,6,4746,truck,9,5788,0.8,results\cue_conflicts\candidates\pair_04_direction_2_candidate_24.png,pending,,results\cue_conflicts\review_thumbnails\content\pair_04_direction_2_candidate_24.png,results\cue_conflicts\review_thumbnails\style\pair_04_direction_2_candidate_24.png,results\cue_conflicts\review_thumbnails\stylized\pair_04_direction_2_candidate_24.png,True,133,9,truck,0.85872763,texture,2,car,0.34578452,other,6,horse,0.15455712,shape,6,horse,0.5439631,shape
pair_04_direction_2_candidate_25,4,2,horse,6,3292,truck,9,5360,0.8,results\cue_conflicts\candidates\pair_04_direction_2_candidate_25.png,pending,,results\cue_conflicts\review_thumbnails\content\pair_04_direction_2_candidate_25.png,results\cue_conflicts\review_thumbnails\style\pair_04_direction_2_candidate_25.png,results\cue_conflicts\review_thumbnails\stylized\pair_04_direction_2_candidate_25.png,True,134,6,horse,0.43848875,shape,6,horse,0.53843445,shape,6,horse,0.17103948,shape,6,horse,0.4300743,shape
pair_04_direction_2_candidate_26,4,2,horse,6,2958,truck,9,303,0.8,results\cue_conflicts\candidates\pair_04_direction_2_candidate_26.png,pending,,results\cue_conflicts\review_thumbnails\content\pair_04_direction_2_candidate_26.png,results\cue_conflicts\review_thumbnails\style\pair_04_direction_2_candidate_26.png,results\cue_conflicts\review_thumbnails\stylized\pair_04_direction_2_candidate_26.png,True,135,6,horse,0.9808704,shape,6,horse,0.99783677,shape,6,horse,0.66768104,shape,6,horse,0.9962006,shape
pair_04_direction_2_candidate_27,4,2,horse,6,7781,truck,9,1468,0.8,results\cue_conflicts\candidates\pair_04_direction_2_candidate_27.png,pending,,results\cue_conflicts\review_thumbnails\content\pair_04_direction_2_candidate_27.png,results\cue_conflicts\review_thumbnails\style\pair_04_direction_2_candidate_27.png,results\cue_conflicts\review_thumbnails\stylized\pair_04_direction_2_candidate_27.png,True,136,1,bird,0.7086855,other,6,horse,0.69715,shape,6,horse,0.581444,shape,6,horse,0.9946772,shape
pair_04_direction_2_candidate_28,4,2,horse,6,4254,truck,9,2167,0.8,results\cue_conflicts\candidates\pair_04_direction_2_candidate_28.png,pending,,results\cue_conflicts\review_thumbnails\content\pair_04_direction_2_candidate_28.png,results\cue_conflicts\review_thumbnails\style\pair_04_direction_2_candidate_28.png,results\cue_conflicts\review_thumbnails\stylized\pair_04_direction_2_candidate_28.png,True,137,6,horse,0.97003025,shape,6,horse,0.61569476,shape,6,horse,0.5789462,shape,6,horse,0.99719125,shape
pair_04_direction_2_candidate_29,4,2,horse,6,873,truck,9,5590,0.8,results\cue_conflicts\candidates\pair_04_direction_2_candidate_29.png,pending,,results\cue_conflicts\review_thumbnails\content\pair_04_direction_2_candidate_29.png,results\cue_conflicts\review_thumbnails\style\pair_04_direction_2_candidate_29.png,results\cue_conflicts\review_thumbnails\stylized\pair_04_direction_2_candidate_29.png,True,138,6,horse,0.5580738,shape,6,horse,0.96303856,shape,4,deer,0.26359856,other,4,deer,0.53946877,other
pair_04_direction_2_candidate_30,4,2,horse,6,4827,truck,9,805,0.8,results\cue_conflicts\candidates\pair_04_direction_2_candidate_30.png,pending,,results\cue_conflicts\review_thumbnails\content\pair_04_direction_2_candidate_30.png,results\cue_conflicts\review_thumbnails\style\pair_04_direction_2_candidate_30.png,results\cue_conflicts\review_thumbnails\stylized\pair_04_direction_2_candidate_30.png,True,139,6,horse,0.5300612,shape,6,horse,0.6047862,shape,6,horse,0.4924116,shape,6,horse,0.9742802,shape
pair_01_direction_2_candidate_01,1,2,monkey,7,4403,airplane,0,3965,0.8,results\cue_conflicts\candidates\pair_01_direction_2_candidate_01.png,pending,,results\cue_conflicts\review_thumbnails\content\pair_01_direction_2_candidate_01.png,results\cue_conflicts\review_thumbnails\style\pair_01_direction_2_candidate_01.png,results\cue_conflicts\review_thumbnails\stylized\pair_01_direction_2_candidate_01.png,True,140,8,ship,0.6617597,other,0,airplane,0.33538693,texture,1,bird,0.13642472,other,1,bird,0.5153172,other
pair_01_direction_2_candidate_02,1,2,monkey,7,4704,airplane,0,7465,0.8,results\cue_conflicts\candidates\pair_01_direction_2_candidate_02.png,pending,,results\cue_conflicts\review_thumbnails\content\pair_01_direction_2_candidate_02.png,results\cue_conflicts\review_thumbnails\style\pair_01_direction_2_candidate_02.png,results\cue_conflicts\review_thumbnails\stylized\pair_01_direction_2_candidate_02.png,True,141,0,airplane,0.4354023,texture,0,airplane,0.65646017,texture,1,bird,0.27298304,other,1,bird,0.93694425,other
pair_01_direction_2_candidate_04,1,2,monkey,7,3288,airplane,0,484,0.8,results\cue_conflicts\candidates\pair_01_direction_2_candidate_04.png,pending,,results\cue_conflicts\review_thumbnails\content\pair_01_direction_2_candidate_04.png,results\cue_conflicts\review_thumbnails\style\pair_01_direction_2_candidate_04.png,results\cue_conflicts\review_thumbnails\stylized\pair_01_direction_2_candidate_04.png,True,142,8,ship,0.8930153,other,7,monkey,0.9615083,shape,3,cat,0.27650717,other,3,cat,0.6343353,other
pair_01_direction_2_candidate_05,1,2,monkey,7,5848,airplane,0,5478,0.8,results\cue_conflicts\candidates\pair_01_direction_2_candidate_05.png,pending,,results\cue_conflicts\review_thumbnails\content\pair_01_direction_2_candidate_05.png,results\cue_conflicts\review_thumbnails\style\pair_01_direction_2_candidate_05.png,results\cue_conflicts\review_thumbnails\stylized\pair_01_direction_2_candidate_05.png,True,143,8,ship,0.4761746,other,7,monkey,0.8386794,shape,9,truck,0.12613243,other,7,monkey,0.18554634,shape
pair_01_direction_2_candidate_06,1,2,monkey,7,5436,airplane,0,3347,0.8,results\cue_conflicts\candidates\pair_01_direction_2_candidate_06.png,pending,,results\cue_conflicts\review_thumbnails\content\pair_01_direction_2_candidate_06.png,results\cue_conflicts\review_thumbnails\style\pair_01_direction_2_candidate_06.png,results\cue_conflicts\review_thumbnails\stylized\pair_01_direction_2_candidate_06.png,True,144,1,bird,0.8867272,other,7,monkey,0.99926656,shape,1,bird,0.22963908,other,1,bird,0.72217137,other
pair_01_direction_2_candidate_07,1,2,monkey,7,3867,airplane,0,7373,0.8,results\cue_conflicts\candidates\pair_01_direction_2_candidate_07.png,pending,,results\cue_conflicts\review_thumbnails\content\pair_01_direction_2_candidate_07.png,results\cue_conflicts\review_thumbnails\style\pair_01_direction_2_candidate_07.png,results\cue_conflicts\review_thumbnails\stylized\pair_01_direction_2_candidate_07.png,True,145,8,ship,0.5672043,other,0,airplane,0.9726049,texture,3,cat,0.13411765,other,1,bird,0.26675045,other
pair_01_direction_2_candidate_08,1,2,monkey,7,269,airplane,0,7320,0.8,results\cue_conflicts\candidates\pair_01_direction_2_candidate_08.png,pending,,results\cue_conflicts\review_thumbnails\content\pair_01_direction_2_candidate_08.png,results\cue_conflicts\review_thumbnails\style\pair_01_direction_2_candidate_08.png,results\cue_conflicts\review_thumbnails\stylized\pair_01_direction_2_candidate_08.png,True,146,4,deer,0.47623625,other,1,bird,0.756359,other,7,monkey,0.18120965,shape,7,monkey,0.6206159,shape
pair_01_direction_2_candidate_10,1,2,monkey,7,2854,airplane,0,1389,0.8,results\cue_conflicts\candidates\pair_01_direction_2_candidate_10.png,pending,,results\cue_conflicts\review_thumbnails\content\pair_01_direction_2_candidate_10.png,results\cue_conflicts\review_thumbnails\style\pair_01_direction_2_candidate_10.png,results\cue_conflicts\review_thumbnails\stylized\pair_01_direction_2_candidate_10.png,True,147,1,bird,0.9456426,other,0,airplane,0.6462025,texture,1,bird,0.14972274,other,1,bird,0.41083452,other
pair_01_direction_2_candidate_11,1,2,monkey,7,3467,airplane,0,3,0.8,results\cue_conflicts\candidates\pair_01_direction_2_candidate_11.png,pending,,results\cue_conflicts\review_thumbnails\content\pair_01_direction_2_candidate_11.png,results\cue_conflicts\review_thumbnails\style\pair_01_direction_2_candidate_11.png,results\cue_conflicts\review_thumbnails\stylized\pair_01_direction_2_candidate_11.png,True,148,8,ship,0.5084337,other,0,airplane,0.7818502,texture,3,cat,0.18016061,other,7,monkey,0.5678332,shape
pair_01_direction_2_candidate_12,1,2,monkey,7,7835,airplane,0,5918,0.8,results\cue_conflicts\candidates\pair_01_direction_2_candidate_12.png,pending,,results\cue_conflicts\review_thumbnails\content\pair_01_direction_2_candidate_12.png,results\cue_conflicts\review_thumbnails\style\pair_01_direction_2_candidate_12.png,results\cue_conflicts\review_thumbnails\stylized\pair_01_direction_2_candidate_12.png,True,149,1,bird,0.5419651,other,7,monkey,0.5792998,shape,1,bird,0.23288238,other,1,bird,0.86222297,other
pair_01_direction_2_candidate_13,1,2,monkey,7,6726,airplane,0,7009,0.8,results\cue_conflicts\candidates\pair_01_direction_2_candidate_13.png,pending,,results\cue_conflicts\review_thumbnails\content\pair_01_direction_2_candidate_13.png,results\cue_conflicts\review_thumbnails\style\pair_01_direction_2_candidate_13.png,results\cue_conflicts\review_thumbnails\stylized\pair_01_direction_2_candidate_13.png,True,150,8,ship,0.48393664,other,9,truck,0.44744182,other,9,truck,0.14144501,other,1,bird,0.29771098,other
pair_01_direction_2_candidate_14,1,2,monkey,7,1048,airplane,0,6844,0.8,results\cue_conflicts\candidates\pair_01_direction_2_candidate_14.png,pending,,results\cue_conflicts\review_thumbnails\content\pair_01_direction_2_candidate_14.png,results\cue_conflicts\review_thumbnails\style\pair_01_direction_2_candidate_14.png,results\cue_conflicts\review_thumbnails\stylized\pair_01_direction_2_candidate_14.png,True,151,1,bird,0.9489067,other,1,bird,0.72237587,other,1,bird,0.1346759,other,1,bird,0.32497382,other
pair_01_direction_2_candidate_15,1,2,monkey,7,323,airplane,0,1596,0.8,results\cue_conflicts\candidates\pair_01_direction_2_candidate_15.png,pending,,results\cue_conflicts\review_thumbnails\content\pair_01_direction_2_candidate_15.png,results\cue_conflicts\review_thumbnails\style\pair_01_direction_2_candidate_15.png,results\cue_conflicts\review_thumbnails\stylized\pair_01_direction_2_candidate_15.png,True,152,4,deer,0.8211674,other,3,cat,0.568799,other,6,horse,0.13019454,other,6,horse,0.45032957,other
pair_01_direction_2_candidate_18,1,2,monkey,7,3542,airplane,0,4893,0.8,results\cue_conflicts\candidates\pair_01_direction_2_candidate_18.png,pending,,results\cue_conflicts\review_thumbnails\content\pair_01_direction_2_candidate_18.png,results\cue_conflicts\review_thumbnails\style\pair_01_direction_2_candidate_18.png,results\cue_conflicts\review_thumbnails\stylized\pair_01_direction_2_candidate_18.png,True,153,1,bird,0.7916313,other,7,monkey,0.9193766,shape,7,monkey,0.2629518,shape,7,monkey,0.8169305,shape
pair_01_direction_2_candidate_19,1,2,monkey,7,370,airplane,0,5999,0.8,results\cue_conflicts\candidates\pair_01_direction_2_candidate_19.png,pending,,results\cue_conflicts\review_thumbnails\content\pair_01_direction_2_candidate_19.png,results\cue_conflicts\review_thumbnails\style\pair_01_direction_2_candidate_19.png,results\cue_conflicts\review_thumbnails\stylized\pair_01_direction_2_candidate_19.png,True,154,1,bird,0.98832625,other,1,bird,0.7098005,other,1,bird,0.22110216,other,1,bird,0.81112623,other
pair_01_direction_2_candidate_21,1,2,monkey,7,1579,airplane,0,4130,0.8,results\cue_conflicts\candidates\pair_01_direction_2_candidate_21.png,pending,,results\cue_conflicts\review_thumbnails\content\pair_01_direction_2_candidate_21.png,results\cue_conflicts\review_thumbnails\style\pair_01_direction_2_candidate_21.png,results\cue_conflicts\review_thumbnails\stylized\pair_01_direction_2_candidate_21.png,True,155,1,bird,0.93410826,other,1,bird,0.13947524,other,3,cat,0.19956145,other,7,monkey,0.557896,shape
pair_01_direction_2_candidate_23,1,2,monkey,7,3404,airplane,0,3437,0.8,results\cue_conflicts\candidates\pair_01_direction_2_candidate_23.png,pending,,results\cue_conflicts\review_thumbnails\content\pair_01_direction_2_candidate_23.png,results\cue_conflicts\review_thumbnails\style\pair_01_direction_2_candidate_23.png,results\cue_conflicts\review_thumbnails\stylized\pair_01_direction_2_candidate_23.png,True,156,7,monkey,0.8669941,shape,7,monkey,0.9994246,shape,7,monkey,0.40129247,shape,7,monkey,0.995271,shape
pair_01_direction_2_candidate_24,1,2,monkey,7,7081,airplane,0,1648,0.8,results\cue_conflicts\candidates\pair_01_direction_2_candidate_24.png,pending,,results\cue_conflicts\review_thumbnails\content\pair_01_direction_2_candidate_24.png,results\cue_conflicts\review_thumbnails\style\pair_01_direction_2_candidate_24.png,results\cue_conflicts\review_thumbnails\stylized\pair_01_direction_2_candidate_24.png,True,157,1,bird,0.97333413,other,7,monkey,0.67372364,shape,1,bird,0.23413533,other,1,bird,0.8795835,other
pair_01_direction_2_candidate_29,1,2,monkey,7,2746,airplane,0,4539,0.8,results\cue_conflicts\candidates\pair_01_direction_2_candidate_29.png,pending,,results\cue_conflicts\review_thumbnails\content\pair_01_direction_2_candidate_29.png,results\cue_conflicts\review_thumbnails\style\pair_01_direction_2_candidate_29.png,results\cue_conflicts\review_thumbnails\stylized\pair_01_direction_2_candidate_29.png,True,158,1,bird,0.5068904,other,0,airplane,0.29200926,texture,3,cat,0.15970497,other,1,bird,0.23907985,other
pair_01_direction_2_candidate_30,1,2,monkey,7,3153,airplane,0,4675,0.8,results\cue_conflicts\candidates\pair_01_direction_2_candidate_30.png,pending,,results\cue_conflicts\review_thumbnails\content\pair_01_direction_2_candidate_30.png,results\cue_conflicts\review_thumbnails\style\pair_01_direction_2_candidate_30.png,results\cue_conflicts\review_thumbnails\stylized\pair_01_direction_2_candidate_30.png,True,159,1,bird,0.9580457,other,7,monkey,0.59441894,shape,3,cat,0.15182455,other,1,bird,0.395059,other
pair_03_direction_1_candidate_01,3,1,ship,8,5451,cat,3,3562,0.8,results\cue_conflicts\candidates\pair_03_direction_1_candidate_01.png,pending,,results\cue_conflicts\review_thumbnails\content\pair_03_direction_1_candidate_01.png,results\cue_conflicts\review_thumbnails\style\pair_03_direction_1_candidate_01.png,results\cue_conflicts\review_thumbnails\stylized\pair_03_direction_1_candidate_01.png,True,160,8,ship,0.97246176,shape,8,ship,0.9987186,shape,8,ship,0.45756692,shape,8,ship,0.9944965,shape
pair_03_direction_1_candidate_02,3,1,ship,8,706,cat,3,1531,0.8,results\cue_conflicts\candidates\pair_03_direction_1_candidate_02.png,pending,,results\cue_conflicts\review_thumbnails\content\pair_03_direction_1_candidate_02.png,results\cue_conflicts\review_thumbnails\style\pair_03_direction_1_candidate_02.png,results\cue_conflicts\review_thumbnails\stylized\pair_03_direction_1_candidate_02.png,True,161,8,ship,0.961655,shape,8,ship,0.96912867,shape,8,ship,0.38392055,shape,8,ship,0.9971269,shape
pair_03_direction_1_candidate_03,3,1,ship,8,1640,cat,3,4323,0.8,results\cue_conflicts\candidates\pair_03_direction_1_candidate_03.png,pending,,results\cue_conflicts\review_thumbnails\content\pair_03_direction_1_candidate_03.png,results\cue_conflicts\review_thumbnails\style\pair_03_direction_1_candidate_03.png,results\cue_conflicts\review_thumbnails\stylized\pair_03_direction_1_candidate_03.png,True,162,6,horse,0.69990236,other,8,ship,0.82346004,shape,8,ship,0.40655616,shape,8,ship,0.98859954,shape
pair_03_direction_1_candidate_07,3,1,ship,8,7818,cat,3,1401,0.8,results\cue_conflicts\candidates\pair_03_direction_1_candidate_07.png,pending,,results\cue_conflicts\review_thumbnails\content\pair_03_direction_1_candidate_07.png,results\cue_conflicts\review_thumbnails\style\pair_03_direction_1_candidate_07.png,results\cue_conflicts\review_thumbnails\stylized\pair_03_direction_1_candidate_07.png,True,163,8,ship,0.9206515,shape,0,airplane,0.8214629,other,8,ship,0.29881987,shape,8,ship,0.98050135,shape
pair_03_direction_1_candidate_09,3,1,ship,8,5000,cat,3,4590,0.8,results\cue_conflicts\candidates\pair_03_direction_1_candidate_09.png,pending,,results\cue_conflicts\review_thumbnails\content\pair_03_direction_1_candidate_09.png,results\cue_conflicts\review_thumbnails\style\pair_03_direction_1_candidate_09.png,results\cue_conflicts\review_thumbnails\stylized\pair_03_direction_1_candidate_09.png,True,164,1,bird,0.65976447,other,0,airplane,0.3809094,other,9,truck,0.13527782,other,4,deer,0.27767968,other
pair_03_direction_1_candidate_10,3,1,ship,8,3015,cat,3,3778,0.8,results\cue_conflicts\candidates\pair_03_direction_1_candidate_10.png,pending,,results\cue_conflicts\review_thumbnails\content\pair_03_direction_1_candidate_10.png,results\cue_conflicts\review_thumbnails\style\pair_03_direction_1_candidate_10.png,results\cue_conflicts\review_thumbnails\stylized\pair_03_direction_1_candidate_10.png,True,165,8,ship,0.8542935,shape,8,ship,0.99382037,shape,8,ship,0.36450455,shape,8,ship,0.99193466,shape
pair_03_direction_1_candidate_11,3,1,ship,8,1954,cat,3,7797,0.8,results\cue_conflicts\candidates\pair_03_direction_1_candidate_11.png,pending,,results\cue_conflicts\review_thumbnails\content\pair_03_direction_1_candidate_11.png,results\cue_conflicts\review_thumbnails\style\pair_03_direction_1_candidate_11.png,results\cue_conflicts\review_thumbnails\stylized\pair_03_direction_1_candidate_11.png,True,166,0,airplane,0.36158305,other,0,airplane,0.86765265,other,8,ship,0.2035324,shape,8,ship,0.95740616,shape
pair_03_direction_1_candidate_12,3,1,ship,8,2191,cat,3,4881,0.8,results\cue_conflicts\candidates\pair_03_direction_1_candidate_12.png,pending,,results\cue_conflicts\review_thumbnails\content\pair_03_direction_1_candidate_12.png,results\cue_conflicts\review_thumbnails\style\pair_03_direction_1_candidate_12.png,results\cue_conflicts\review_thumbnails\stylized\pair_03_direction_1_candidate_12.png,True,167,1,bird,0.63658404,other,3,cat,0.3961536,texture,9,truck,0.16547385,other,8,ship,0.32433996,shape
pair_03_direction_1_candidate_13,3,1,ship,8,3948,cat,3,3383,0.8,results\cue_conflicts\candidates\pair_03_direction_1_candidate_13.png,pending,,results\cue_conflicts\review_thumbnails\content\pair_03_direction_1_candidate_13.png,results\cue_conflicts\review_thumbnails\style\pair_03_direction_1_candidate_13.png,results\cue_conflicts\review_thumbnails\stylized\pair_03_direction_1_candidate_13.png,True,168,8,ship,0.8375881,shape,8,ship,0.42340216,shape,8,ship,0.2750685,shape,8,ship,0.9758908,shape
pair_03_direction_1_candidate_16,3,1,ship,8,2109,cat,3,4229,0.8,results\cue_conflicts\candidates\pair_03_direction_1_candidate_16.png,pending,,results\cue_conflicts\review_thumbnails\content\pair_03_direction_1_candidate_16.png,results\cue_conflicts\review_thumbnails\style\pair_03_direction_1_candidate_16.png,results\cue_conflicts\review_thumbnails\stylized\pair_03_direction_1_candidate_16.png,True,169,1,bird,0.8883449,other,4,deer,0.26676846,other,3,cat,0.17004155,texture,8,ship,0.30549827,shape
pair_03_direction_1_candidate_17,3,1,ship,8,4242,cat,3,3851,0.8,results\cue_conflicts\candidates\pair_03_direction_1_candidate_17.png,pending,,results\cue_conflicts\review_thumbnails\content\pair_03_direction_1_candidate_17.png,results\cue_conflicts\review_thumbnails\style\pair_03_direction_1_candidate_17.png,results\cue_conflicts\review_thumbnails\stylized\pair_03_direction_1_candidate_17.png,True,170,8,ship,0.99931633,shape,8,ship,0.99554825,shape,8,ship,0.31628036,shape,8,ship,0.97948164,shape
pair_03_direction_1_candidate_20,3,1,ship,8,4552,cat,3,1204,0.8,results\cue_conflicts\candidates\pair_03_direction_1_candidate_20.png,pending,,results\cue_conflicts\review_thumbnails\content\pair_03_direction_1_candidate_20.png,results\cue_conflicts\review_thumbnails\style\pair_03_direction_1_candidate_20.png,results\cue_conflicts\review_thumbnails\stylized\pair_03_direction_1_candidate_20.png,True,171,8,ship,0.4443661,shape,4,deer,0.23440939,other,8,ship,0.17484802,shape,8,ship,0.901102,shape
pair_03_direction_1_candidate_21,3,1,ship,8,4069,cat,3,4821,0.8,results\cue_conflicts\candidates\pair_03_direction_1_candidate_21.png,pending,,results\cue_conflicts\review_thumbnails\content\pair_03_direction_1_candidate_21.png,results\cue_conflicts\review_thumbnails\style\pair_03_direction_1_candidate_21.png,results\cue_conflicts\review_thumbnails\stylized\pair_03_direction_1_candidate_21.png,True,172,1,bird,0.8938603,other,3,cat,0.5805766,texture,6,horse,0.15986308,other,8,ship,0.5437435,shape
pair_03_direction_1_candidate_22,3,1,ship,8,2230,cat,3,7793,0.8,results\cue_conflicts\candidates\pair_03_direction_1_candidate_22.png,pending,,results\cue_conflicts\review_thumbnails\content\pair_03_direction_1_candidate_22.png,results\cue_conflicts\review_thumbnails\style\pair_03_direction_1_candidate_22.png,results\cue_conflicts\review_thumbnails\stylized\pair_03_direction_1_candidate_22.png,True,173,1,bird,0.9850531,other,8,ship,0.73552203,shape,8,ship,0.24154702,shape,8,ship,0.9720577,shape
pair_03_direction_1_candidate_24,3,1,ship,8,5705,cat,3,2861,0.8,results\cue_conflicts\candidates\pair_03_direction_1_candidate_24.png,pending,,results\cue_conflicts\review_thumbnails\content\pair_03_direction_1_candidate_24.png,results\cue_conflicts\review_thumbnails\style\pair_03_direction_1_candidate_24.png,results\cue_conflicts\review_thumbnails\stylized\pair_03_direction_1_candidate_24.png,True,174,8,ship,0.84839696,shape,8,ship,0.9367603,shape,8,ship,0.48574904,shape,8,ship,0.9960936,shape
pair_03_direction_1_candidate_26,3,1,ship,8,5694,cat,3,1431,0.8,results\cue_conflicts\candidates\pair_03_direction_1_candidate_26.png,pending,,results\cue_conflicts\review_thumbnails\content\pair_03_direction_1_candidate_26.png,results\cue_conflicts\review_thumbnails\style\pair_03_direction_1_candidate_26.png,results\cue_conflicts\review_thumbnails\stylized\pair_03_direction_1_candidate_26.png,True,175,8,ship,0.9704052,shape,8,ship,0.9843226,shape,8,ship,0.23125641,shape,8,ship,0.8998947,shape
pair_03_direction_1_candidate_27,3,1,ship,8,667,cat,3,3375,0.8,results\cue_conflicts\candidates\pair_03_direction_1_candidate_27.png,pending,,results\cue_conflicts\review_thumbnails\content\pair_03_direction_1_candidate_27.png,results\cue_conflicts\review_thumbnails\style\pair_03_direction_1_candidate_27.png,results\cue_conflicts\review_thumbnails\stylized\pair_03_direction_1_candidate_27.png,True,176,8,ship,0.53965193,shape,8,ship,0.31261894,shape,6,horse,0.13311209,other,4,deer,0.31977057,other
pair_03_direction_1_candidate_28,3,1,ship,8,2745,cat,3,4609,0.8,results\cue_conflicts\candidates\pair_03_direction_1_candidate_28.png,pending,,results\cue_conflicts\review_thumbnails\content\pair_03_direction_1_candidate_28.png,results\cue_conflicts\review_thumbnails\style\pair_03_direction_1_candidate_28.png,results\cue_conflicts\review_thumbnails\stylized\pair_03_direction_1_candidate_28.png,True,177,4,deer,0.41330504,other,8,ship,0.8772881,shape,8,ship,0.52180237,shape,8,ship,0.99719065,shape
pair_03_direction_1_candidate_29,3,1,ship,8,3412,cat,3,672,0.8,results\cue_conflicts\candidates\pair_03_direction_1_candidate_29.png,pending,,results\cue_conflicts\review_thumbnails\content\pair_03_direction_1_candidate_29.png,results\cue_conflicts\review_thumbnails\style\pair_03_direction_1_candidate_29.png,results\cue_conflicts\review_thumbnails\stylized\pair_03_direction_1_candidate_29.png,True,178,1,bird,0.7148956,other,0,airplane,0.47464177,other,3,cat,0.15941499,texture,7,monkey,0.30003846,other
pair_03_direction_1_candidate_30,3,1,ship,8,739,cat,3,677,0.8,results\cue_conflicts\candidates\pair_03_direction_1_candidate_30.png,pending,,results\cue_conflicts\review_thumbnails\content\pair_03_direction_1_candidate_30.png,results\cue_conflicts\review_thumbnails\style\pair_03_direction_1_candidate_30.png,results\cue_conflicts\review_thumbnails\stylized\pair_03_direction_1_candidate_30.png,True,179,8,ship,0.9300608,shape,8,ship,0.9164515,shape,8,ship,0.2968622,shape,8,ship,0.9796267,shape
pair_04_direction_1_candidate_01,4,1,truck,9,1022,horse,6,977,0.8,results\cue_conflicts\candidates\pair_04_direction_1_candidate_01.png,pending,,results\cue_conflicts\review_thumbnails\content\pair_04_direction_1_candidate_01.png,results\cue_conflicts\review_thumbnails\style\pair_04_direction_1_candidate_01.png,results\cue_conflicts\review_thumbnails\stylized\pair_04_direction_1_candidate_01.png,True,180,9,truck,0.5545502,shape,6,horse,0.4604907,texture,9,truck,0.18542612,shape,9,truck,0.45930538,shape
pair_04_direction_1_candidate_02,4,1,truck,9,239,horse,6,4620,0.8,results\cue_conflicts\candidates\pair_04_direction_1_candidate_02.png,pending,,results\cue_conflicts\review_thumbnails\content\pair_04_direction_1_candidate_02.png,results\cue_conflicts\review_thumbnails\style\pair_04_direction_1_candidate_02.png,results\cue_conflicts\review_thumbnails\stylized\pair_04_direction_1_candidate_02.png,True,181,9,truck,0.95754963,shape,9,truck,0.99753344,shape,9,truck,0.60339373,shape,9,truck,0.9903527,shape
pair_04_direction_1_candidate_06,4,1,truck,9,3942,horse,6,7108,0.8,results\cue_conflicts\candidates\pair_04_direction_1_candidate_06.png,pending,,results\cue_conflicts\review_thumbnails\content\pair_04_direction_1_candidate_06.png,results\cue_conflicts\review_thumbnails\style\pair_04_direction_1_candidate_06.png,results\cue_conflicts\review_thumbnails\stylized\pair_04_direction_1_candidate_06.png,True,182,9,truck,0.9725261,shape,9,truck,0.994975,shape,9,truck,0.47066733,shape,9,truck,0.9454922,shape
pair_04_direction_1_candidate_09,4,1,truck,9,1654,horse,6,2958,0.8,results\cue_conflicts\candidates\pair_04_direction_1_candidate_09.png,pending,,results\cue_conflicts\review_thumbnails\content\pair_04_direction_1_candidate_09.png,results\cue_conflicts\review_thumbnails\style\pair_04_direction_1_candidate_09.png,results\cue_conflicts\review_thumbnails\stylized\pair_04_direction_1_candidate_09.png,True,183,9,truck,0.9940639,shape,9,truck,0.99684405,shape,9,truck,0.5375788,shape,9,truck,0.97834915,shape
pair_04_direction_1_candidate_10,4,1,truck,9,303,horse,6,5857,0.8,results\cue_conflicts\candidates\pair_04_direction_1_candidate_10.png,pending,,results\cue_conflicts\review_thumbnails\content\pair_04_direction_1_candidate_10.png,results\cue_conflicts\review_thumbnails\style\pair_04_direction_1_candidate_10.png,results\cue_conflicts\review_thumbnails\stylized\pair_04_direction_1_candidate_10.png,True,184,9,truck,0.96717304,shape,9,truck,0.98584193,shape,9,truck,0.5945052,shape,9,truck,0.9794748,shape
pair_04_direction_1_candidate_11,4,1,truck,9,5284,horse,6,2676,0.8,results\cue_conflicts\candidates\pair_04_direction_1_candidate_11.png,pending,,results\cue_conflicts\review_thumbnails\content\pair_04_direction_1_candidate_11.png,results\cue_conflicts\review_thumbnails\style\pair_04_direction_1_candidate_11.png,results\cue_conflicts\review_thumbnails\stylized\pair_04_direction_1_candidate_11.png,True,185,9,truck,0.947089,shape,9,truck,0.9908007,shape,9,truck,0.23405561,shape,9,truck,0.5886773,shape
pair_04_direction_1_candidate_12,4,1,truck,9,2167,horse,6,4827,0.8,results\cue_conflicts\candidates\pair_04_direction_1_candidate_12.png,pending,,results\cue_conflicts\review_thumbnails\content\pair_04_direction_1_candidate_12.png,results\cue_conflicts\review_thumbnails\style\pair_04_direction_1_candidate_12.png,results\cue_conflicts\review_thumbnails\stylized\pair_04_direction_1_candidate_12.png,True,186,9,truck,0.93372905,shape,9,truck,0.99139374,shape,9,truck,0.31227368,shape,9,truck,0.9105617,shape
pair_04_direction_1_candidate_14,4,1,truck,9,5590,horse,6,1534,0.8,results\cue_conflicts\candidates\pair_04_direction_1_candidate_14.png,pending,,results\cue_conflicts\review_thumbnails\content\pair_04_direction_1_candidate_14.png,results\cue_conflicts\review_thumbnails\style\pair_04_direction_1_candidate_14.png,results\cue_conflicts\review_thumbnails\stylized\pair_04_direction_1_candidate_14.png,True,187,8,ship,0.52871376,other,2,car,0.3180879,other,9,truck,0.17736316,shape,9,truck,0.5290603,shape
pair_04_direction_1_candidate_16,4,1,truck,9,2655,horse,6,920,0.8,results\cue_conflicts\candidates\pair_04_direction_1_candidate_16.png,pending,,results\cue_conflicts\review_thumbnails\content\pair_04_direction_1_candidate_16.png,results\cue_conflicts\review_thumbnails\style\pair_04_direction_1_candidate_16.png,results\cue_conflicts\review_thumbnails\stylized\pair_04_direction_1_candidate_16.png,True,188,9,truck,0.7988692,shape,9,truck,0.9332103,shape,9,truck,0.4305526,shape,9,truck,0.84950113,shape
pair_04_direction_1_candidate_18,4,1,truck,9,5447,horse,6,5729,0.8,results\cue_conflicts\candidates\pair_04_direction_1_candidate_18.png,pending,,results\cue_conflicts\review_thumbnails\content\pair_04_direction_1_candidate_18.png,results\cue_conflicts\review_thumbnails\style\pair_04_direction_1_candidate_18.png,results\cue_conflicts\review_thumbnails\stylized\pair_04_direction_1_candidate_18.png,True,189,9,truck,0.97157615,shape,9,truck,0.99910885,shape,9,truck,0.544891,shape,9,truck,0.9635699,shape
pair_04_direction_1_candidate_19,4,1,truck,9,2414,horse,6,7996,0.8,results\cue_conflicts\candidates\pair_04_direction_1_candidate_19.png,pending,,results\cue_conflicts\review_thumbnails\content\pair_04_direction_1_candidate_19.png,results\cue_conflicts\review_thumbnails\style\pair_04_direction_1_candidate_19.png,results\cue_conflicts\review_thumbnails\stylized\pair_04_direction_1_candidate_19.png,True,190,1,bird,0.48032713,other,4,deer,0.34881404,other,9,truck,0.17628889,shape,9,truck,0.3675618,shape
pair_04_direction_1_candidate_20,4,1,truck,9,2062,horse,6,7726,0.8,results\cue_conflicts\candidates\pair_04_direction_1_candidate_20.png,pending,,results\cue_conflicts\review_thumbnails\content\pair_04_direction_1_candidate_20.png,results\cue_conflicts\review_thumbnails\style\pair_04_direction_1_candidate_20.png,results\cue_conflicts\review_thumbnails\stylized\pair_04_direction_1_candidate_20.png,True,191,9,truck,0.99140257,shape,9,truck,0.9859871,shape,9,truck,0.4760261,shape,9,truck,0.9595563,shape
pair_04_direction_1_candidate_21,4,1,truck,9,1836,horse,6,3292,0.8,results\cue_conflicts\candidates\pair_04_direction_1_candidate_21.png,pending,,results\cue_conflicts\review_thumbnails\content\pair_04_direction_1_candidate_21.png,results\cue_conflicts\review_thumbnails\style\pair_04_direction_1_candidate_21.png,results\cue_conflicts\review_thumbnails\stylized\pair_04_direction_1_candidate_21.png,True,192,9,truck,0.8098372,shape,2,car,0.96437633,other,2,car,0.25081474,other,2,car,0.50268495,other
pair_04_direction_1_candidate_22,4,1,truck,9,4094,horse,6,873,0.8,results\cue_conflicts\candidates\pair_04_direction_1_candidate_22.png,pending,,results\cue_conflicts\review_thumbnails\content\pair_04_direction_1_candidate_22.png,results\cue_conflicts\review_thumbnails\style\pair_04_direction_1_candidate_22.png,results\cue_conflicts\review_thumbnails\stylized\pair_04_direction_1_candidate_22.png,True,193,9,truck,0.7233692,shape,9,truck,0.85388005,shape,9,truck,0.20768969,shape,9,truck,0.68649215,shape
pair_04_direction_1_candidate_23,4,1,truck,9,5508,horse,6,449,0.8,results\cue_conflicts\candidates\pair_04_direction_1_candidate_23.png,pending,,results\cue_conflicts\review_thumbnails\content\pair_04_direction_1_candidate_23.png,results\cue_conflicts\review_thumbnails\style\pair_04_direction_1_candidate_23.png,results\cue_conflicts\review_thumbnails\stylized\pair_04_direction_1_candidate_23.png,True,194,8,ship,0.6387728,other,9,truck,0.97495687,shape,9,truck,0.43329266,shape,9,truck,0.9366284,shape
pair_04_direction_1_candidate_24,4,1,truck,9,7380,horse,6,3844,0.8,results\cue_conflicts\candidates\pair_04_direction_1_candidate_24.png,pending,,results\cue_conflicts\review_thumbnails\content\pair_04_direction_1_candidate_24.png,results\cue_conflicts\review_thumbnails\style\pair_04_direction_1_candidate_24.png,results\cue_conflicts\review_thumbnails\stylized\pair_04_direction_1_candidate_24.png,True,195,6,horse,0.40039212,texture,9,truck,0.98553,shape,9,truck,0.5870647,shape,9,truck,0.9921077,shape
pair_04_direction_1_candidate_25,4,1,truck,9,6931,horse,6,4093,0.8,results\cue_conflicts\candidates\pair_04_direction_1_candidate_25.png,pending,,results\cue_conflicts\review_thumbnails\content\pair_04_direction_1_candidate_25.png,results\cue_conflicts\review_thumbnails\style\pair_04_direction_1_candidate_25.png,results\cue_conflicts\review_thumbnails\stylized\pair_04_direction_1_candidate_25.png,True,196,1,bird,0.41840234,other,2,car,0.2141896,other,9,truck,0.23006617,shape,9,truck,0.5087229,shape
pair_04_direction_1_candidate_27,4,1,truck,9,5851,horse,6,4746,0.8,results\cue_conflicts\candidates\pair_04_direction_1_candidate_27.png,pending,,results\cue_conflicts\review_thumbnails\content\pair_04_direction_1_candidate_27.png,results\cue_conflicts\review_thumbnails\style\pair_04_direction_1_candidate_27.png,results\cue_conflicts\review_thumbnails\stylized\pair_04_direction_1_candidate_27.png,True,197,9,truck,0.6501905,shape,9,truck,0.9323852,shape,9,truck,0.4129135,shape,9,truck,0.9614867,shape
pair_04_direction_1_candidate_28,4,1,truck,9,4723,horse,6,5382,0.8,results\cue_conflicts\candidates\pair_04_direction_1_candidate_28.png,pending,,results\cue_conflicts\review_thumbnails\content\pair_04_direction_1_candidate_28.png,results\cue_conflicts\review_thumbnails\style\pair_04_direction_1_candidate_28.png,results\cue_conflicts\review_thumbnails\stylized\pair_04_direction_1_candidate_28.png,True,198,9,truck,0.9321465,shape,9,truck,0.7110539,shape,9,truck,0.3154086,shape,9,truck,0.71828073,shape
pair_04_direction_1_candidate_30,4,1,truck,9,1430,horse,6,7338,0.8,results\cue_conflicts\candidates\pair_04_direction_1_candidate_30.png,pending,,results\cue_conflicts\review_thumbnails\content\pair_04_direction_1_candidate_30.png,results\cue_conflicts\review_thumbnails\style\pair_04_direction_1_candidate_30.png,results\cue_conflicts\review_thumbnails\stylized\pair_04_direction_1_candidate_30.png,True,199,9,truck,0.9596697,shape,9,truck,0.92640156,shape,9,truck,0.50624156,shape,9,truck,0.9856579,shape
