model,condition,image_id,class_index,class_name,tsne_1,tsne_2
ResNet-50,Clean,3,0,airplane,0.11904461,41.218304
ResNet-50,Clean,42,0,airplane,4.6039057,45.389755
ResNet-50,Clean,81,0,airplane,12.389644,42.301228
ResNet-50,Clean,484,0,airplane,20.671011,19.987389
ResNet-50,Clean,562,0,airplane,11.787439,35.651352
ResNet-50,Clean,1175,0,airplane,5.9167814,36.864113
ResNet-50,Clean,1389,0,airplane,9.090123,43.53554
ResNet-50,Clean,1553,0,airplane,7.5879283,46.634365
ResNet-50,Clean,1596,0,airplane,20.263926,19.844954
ResNet-50,Clean,1648,0,airplane,5.802433,41.803352
ResNet-50,Clean,1977,0,airplane,7.448549,36.52792
ResNet-50,Clean,2024,0,airplane,13.955688,21.526497
ResNet-50,Clean,2242,0,airplane,18.938337,20.545647
ResNet-50,Clean,2750,0,airplane,20.164843,21.03711
ResNet-50,Clean,2888,0,airplane,7.8752503,47.50038
ResNet-50,Clean,3025,0,airplane,12.784512,28.763016
ResNet-50,Clean,3083,0,airplane,19.493717,19.863804
ResNet-50,Clean,3347,0,airplane,8.775235,31.863224
ResNet-50,Clean,3437,0,airplane,19.838375,21.419071
ResNet-50,Clean,3455,0,airplane,7.1917143,35.213978
ResNet-50,Clean,3876,0,airplane,17.562237,20.331953
ResNet-50,Clean,3965,0,airplane,3.9438303,40.266045
ResNet-50,Clean,4130,0,airplane,8.785981,42.968807
ResNet-50,Clean,4399,0,airplane,11.756342,32.038216
ResNet-50,Clean,4539,0,airplane,8.365209,32.227005
ResNet-50,Clean,4615,0,airplane,7.1755686,38.15669
ResNet-50,Clean,4617,0,airplane,8.348895,31.00832
ResNet-50,Clean,4675,0,airplane,5.228564,39.83502
ResNet-50,Clean,4785,0,airplane,0.9400303,41.933174
ResNet-50,Clean,4819,0,airplane,8.686245,30.885818
ResNet-50,Clean,4893,0,airplane,3.3379374,38.938507
ResNet-50,Clean,5117,0,airplane,7.791722,35.652256
ResNet-50,Clean,5478,0,airplane,14.024578,21.336794
ResNet-50,Clean,5912,0,airplane,10.209099,34.80366
ResNet-50,Clean,5918,0,airplane,5.5728774,35.503376
ResNet-50,Clean,5999,0,airplane,10.960099,37.357143
ResNet-50,Clean,6437,0,airplane,2.3605642,40.771748
ResNet-50,Clean,6455,0,airplane,13.731616,23.149536
ResNet-50,Clean,6609,0,airplane,10.146224,28.457962
ResNet-50,Clean,6844,0,airplane,7.4551287,36.24973
ResNet-50,Clean,6986,0,airplane,20.790308,20.27533
ResNet-50,Clean,7009,0,airplane,9.663798,45.538322
ResNet-50,Clean,7150,0,airplane,5.5574746,39.612965
ResNet-50,Clean,7262,0,airplane,7.8531437,31.249235
ResNet-50,Clean,7309,0,airplane,8.009815,45.732994
ResNet-50,Clean,7320,0,airplane,7.918271,42.787262
ResNet-50,Clean,7372,0,airplane,4.5465384,40.990047
ResNet-50,Clean,7373,0,airplane,8.47784,47.338818
ResNet-50,Clean,7465,0,airplane,7.917745,44.80019
ResNet-50,Clean,7634,0,airplane,4.2429876,38.12579
ResNet-50,Clean,95,1,bird,-33.86409,29.72235
ResNet-50,Clean,116,1,bird,-24.684692,21.772232
ResNet-50,Clean,198,1,bird,-32.099823,15.476811
ResNet-50,Clean,261,1,bird,-21.451174,28.61455
ResNet-50,Clean,304,1,bird,-32.34124,18.466555
ResNet-50,Clean,825,1,bird,-21.022356,27.569288
ResNet-50,Clean,1090,1,bird,-20.91106,27.630026
ResNet-50,Clean,1109,1,bird,-23.464401,23.435503
ResNet-50,Clean,1115,1,bird,-28.15596,21.257603
ResNet-50,Clean,1230,1,bird,-24.413164,28.488165
ResNet-50,Clean,1436,1,bird,-29.922209,28.597672
ResNet-50,Clean,1568,1,bird,-25.553787,15.99136
ResNet-50,Clean,1852,1,bird,-34.47047,26.91187
ResNet-50,Clean,1871,1,bird,-23.418917,16.796852
ResNet-50,Clean,1986,1,bird,-22.135294,15.264781
ResNet-50,Clean,1993,1,bird,-33.677174,27.320454
ResNet-50,Clean,2070,1,bird,-32.58096,19.321884
ResNet-50,Clean,2095,1,bird,-30.727825,17.605793
ResNet-50,Clean,2116,1,bird,-28.815857,-4.1995506
ResNet-50,Clean,2157,1,bird,-30.177465,19.838116
ResNet-50,Clean,2178,1,bird,-25.826893,23.358654
ResNet-50,Clean,2687,1,bird,-34.740257,25.662102
ResNet-50,Clean,2690,1,bird,-36.288773,26.390076
ResNet-50,Clean,3079,1,bird,-31.292452,28.19853
ResNet-50,Clean,3413,1,bird,-34.108128,27.288145
ResNet-50,Clean,3491,1,bird,-31.436085,21.76808
ResNet-50,Clean,3550,1,bird,-20.109158,23.238754
ResNet-50,Clean,3937,1,bird,-29.619038,26.560757
ResNet-50,Clean,4298,1,bird,-34.881664,27.295599
ResNet-50,Clean,4640,1,bird,-30.281378,22.07973
ResNet-50,Clean,5092,1,bird,-30.23502,28.493235
ResNet-50,Clean,5123,1,bird,-22.506496,28.418297
ResNet-50,Clean,5220,1,bird,-31.405148,12.855881
ResNet-50,Clean,5256,1,bird,-29.775131,26.128578
ResNet-50,Clean,5488,1,bird,-47.027634,5.685624
ResNet-50,Clean,5560,1,bird,-21.6984,15.267559
ResNet-50,Clean,6076,1,bird,-34.116333,28.730541
ResNet-50,Clean,6169,1,bird,-22.201504,22.957684
ResNet-50,Clean,6349,1,bird,-31.33171,21.504683
ResNet-50,Clean,6594,1,bird,-21.900604,23.911386
ResNet-50,Clean,6733,1,bird,-22.05021,15.33875
ResNet-50,Clean,6805,1,bird,-21.13312,28.21273
ResNet-50,Clean,6836,1,bird,-20.972094,16.05201
ResNet-50,Clean,6938,1,bird,-34.319687,27.767763
ResNet-50,Clean,6954,1,bird,-30.603336,16.82101
ResNet-50,Clean,7029,1,bird,-29.45913,28.386082
ResNet-50,Clean,7033,1,bird,-31.501694,21.220041
ResNet-50,Clean,7202,1,bird,-21.03589,15.60493
ResNet-50,Clean,7390,1,bird,-23.892893,25.936596
ResNet-50,Clean,7955,1,bird,-33.393158,28.454527
ResNet-50,Clean,35,2,car,40.665344,-22.76438
ResNet-50,Clean,49,2,car,41.457844,-23.216654
ResNet-50,Clean,317,2,car,35.11122,-22.608925
ResNet-50,Clean,409,2,car,37.713238,-32.489586
ResNet-50,Clean,470,2,car,37.651993,-37.978462
ResNet-50,Clean,483,2,car,35.380516,-20.253515
ResNet-50,Clean,714,2,car,33.744522,-16.787346
ResNet-50,Clean,981,2,car,32.588314,-24.961763
ResNet-50,Clean,1202,2,car,34.857517,-22.58578
ResNet-50,Clean,1403,2,car,38.55016,-26.171024
ResNet-50,Clean,1520,2,car,40.54813,-17.512035
ResNet-50,Clean,1586,2,car,33.406227,-26.57969
ResNet-50,Clean,1814,2,car,41.41106,-22.547335
ResNet-50,Clean,1839,2,car,33.37602,-25.64256
ResNet-50,Clean,2082,2,car,35.593002,-20.485035
ResNet-50,Clean,2392,2,car,39.577747,-23.28959
ResNet-50,Clean,2502,2,car,36.657043,-38.48946
ResNet-50,Clean,3024,2,car,40.024826,-22.010891
ResNet-50,Clean,3067,2,car,42.161266,-23.68851
ResNet-50,Clean,3163,2,car,38.40844,-26.231304
ResNet-50,Clean,3362,2,car,36.94627,-39.037952
ResNet-50,Clean,3454,2,car,33.98088,-30.020992
ResNet-50,Clean,3755,2,car,36.29176,-28.241055
ResNet-50,Clean,4065,2,car,37.18026,-17.116158
ResNet-50,Clean,4735,2,car,40.864803,-21.781973
ResNet-50,Clean,4913,2,car,39.653233,-22.253439
ResNet-50,Clean,4921,2,car,35.961884,-27.90886
ResNet-50,Clean,5030,2,car,37.34515,-38.690567
ResNet-50,Clean,5183,2,car,38.026287,-38.560066
ResNet-50,Clean,5218,2,car,37.6265,-38.82296
ResNet-50,Clean,5237,2,car,35.970413,-21.075787
ResNet-50,Clean,5318,2,car,34.778297,-19.126932
ResNet-50,Clean,5333,2,car,40.48175,-24.804375
ResNet-50,Clean,5395,2,car,38.79471,-27.060413
ResNet-50,Clean,5512,2,car,32.958927,-6.908553
ResNet-50,Clean,5677,2,car,38.22211,-25.097609
ResNet-50,Clean,5756,2,car,41.796883,-27.840046
ResNet-50,Clean,5824,2,car,35.546967,-29.862188
ResNet-50,Clean,6028,2,car,32.564754,-26.821457
ResNet-50,Clean,6244,2,car,32.376022,-23.453465
ResNet-50,Clean,6264,2,car,37.721405,-28.304878
ResNet-50,Clean,6271,2,car,38.228123,-37.00714
ResNet-50,Clean,6332,2,car,44.059715,-22.266308
ResNet-50,Clean,6354,2,car,31.465456,-23.802526
ResNet-50,Clean,6426,2,car,40.510857,-25.838257
ResNet-50,Clean,6503,2,car,39.907913,-21.662928
ResNet-50,Clean,6616,2,car,36.265373,-22.64948
ResNet-50,Clean,6692,2,car,36.2235,-22.168573
ResNet-50,Clean,7084,2,car,40.332355,-29.465282
ResNet-50,Clean,7425,2,car,42.584568,-28.38433
ResNet-50,Clean,176,3,cat,-28.27158,-3.6298354
ResNet-50,Clean,365,3,cat,-20.204174,2.7553608
ResNet-50,Clean,372,3,cat,-19.420311,-2.2718534
ResNet-50,Clean,391,3,cat,-23.75254,-5.755659
ResNet-50,Clean,632,3,cat,-26.90837,-2.4156466
ResNet-50,Clean,672,3,cat,-23.945045,-4.3077054
ResNet-50,Clean,677,3,cat,-23.238617,3.6037998
ResNet-50,Clean,738,3,cat,-10.936689,1.856962
ResNet-50,Clean,791,3,cat,-23.924997,3.0173814
ResNet-50,Clean,979,3,cat,-18.122154,1.2545917
ResNet-50,Clean,1204,3,cat,-27.95282,-5.4401293
ResNet-50,Clean,1263,3,cat,-21.532503,-8.1243
ResNet-50,Clean,1370,3,cat,-20.126749,3.5251956
ResNet-50,Clean,1401,3,cat,-23.429039,-1.9399596
ResNet-50,Clean,1431,3,cat,-13.079975,6.229134
ResNet-50,Clean,1531,3,cat,-18.984985,-9.67606
ResNet-50,Clean,1563,3,cat,-25.339659,-12.612927
ResNet-50,Clean,2028,3,cat,-20.483082,-2.895867
ResNet-50,Clean,2291,3,cat,-24.809973,-10.728268
ResNet-50,Clean,2536,3,cat,-29.913542,-4.0906267
ResNet-50,Clean,2539,3,cat,-30.25621,1.7237608
ResNet-50,Clean,2754,3,cat,-30.36917,-3.043762
ResNet-50,Clean,2861,3,cat,-22.680674,-0.3054197
ResNet-50,Clean,3276,3,cat,-22.17395,-11.28601
ResNet-50,Clean,3375,3,cat,-19.998682,-9.0517435
ResNet-50,Clean,3383,3,cat,-31.058887,-3.9975898
ResNet-50,Clean,3562,3,cat,-21.36844,-10.264845
ResNet-50,Clean,3778,3,cat,-17.229753,7.6393876
ResNet-50,Clean,3851,3,cat,-14.702741,4.6455693
ResNet-50,Clean,3914,3,cat,-30.53637,-3.6165864
ResNet-50,Clean,4023,3,cat,-21.081596,-9.249927
ResNet-50,Clean,4168,3,cat,-22.584566,3.666253
ResNet-50,Clean,4215,3,cat,-29.847786,10.49188
ResNet-50,Clean,4229,3,cat,-25.440535,-2.7704954
ResNet-50,Clean,4323,3,cat,-16.566908,2.026229
ResNet-50,Clean,4330,3,cat,-13.571358,-20.286526
ResNet-50,Clean,4463,3,cat,-24.156038,0.89803314
ResNet-50,Clean,4531,3,cat,-21.412016,-8.381519
ResNet-50,Clean,4590,3,cat,-24.595896,-1.1688709
ResNet-50,Clean,4609,3,cat,-28.975538,-8.340992
ResNet-50,Clean,4821,3,cat,-20.914476,4.9291635
ResNet-50,Clean,4881,3,cat,-32.127697,-3.5392272
ResNet-50,Clean,4908,3,cat,-28.26154,-0.62148684
ResNet-50,Clean,5528,3,cat,-14.979648,1.700543
ResNet-50,Clean,6490,3,cat,-31.332563,-4.050367
ResNet-50,Clean,6952,3,cat,-19.583221,-1.1832776
ResNet-50,Clean,7416,3,cat,-13.563986,4.8151474
ResNet-50,Clean,7744,3,cat,-12.548769,6.61903
ResNet-50,Clean,7793,3,cat,-5.048706,5.08927
ResNet-50,Clean,7797,3,cat,-30.988924,-5.2118263
ResNet-50,Clean,171,4,deer,-18.605337,-35.288383
ResNet-50,Clean,506,4,deer,-22.079933,-24.869152
ResNet-50,Clean,691,4,deer,-23.340828,-28.23796
ResNet-50,Clean,766,4,deer,-2.20171,-30.869076
ResNet-50,Clean,855,4,deer,-7.8031583,-28.209326
ResNet-50,Clean,1111,4,deer,-14.006171,-36.637184
ResNet-50,Clean,1124,4,deer,-21.471445,-33.76807
ResNet-50,Clean,1211,4,deer,-16.597412,-33.94962
ResNet-50,Clean,1266,4,deer,-23.307047,-32.331154
ResNet-50,Clean,1429,4,deer,-17.918812,-22.774368
ResNet-50,Clean,1960,4,deer,-25.286024,-23.715326
ResNet-50,Clean,2399,4,deer,-16.24639,-32.365623
ResNet-50,Clean,2704,4,deer,-24.27778,-31.648232
ResNet-50,Clean,2757,4,deer,-12.823571,-21.696198
ResNet-50,Clean,2898,4,deer,-16.304062,-34.985485
ResNet-50,Clean,3034,4,deer,-18.510078,-33.725178
ResNet-50,Clean,3078,4,deer,-23.104853,-29.15484
ResNet-50,Clean,3122,4,deer,-21.931814,-30.326748
ResNet-50,Clean,3179,4,deer,-13.696266,-35.990498
ResNet-50,Clean,3287,4,deer,-17.035242,-36.543526
ResNet-50,Clean,3365,4,deer,-14.343399,-35.398067
ResNet-50,Clean,3458,4,deer,-18.77546,-29.895618
ResNet-50,Clean,3512,4,deer,-19.779713,-34.436897
ResNet-50,Clean,3763,4,deer,-17.329279,-35.100426
ResNet-50,Clean,3891,4,deer,-22.605059,-33.401405
ResNet-50,Clean,3994,4,deer,-20.133295,-32.576656
ResNet-50,Clean,4054,4,deer,-15.112758,-36.83469
ResNet-50,Clean,4629,4,deer,-16.631315,-25.657312
ResNet-50,Clean,4642,4,deer,-21.07701,-32.746902
ResNet-50,Clean,4740,4,deer,-14.932507,-35.890785
ResNet-50,Clean,5062,4,deer,-21.754356,-31.981222
ResNet-50,Clean,5077,4,deer,-14.618901,-36.3158
ResNet-50,Clean,5135,4,deer,-23.908693,-22.289965
ResNet-50,Clean,5213,4,deer,-15.74363,-33.866108
ResNet-50,Clean,5402,4,deer,-16.026884,-37.142918
ResNet-50,Clean,5467,4,deer,-15.908002,-34.869045
ResNet-50,Clean,5556,4,deer,-15.169057,-34.223583
ResNet-50,Clean,5623,4,deer,-16.965717,-35.37843
ResNet-50,Clean,5789,4,deer,-14.354069,-37.72883
ResNet-50,Clean,6033,4,deer,-19.004372,-37.518566
ResNet-50,Clean,6097,4,deer,-15.808887,-37.070545
ResNet-50,Clean,6288,4,deer,-21.19074,-29.620493
ResNet-50,Clean,6508,4,deer,-15.337698,-36.301777
ResNet-50,Clean,6528,4,deer,-26.112549,-27.58574
ResNet-50,Clean,7475,4,deer,-15.405049,-35.030876
ResNet-50,Clean,7610,4,deer,-20.964857,-30.148495
ResNet-50,Clean,7692,4,deer,-19.375303,-35.745743
ResNet-50,Clean,7864,4,deer,-16.342392,-37.078472
ResNet-50,Clean,7940,4,deer,-19.320948,-33.619102
ResNet-50,Clean,7944,4,deer,-11.73711,-21.440508
ResNet-50,Clean,97,5,dog,-12.10924,10.130556
ResNet-50,Clean,319,5,dog,-0.6938806,4.752869
ResNet-50,Clean,378,5,dog,-12.101383,11.855808
ResNet-50,Clean,568,5,dog,-10.946904,12.305511
ResNet-50,Clean,645,5,dog,-7.2380214,-6.170059
ResNet-50,Clean,685,5,dog,-5.9052796,-3.0694056
ResNet-50,Clean,1095,5,dog,5.749981,-2.4512308
ResNet-50,Clean,1552,5,dog,-2.6559906,-4.8077917
ResNet-50,Clean,1626,5,dog,-9.139223,-2.7852464
ResNet-50,Clean,1644,5,dog,0.87498575,3.0835226
ResNet-50,Clean,1877,5,dog,-1.7179005,-4.6830845
ResNet-50,Clean,2265,5,dog,-2.4430516,-4.746628
ResNet-50,Clean,2268,5,dog,-11.476328,12.011128
ResNet-50,Clean,2334,5,dog,-0.33045167,-3.2375948
ResNet-50,Clean,2391,5,dog,-7.06055,-13.710904
ResNet-50,Clean,2427,5,dog,0.2939467,-4.4630313
ResNet-50,Clean,2458,5,dog,-5.2841654,-11.147379
ResNet-50,Clean,2623,5,dog,-8.741808,-5.9832935
ResNet-50,Clean,2766,5,dog,-11.016693,9.696324
ResNet-50,Clean,2807,5,dog,-39.235893,11.069878
ResNet-50,Clean,2950,5,dog,-11.742943,-0.6329728
ResNet-50,Clean,3353,5,dog,-21.161945,11.049947
ResNet-50,Clean,3852,5,dog,-9.267385,0.09547786
ResNet-50,Clean,3863,5,dog,6.3183804,-1.372493
ResNet-50,Clean,3889,5,dog,-8.045835,6.7530255
ResNet-50,Clean,4106,5,dog,-6.2320366,-11.781688
ResNet-50,Clean,4290,5,dog,-7.5813375,-14.14548
ResNet-50,Clean,4547,5,dog,-1.6122603,4.675495
ResNet-50,Clean,4570,5,dog,0.28049207,-4.5592704
ResNet-50,Clean,4850,5,dog,-7.956791,-5.190369
ResNet-50,Clean,4953,5,dog,-0.1395301,4.899839
ResNet-50,Clean,4966,5,dog,-7.2339807,1.1245697
ResNet-50,Clean,5101,5,dog,-2.3840876,1.5309855
ResNet-50,Clean,5332,5,dog,-7.916907,-8.319431
ResNet-50,Clean,5381,5,dog,-4.743705,-3.888072
ResNet-50,Clean,5496,5,dog,-1.7105054,2.6050067
ResNet-50,Clean,5701,5,dog,-11.404611,-2.2418544
ResNet-50,Clean,5924,5,dog,-0.10041456,-3.994737
ResNet-50,Clean,6224,5,dog,0.5612953,-4.8523574
ResNet-50,Clean,6358,5,dog,-9.160533,-7.400562
ResNet-50,Clean,6414,5,dog,-6.4251814,1.9398813
ResNet-50,Clean,6716,5,dog,-4.0277157,4.6567745
ResNet-50,Clean,6922,5,dog,-5.9327445,-9.3625765
ResNet-50,Clean,6989,5,dog,2.4370258,2.9641292
ResNet-50,Clean,7041,5,dog,-8.293918,4.2283673
ResNet-50,Clean,7130,5,dog,4.3818803,-0.10298966
ResNet-50,Clean,7413,5,dog,-10.891999,10.75289
ResNet-50,Clean,7474,5,dog,-4.3512363,-3.2794077
ResNet-50,Clean,7706,5,dog,-3.8703527,-1.9988985
ResNet-50,Clean,7776,5,dog,2.624403,0.58452505
ResNet-50,Clean,449,6,horse,2.8539782,-32.67173
ResNet-50,Clean,545,6,horse,13.861396,-20.319466
ResNet-50,Clean,873,6,horse,-4.736295,-22.791939
ResNet-50,Clean,890,6,horse,2.7786608,-32.506313
ResNet-50,Clean,920,6,horse,-2.1263428,-23.637579
ResNet-50,Clean,929,6,horse,-0.8343473,-26.741016
ResNet-50,Clean,964,6,horse,5.5748725,-19.364372
ResNet-50,Clean,977,6,horse,5.1600723,-32.291683
ResNet-50,Clean,1534,6,horse,9.957925,-24.04645
ResNet-50,Clean,1667,6,horse,9.916249,-25.290195
ResNet-50,Clean,2003,6,horse,2.7674868,-32.253056
ResNet-50,Clean,2610,6,horse,-1.1505898,-17.88489
ResNet-50,Clean,2676,6,horse,9.328703,-20.141813
ResNet-50,Clean,2958,6,horse,4.8575034,-32.914574
ResNet-50,Clean,3191,6,horse,13.193375,-20.424261
ResNet-50,Clean,3292,6,horse,9.003199,-20.61524
ResNet-50,Clean,3418,6,horse,6.8647795,-32.5343
ResNet-50,Clean,3494,6,horse,6.5211077,-30.717682
ResNet-50,Clean,3515,6,horse,-6.5154195,-27.926365
ResNet-50,Clean,3777,6,horse,4.451507,-33.268497
ResNet-50,Clean,3779,6,horse,-1.2616248,-22.701504
ResNet-50,Clean,3844,6,horse,2.744527,-33.355057
ResNet-50,Clean,3962,6,horse,1.0045063,-28.03819
ResNet-50,Clean,4011,6,horse,2.626691,-30.218939
ResNet-50,Clean,4093,6,horse,5.076023,-18.8096
ResNet-50,Clean,4254,6,horse,-1.5353209,-27.703335
ResNet-50,Clean,4341,6,horse,5.3147483,-32.994072
ResNet-50,Clean,4411,6,horse,9.114468,-20.54014
ResNet-50,Clean,4620,6,horse,5.6002374,-29.083075
ResNet-50,Clean,4731,6,horse,5.928351,-31.899092
ResNet-50,Clean,4746,6,horse,-3.7240758,-26.393913
ResNet-50,Clean,4754,6,horse,1.9992343,-31.137974
ResNet-50,Clean,4827,6,horse,3.84165,-30.1382
ResNet-50,Clean,5082,6,horse,6.12637,-33.13822
ResNet-50,Clean,5382,6,horse,11.445941,-21.169579
ResNet-50,Clean,5408,6,horse,-3.6775851,-27.58384
ResNet-50,Clean,5580,6,horse,1.2674,-30.567987
ResNet-50,Clean,5729,6,horse,2.121297,-31.69839
ResNet-50,Clean,5857,6,horse,1.5653775,-17.37983
ResNet-50,Clean,5858,6,horse,-9.568575,-30.918386
ResNet-50,Clean,6381,6,horse,12.234056,-22.520403
ResNet-50,Clean,6713,6,horse,11.968093,-22.007751
ResNet-50,Clean,7108,6,horse,-2.0683653,-34.66039
ResNet-50,Clean,7338,6,horse,3.8364632,-26.883497
ResNet-50,Clean,7555,6,horse,13.374607,-20.378212
ResNet-50,Clean,7600,6,horse,5.7002783,-32.18627
ResNet-50,Clean,7726,6,horse,1.6691207,-30.010138
ResNet-50,Clean,7779,6,horse,12.0787,-20.644651
ResNet-50,Clean,7781,6,horse,0.95090437,-25.964602
ResNet-50,Clean,7996,6,horse,5.819764,-32.526447
ResNet-50,Clean,29,7,monkey,-48.378277,-1.7933992
ResNet-50,Clean,269,7,monkey,-47.12709,-0.5580619
ResNet-50,Clean,323,7,monkey,-53.759846,-2.4533212
ResNet-50,Clean,370,7,monkey,-50.429153,-5.7231894
ResNet-50,Clean,1032,7,monkey,-44.80215,10.958782
ResNet-50,Clean,1048,7,monkey,-50.569668,-6.6720905
ResNet-50,Clean,1220,7,monkey,-58.062664,4.137964
ResNet-50,Clean,1287,7,monkey,-59.125946,4.483927
ResNet-50,Clean,1296,7,monkey,-39.254604,10.243232
ResNet-50,Clean,1440,7,monkey,-53.32612,-1.6755676
ResNet-50,Clean,1473,7,monkey,-48.43484,7.0209117
ResNet-50,Clean,1579,7,monkey,-48.99551,5.0124483
ResNet-50,Clean,1703,7,monkey,-58.0723,5.404307
ResNet-50,Clean,1711,7,monkey,-49.161335,5.132772
ResNet-50,Clean,1771,7,monkey,-44.126995,-5.6357145
ResNet-50,Clean,1884,7,monkey,-45.664864,11.8102665
ResNet-50,Clean,1927,7,monkey,-51.31109,-4.8963056
ResNet-50,Clean,1956,7,monkey,-20.861599,11.692193
ResNet-50,Clean,2501,7,monkey,-50.951515,-5.1599374
ResNet-50,Clean,2668,7,monkey,-58.665565,4.2752066
ResNet-50,Clean,2746,7,monkey,-47.09532,3.9746373
ResNet-50,Clean,2854,7,monkey,-57.774544,3.148639
ResNet-50,Clean,3153,7,monkey,-58.63137,3.7370443
ResNet-50,Clean,3288,7,monkey,-58.52372,4.9520664
ResNet-50,Clean,3404,7,monkey,-50.433006,-4.3651104
ResNet-50,Clean,3446,7,monkey,-38.697163,10.3015
ResNet-50,Clean,3467,7,monkey,-51.52329,0.454121
ResNet-50,Clean,3542,7,monkey,-51.180626,-5.99464
ResNet-50,Clean,3867,7,monkey,-49.728863,1.2120807
ResNet-50,Clean,4172,7,monkey,-58.964886,3.7786603
ResNet-50,Clean,4236,7,monkey,-46.622158,11.15269
ResNet-50,Clean,4308,7,monkey,-48.99005,0.7014976
ResNet-50,Clean,4403,7,monkey,-51.16606,-2.8857975
ResNet-50,Clean,4661,7,monkey,-49.658226,2.2047322
ResNet-50,Clean,4704,7,monkey,-49.30799,6.7175226
ResNet-50,Clean,4748,7,monkey,-48.487976,10.372677
ResNet-50,Clean,4791,7,monkey,-50.559166,-4.934455
ResNet-50,Clean,5436,7,monkey,-58.669262,5.114625
ResNet-50,Clean,5450,7,monkey,-47.864178,10.493488
ResNet-50,Clean,5719,7,monkey,-46.890377,12.378751
ResNet-50,Clean,5848,7,monkey,-58.08701,5.9142504
ResNet-50,Clean,5977,7,monkey,-46.825096,12.03093
ResNet-50,Clean,6084,7,monkey,-46.810997,13.171601
ResNet-50,Clean,6190,7,monkey,-57.852028,3.0576982
ResNet-50,Clean,6650,7,monkey,-42.51252,9.557154
ResNet-50,Clean,6726,7,monkey,-52.9363,0.083569534
ResNet-50,Clean,6772,7,monkey,-39.735935,10.893375
ResNet-50,Clean,7081,7,monkey,-44.967144,11.990704
ResNet-50,Clean,7270,7,monkey,-46.13843,7.4128594
ResNet-50,Clean,7835,7,monkey,-50.127396,-6.4381843
ResNet-50,Clean,151,8,ship,42.624825,20.721262
ResNet-50,Clean,194,8,ship,37.90409,20.878922
ResNet-50,Clean,667,8,ship,35.28945,19.42552
ResNet-50,Clean,706,8,ship,36.426205,27.012735
ResNet-50,Clean,716,8,ship,43.10382,20.24276
ResNet-50,Clean,739,8,ship,39.68166,20.497372
ResNet-50,Clean,962,8,ship,37.576954,21.545238
ResNet-50,Clean,1129,8,ship,32.329494,26.263369
ResNet-50,Clean,1247,8,ship,41.86787,18.64529
ResNet-50,Clean,1640,8,ship,33.892685,28.048632
ResNet-50,Clean,1783,8,ship,31.969946,25.83834
ResNet-50,Clean,1833,8,ship,40.525024,19.71749
ResNet-50,Clean,1954,8,ship,22.717844,20.536568
ResNet-50,Clean,2109,8,ship,36.08826,27.940216
ResNet-50,Clean,2191,8,ship,31.37532,24.169973
ResNet-50,Clean,2230,8,ship,36.855347,17.607141
ResNet-50,Clean,2340,8,ship,38.975418,20.698305
ResNet-50,Clean,2342,8,ship,32.19655,24.204035
ResNet-50,Clean,2745,8,ship,36.32317,22.120354
ResNet-50,Clean,2844,8,ship,32.303093,27.624395
ResNet-50,Clean,3015,8,ship,37.69082,20.151554
ResNet-50,Clean,3157,8,ship,36.92298,19.852505
ResNet-50,Clean,3412,8,ship,35.16965,19.194248
ResNet-50,Clean,3905,8,ship,36.692276,29.659529
ResNet-50,Clean,3948,8,ship,37.993694,26.034477
ResNet-50,Clean,4069,8,ship,18.871231,19.211643
ResNet-50,Clean,4170,8,ship,35.627705,17.730177
ResNet-50,Clean,4177,8,ship,36.700912,21.081205
ResNet-50,Clean,4242,8,ship,40.327335,19.631891
ResNet-50,Clean,4311,8,ship,32.64089,24.661253
ResNet-50,Clean,4355,8,ship,34.38418,16.755497
ResNet-50,Clean,4552,8,ship,37.32877,17.642704
ResNet-50,Clean,4662,8,ship,33.80181,24.762028
ResNet-50,Clean,4676,8,ship,37.56569,20.460205
ResNet-50,Clean,4990,8,ship,36.35279,17.80653
ResNet-50,Clean,5000,8,ship,28.243149,17.350965
ResNet-50,Clean,5451,8,ship,35.6365,20.137619
ResNet-50,Clean,5525,8,ship,33.20776,27.000847
ResNet-50,Clean,5694,8,ship,37.918335,28.105547
ResNet-50,Clean,5705,8,ship,34.649143,23.881594
ResNet-50,Clean,6434,8,ship,33.059578,23.837936
ResNet-50,Clean,6689,8,ship,35.753387,17.458788
ResNet-50,Clean,7138,8,ship,38.060486,23.382318
ResNet-50,Clean,7446,8,ship,37.383713,26.585037
ResNet-50,Clean,7460,8,ship,36.441753,16.577166
ResNet-50,Clean,7476,8,ship,22.175102,19.436436
ResNet-50,Clean,7810,8,ship,32.597935,24.984655
ResNet-50,Clean,7818,8,ship,41.14367,18.245955
ResNet-50,Clean,7875,8,ship,32.05857,25.283712
ResNet-50,Clean,7999,8,ship,35.453087,19.383883
ResNet-50,Clean,131,9,truck,40.14818,0.45793557
ResNet-50,Clean,191,9,truck,43.292213,-3.3930542
ResNet-50,Clean,239,9,truck,40.37192,-0.5549823
ResNet-50,Clean,276,9,truck,36.565712,1.8067914
ResNet-50,Clean,303,9,truck,53.555843,-0.21242073
ResNet-50,Clean,419,9,truck,43.572884,-1.287487
ResNet-50,Clean,603,9,truck,44.912968,5.57687
ResNet-50,Clean,805,9,truck,35.966415,-3.1438944
ResNet-50,Clean,852,9,truck,50.857292,0.9865061
ResNet-50,Clean,1022,9,truck,39.208183,4.453769
ResNet-50,Clean,1411,9,truck,48.010826,3.4351096
ResNet-50,Clean,1430,9,truck,35.656384,-3.3679638
ResNet-50,Clean,1468,9,truck,39.547012,-6.890334
ResNet-50,Clean,1515,9,truck,49.285725,-1.194285
ResNet-50,Clean,1654,9,truck,38.070717,-1.8758972
ResNet-50,Clean,1836,9,truck,52.81253,1.4058311
ResNet-50,Clean,2011,9,truck,45.1635,0.6787232
ResNet-50,Clean,2062,9,truck,47.4119,-1.0485135
ResNet-50,Clean,2114,9,truck,39.3936,-7.2962694
ResNet-50,Clean,2167,9,truck,51.935898,4.1078367
ResNet-50,Clean,2351,9,truck,53.427517,-0.6445908
ResNet-50,Clean,2414,9,truck,35.274044,3.799071
ResNet-50,Clean,2655,9,truck,40.68904,-2.3986597
ResNet-50,Clean,3318,9,truck,33.02539,-3.6311831
ResNet-50,Clean,3893,9,truck,40.199673,-7.281243
ResNet-50,Clean,3942,9,truck,33.165035,-1.8768588
ResNet-50,Clean,3996,9,truck,25.358866,2.5522854
ResNet-50,Clean,4094,9,truck,49.16122,3.6571033
ResNet-50,Clean,4449,9,truck,35.88601,-1.496939
ResNet-50,Clean,4723,9,truck,36.227005,1.0492095
ResNet-50,Clean,5284,9,truck,33.096954,-2.0101418
ResNet-50,Clean,5301,9,truck,41.504963,1.9044603
ResNet-50,Clean,5360,9,truck,37.847927,-6.6891613
ResNet-50,Clean,5447,9,truck,49.841373,0.6440375
ResNet-50,Clean,5452,9,truck,45.47212,1.2922398
ResNet-50,Clean,5508,9,truck,46.716103,0.11038345
ResNet-50,Clean,5572,9,truck,35.46891,0.46641695
ResNet-50,Clean,5590,9,truck,46.277386,3.1203468
ResNet-50,Clean,5788,9,truck,38.322304,-5.283509
ResNet-50,Clean,5851,9,truck,53.450752,0.37429628
ResNet-50,Clean,5915,9,truck,35.643616,-1.6420798
ResNet-50,Clean,5981,9,truck,45.146084,1.7669685
ResNet-50,Clean,6931,9,truck,30.00327,-2.3359566
ResNet-50,Clean,7047,9,truck,52.412678,-0.11466403
ResNet-50,Clean,7266,9,truck,29.344183,-2.0545428
ResNet-50,Clean,7380,9,truck,49.865467,-0.80337304
ResNet-50,Clean,7544,9,truck,37.619446,-7.5749755
ResNet-50,Clean,7752,9,truck,37.979874,-7.5507183
ResNet-50,Clean,7938,9,truck,33.804024,-2.4599738
ResNet-50,Clean,7995,9,truck,42.992542,-2.4562523
ResNet-50,Grayscale,3,0,airplane,0.30867684,40.870174
ResNet-50,Grayscale,42,0,airplane,4.666546,45.393017
ResNet-50,Grayscale,81,0,airplane,12.38981,42.301018
ResNet-50,Grayscale,484,0,airplane,20.966295,24.319628
ResNet-50,Grayscale,562,0,airplane,12.02984,35.678898
ResNet-50,Grayscale,1175,0,airplane,5.7815385,37.53457
ResNet-50,Grayscale,1389,0,airplane,9.550184,43.47244
ResNet-50,Grayscale,1553,0,airplane,7.795897,46.850098
ResNet-50,Grayscale,1596,0,airplane,21.132359,23.094755
ResNet-50,Grayscale,1648,0,airplane,6.270424,41.66188
ResNet-50,Grayscale,1977,0,airplane,7.1187387,37.866936
ResNet-50,Grayscale,2024,0,airplane,14.087872,24.163479
ResNet-50,Grayscale,2242,0,airplane,21.564335,22.891407
ResNet-50,Grayscale,2750,0,airplane,22.294418,23.22112
ResNet-50,Grayscale,2888,0,airplane,8.083554,47.085514
ResNet-50,Grayscale,3025,0,airplane,12.784602,28.762875
ResNet-50,Grayscale,3083,0,airplane,21.825842,23.289843
ResNet-50,Grayscale,3347,0,airplane,8.980248,32.16729
ResNet-50,Grayscale,3437,0,airplane,22.538944,23.323004
ResNet-50,Grayscale,3455,0,airplane,6.6712403,36.247337
ResNet-50,Grayscale,3876,0,airplane,17.600397,21.001516
ResNet-50,Grayscale,3965,0,airplane,3.9247673,40.227524
ResNet-50,Grayscale,4130,0,airplane,9.499667,42.959644
ResNet-50,Grayscale,4399,0,airplane,11.851523,32.049286
ResNet-50,Grayscale,4539,0,airplane,8.9109,32.334137
ResNet-50,Grayscale,4615,0,airplane,7.809584,38.780586
ResNet-50,Grayscale,4617,0,airplane,9.517123,30.736397
ResNet-50,Grayscale,4675,0,airplane,6.0519814,38.491825
ResNet-50,Grayscale,4785,0,airplane,1.7921697,42.36204
ResNet-50,Grayscale,4819,0,airplane,9.972771,30.769726
ResNet-50,Grayscale,4893,0,airplane,3.5398638,38.850338
ResNet-50,Grayscale,5117,0,airplane,6.6857986,38.556618
ResNet-50,Grayscale,5478,0,airplane,14.045784,23.906393
ResNet-50,Grayscale,5912,0,airplane,10.92382,34.495827
ResNet-50,Grayscale,5918,0,airplane,4.1637588,37.03867
ResNet-50,Grayscale,5999,0,airplane,11.754884,37.966503
ResNet-50,Grayscale,6437,0,airplane,2.6057217,40.41126
ResNet-50,Grayscale,6455,0,airplane,13.993321,23.790243
ResNet-50,Grayscale,6609,0,airplane,10.717515,28.39359
ResNet-50,Grayscale,6844,0,airplane,7.5180883,36.921192
ResNet-50,Grayscale,6986,0,airplane,20.90917,24.121422
ResNet-50,Grayscale,7009,0,airplane,9.595686,46.31375
ResNet-50,Grayscale,7150,0,airplane,5.5175476,40.28056
ResNet-50,Grayscale,7262,0,airplane,9.844811,30.865665
ResNet-50,Grayscale,7309,0,airplane,8.167904,45.831345
ResNet-50,Grayscale,7320,0,airplane,10.818209,40.742477
ResNet-50,Grayscale,7372,0,airplane,4.863199,40.972958
ResNet-50,Grayscale,7373,0,airplane,8.941439,46.850517
ResNet-50,Grayscale,7465,0,airplane,7.173971,44.263683
ResNet-50,Grayscale,7634,0,airplane,4.422293,37.939713
ResNet-50,Grayscale,95,1,bird,-34.465855,30.231863
ResNet-50,Grayscale,116,1,bird,-25.123203,21.03921
ResNet-50,Grayscale,198,1,bird,-32.063095,15.158462
ResNet-50,Grayscale,261,1,bird,-21.827673,27.888208
ResNet-50,Grayscale,304,1,bird,-35.181778,15.832185
ResNet-50,Grayscale,825,1,bird,-20.622227,26.863468
ResNet-50,Grayscale,1090,1,bird,-20.046032,27.257734
ResNet-50,Grayscale,1109,1,bird,-23.328823,23.87655
ResNet-50,Grayscale,1115,1,bird,-28.074324,21.14382
ResNet-50,Grayscale,1230,1,bird,-24.51672,28.899288
ResNet-50,Grayscale,1436,1,bird,-35.868744,29.356688
ResNet-50,Grayscale,1568,1,bird,-27.188885,19.309862
ResNet-50,Grayscale,1852,1,bird,-33.813637,25.19573
ResNet-50,Grayscale,1871,1,bird,-23.700573,17.29717
ResNet-50,Grayscale,1986,1,bird,-25.627352,19.047121
ResNet-50,Grayscale,1993,1,bird,-35.13952,30.067171
ResNet-50,Grayscale,2070,1,bird,-34.409966,15.913438
ResNet-50,Grayscale,2095,1,bird,-30.937704,16.983253
ResNet-50,Grayscale,2116,1,bird,-28.474607,-6.164953
ResNet-50,Grayscale,2157,1,bird,-29.851555,19.770124
ResNet-50,Grayscale,2178,1,bird,-25.774345,23.36148
ResNet-50,Grayscale,2687,1,bird,-35.413784,25.290977
ResNet-50,Grayscale,2690,1,bird,-36.380688,25.76736
ResNet-50,Grayscale,3079,1,bird,-34.851162,28.84975
ResNet-50,Grayscale,3413,1,bird,-35.085613,28.345455
ResNet-50,Grayscale,3491,1,bird,-32.69857,22.65678
ResNet-50,Grayscale,3550,1,bird,-20.033667,23.195957
ResNet-50,Grayscale,3937,1,bird,-29.314198,26.540592
ResNet-50,Grayscale,4298,1,bird,-35.094852,27.377811
ResNet-50,Grayscale,4640,1,bird,-39.356182,15.866767
ResNet-50,Grayscale,5092,1,bird,-36.27417,28.935007
ResNet-50,Grayscale,5123,1,bird,-23.763021,29.469973
ResNet-50,Grayscale,5220,1,bird,-31.580257,13.160675
ResNet-50,Grayscale,5256,1,bird,-32.005352,25.307234
ResNet-50,Grayscale,5488,1,bird,-47.02601,5.591245
ResNet-50,Grayscale,5560,1,bird,-27.311,20.289883
ResNet-50,Grayscale,6076,1,bird,-35.290344,28.865734
ResNet-50,Grayscale,6169,1,bird,-23.744259,20.602295
ResNet-50,Grayscale,6349,1,bird,-34.76217,19.07446
ResNet-50,Grayscale,6594,1,bird,-21.82552,24.262802
ResNet-50,Grayscale,6733,1,bird,-25.767532,19.02348
ResNet-50,Grayscale,6805,1,bird,-21.710367,26.43494
ResNet-50,Grayscale,6836,1,bird,-36.582336,24.711802
ResNet-50,Grayscale,6938,1,bird,-34.59425,29.5182
ResNet-50,Grayscale,6954,1,bird,-30.814135,16.32203
ResNet-50,Grayscale,7029,1,bird,-34.60877,28.735914
ResNet-50,Grayscale,7033,1,bird,-34.44941,19.234818
ResNet-50,Grayscale,7202,1,bird,-31.723373,25.529507
ResNet-50,Grayscale,7390,1,bird,-23.649427,25.78298
ResNet-50,Grayscale,7955,1,bird,-36.40324,27.848253
ResNet-50,Grayscale,35,2,car,44.147823,-25.455341
ResNet-50,Grayscale,49,2,car,43.10294,-25.421576
ResNet-50,Grayscale,317,2,car,30.812124,-26.50451
ResNet-50,Grayscale,409,2,car,41.16711,-26.7503
ResNet-50,Grayscale,470,2,car,37.679054,-35.06206
ResNet-50,Grayscale,483,2,car,30.732237,-27.778372
ResNet-50,Grayscale,714,2,car,33.991295,-16.212994
ResNet-50,Grayscale,981,2,car,32.13551,-25.153414
ResNet-50,Grayscale,1202,2,car,31.260748,-25.951376
ResNet-50,Grayscale,1403,2,car,39.92409,-27.79999
ResNet-50,Grayscale,1520,2,car,40.414318,-17.40269
ResNet-50,Grayscale,1586,2,car,31.598831,-26.672386
ResNet-50,Grayscale,1814,2,car,43.582153,-24.375298
ResNet-50,Grayscale,1839,2,car,32.543247,-25.990513
ResNet-50,Grayscale,2082,2,car,29.741716,-26.825384
ResNet-50,Grayscale,2392,2,car,41.75407,-29.226307
ResNet-50,Grayscale,2502,2,car,36.108837,-37.185555
ResNet-50,Grayscale,3024,2,car,43.50571,-25.815619
ResNet-50,Grayscale,3067,2,car,42.355293,-24.448257
ResNet-50,Grayscale,3163,2,car,39.4811,-28.763464
ResNet-50,Grayscale,3362,2,car,36.437237,-36.35885
ResNet-50,Grayscale,3454,2,car,33.85786,-29.802872
ResNet-50,Grayscale,3755,2,car,34.977486,-28.549845
ResNet-50,Grayscale,4065,2,car,37.005802,-16.996094
ResNet-50,Grayscale,4735,2,car,43.778748,-24.129053
ResNet-50,Grayscale,4913,2,car,44.318363,-26.175406
ResNet-50,Grayscale,4921,2,car,34.94221,-28.174847
ResNet-50,Grayscale,5030,2,car,36.937557,-36.516132
ResNet-50,Grayscale,5183,2,car,37.737694,-36.76497
ResNet-50,Grayscale,5218,2,car,37.44468,-37.656136
ResNet-50,Grayscale,5237,2,car,32.197514,-28.464285
ResNet-50,Grayscale,5318,2,car,33.9049,-16.293507
ResNet-50,Grayscale,5333,2,car,42.47371,-26.0381
ResNet-50,Grayscale,5395,2,car,39.7997,-28.2291
ResNet-50,Grayscale,5512,2,car,33.45176,-6.115575
ResNet-50,Grayscale,5677,2,car,40.228653,-27.615005
ResNet-50,Grayscale,5756,2,car,41.90003,-27.837925
ResNet-50,Grayscale,5824,2,car,35.44558,-29.955084
ResNet-50,Grayscale,6028,2,car,32.040585,-27.094551
ResNet-50,Grayscale,6244,2,car,30.209923,-25.059378
ResNet-50,Grayscale,6264,2,car,38.470467,-29.083803
ResNet-50,Grayscale,6271,2,car,38.52354,-35.697174
ResNet-50,Grayscale,6332,2,car,44.585114,-24.352655
ResNet-50,Grayscale,6354,2,car,30.781208,-24.35612
ResNet-50,Grayscale,6426,2,car,41.341797,-26.167223
ResNet-50,Grayscale,6503,2,car,44.210556,-24.784353
ResNet-50,Grayscale,6616,2,car,32.812813,-27.310654
ResNet-50,Grayscale,6692,2,car,32.08666,-28.15182
ResNet-50,Grayscale,7084,2,car,40.35872,-29.33923
ResNet-50,Grayscale,7425,2,car,42.28689,-28.54972
ResNet-50,Grayscale,176,3,cat,-26.938278,-5.2084894
ResNet-50,Grayscale,365,3,cat,-20.565805,1.9391799
ResNet-50,Grayscale,372,3,cat,-18.922777,-2.407002
ResNet-50,Grayscale,391,3,cat,-24.770344,-5.5704203
ResNet-50,Grayscale,632,3,cat,-26.871595,-2.7561615
ResNet-50,Grayscale,672,3,cat,-24.825079,-4.187959
ResNet-50,Grayscale,677,3,cat,-23.578093,2.3874753
ResNet-50,Grayscale,738,3,cat,-10.9073,1.915236
ResNet-50,Grayscale,791,3,cat,-24.09941,2.500842
ResNet-50,Grayscale,979,3,cat,-18.284443,1.024154
ResNet-50,Grayscale,1204,3,cat,-27.575962,-5.501009
ResNet-50,Grayscale,1263,3,cat,-22.032095,-7.184453
ResNet-50,Grayscale,1370,3,cat,-20.712555,1.5608954
ResNet-50,Grayscale,1401,3,cat,-23.40372,-2.2427998
ResNet-50,Grayscale,1431,3,cat,-12.876419,6.148377
ResNet-50,Grayscale,1531,3,cat,-20.300995,-10.738645
ResNet-50,Grayscale,1563,3,cat,-25.349573,-12.89378
ResNet-50,Grayscale,2028,3,cat,-20.144497,-2.8131418
ResNet-50,Grayscale,2291,3,cat,-24.963717,-9.942567
ResNet-50,Grayscale,2536,3,cat,-27.216673,-4.2791047
ResNet-50,Grayscale,2539,3,cat,-30.21603,1.6294339
ResNet-50,Grayscale,2754,3,cat,-26.009003,-5.6522355
ResNet-50,Grayscale,2861,3,cat,-22.680944,-0.30548435
ResNet-50,Grayscale,3276,3,cat,-22.161884,-11.335291
ResNet-50,Grayscale,3375,3,cat,-20.019953,-9.739544
ResNet-50,Grayscale,3383,3,cat,-26.622875,-6.9814763
ResNet-50,Grayscale,3562,3,cat,-19.270035,-19.071396
ResNet-50,Grayscale,3778,3,cat,-17.32837,7.479675
ResNet-50,Grayscale,3851,3,cat,-15.010133,4.819795
ResNet-50,Grayscale,3914,3,cat,-29.026793,-3.5232766
ResNet-50,Grayscale,4023,3,cat,-21.065418,-10.527827
ResNet-50,Grayscale,4168,3,cat,-22.707338,2.3919377
ResNet-50,Grayscale,4215,3,cat,-29.586678,10.812046
ResNet-50,Grayscale,4229,3,cat,-25.68617,-3.5731573
ResNet-50,Grayscale,4323,3,cat,-16.388632,1.8466007
ResNet-50,Grayscale,4330,3,cat,-19.328016,-20.565266
ResNet-50,Grayscale,4463,3,cat,-23.90718,0.7947975
ResNet-50,Grayscale,4531,3,cat,-21.19503,-11.234399
ResNet-50,Grayscale,4590,3,cat,-24.898151,-2.3653276
ResNet-50,Grayscale,4609,3,cat,-28.684906,-8.3494005
ResNet-50,Grayscale,4821,3,cat,-27.463125,0.4035207
ResNet-50,Grayscale,4881,3,cat,-35.366566,17.143944
ResNet-50,Grayscale,4908,3,cat,-28.535872,-0.725771
ResNet-50,Grayscale,5528,3,cat,-14.984955,1.7121729
ResNet-50,Grayscale,6490,3,cat,-26.894432,-6.3179507
ResNet-50,Grayscale,6952,3,cat,-19.09972,-2.2266681
ResNet-50,Grayscale,7416,3,cat,-13.121638,4.4752755
ResNet-50,Grayscale,7744,3,cat,-12.534485,6.495475
ResNet-50,Grayscale,7793,3,cat,-5.101696,5.8032537
ResNet-50,Grayscale,7797,3,cat,-30.030256,-6.7522078
ResNet-50,Grayscale,171,4,deer,-17.743149,-29.293644
ResNet-50,Grayscale,506,4,deer,-21.013147,-22.75019
ResNet-50,Grayscale,691,4,deer,-22.622095,-27.370817
ResNet-50,Grayscale,766,4,deer,6.9915905,-24.75416
ResNet-50,Grayscale,855,4,deer,-8.105523,-27.05833
ResNet-50,Grayscale,1111,4,deer,-11.87751,-27.024773
ResNet-50,Grayscale,1124,4,deer,-22.014343,-28.043613
ResNet-50,Grayscale,1211,4,deer,-19.621521,-25.03166
ResNet-50,Grayscale,1266,4,deer,-24.680836,-24.59124
ResNet-50,Grayscale,1429,4,deer,-18.404678,-22.390715
ResNet-50,Grayscale,1960,4,deer,-24.390612,-23.687279
ResNet-50,Grayscale,2399,4,deer,-12.459235,-28.054201
ResNet-50,Grayscale,2704,4,deer,-24.414085,-30.368113
ResNet-50,Grayscale,2757,4,deer,-12.722778,-21.893137
ResNet-50,Grayscale,2898,4,deer,-20.012136,-29.328112
ResNet-50,Grayscale,3034,4,deer,-20.364912,-28.200949
ResNet-50,Grayscale,3078,4,deer,-23.322107,-29.036308
ResNet-50,Grayscale,3122,4,deer,-20.178606,-24.463852
ResNet-50,Grayscale,3179,4,deer,-11.198385,-27.536943
ResNet-50,Grayscale,3287,4,deer,-19.00637,-28.860975
ResNet-50,Grayscale,3365,4,deer,-9.2234955,-28.927622
ResNet-50,Grayscale,3458,4,deer,-19.603764,-28.442839
ResNet-50,Grayscale,3512,4,deer,-22.710165,-28.72923
ResNet-50,Grayscale,3763,4,deer,-16.855682,-30.864527
ResNet-50,Grayscale,3891,4,deer,-21.136166,-21.211134
ResNet-50,Grayscale,3994,4,deer,-20.831945,-26.812254
ResNet-50,Grayscale,4054,4,deer,-12.221572,-26.537413
ResNet-50,Grayscale,4629,4,deer,-20.231672,-21.618372
ResNet-50,Grayscale,4642,4,deer,-22.47066,-29.460064
ResNet-50,Grayscale,4740,4,deer,-11.242061,-26.576708
ResNet-50,Grayscale,5062,4,deer,-23.49033,-30.57177
ResNet-50,Grayscale,5077,4,deer,-11.105685,-26.471144
ResNet-50,Grayscale,5135,4,deer,-23.622042,-21.795753
ResNet-50,Grayscale,5213,4,deer,-16.744902,-30.524422
ResNet-50,Grayscale,5402,4,deer,-12.164098,-26.947258
ResNet-50,Grayscale,5467,4,deer,-13.381219,-28.503433
ResNet-50,Grayscale,5556,4,deer,-13.47009,-28.704363
ResNet-50,Grayscale,5623,4,deer,-18.303335,-27.561275
ResNet-50,Grayscale,5789,4,deer,-11.596104,-25.374165
ResNet-50,Grayscale,6033,4,deer,-20.931625,-37.577625
ResNet-50,Grayscale,6097,4,deer,-12.8527565,-26.984348
ResNet-50,Grayscale,6288,4,deer,-22.259731,-27.123367
ResNet-50,Grayscale,6508,4,deer,-10.512466,-26.433964
ResNet-50,Grayscale,6528,4,deer,-25.517529,-27.528877
ResNet-50,Grayscale,7475,4,deer,-7.7128563,-26.060791
ResNet-50,Grayscale,7610,4,deer,-21.663961,-28.907013
ResNet-50,Grayscale,7692,4,deer,-19.585222,-20.835058
ResNet-50,Grayscale,7864,4,deer,-19.050337,-28.229841
ResNet-50,Grayscale,7940,4,deer,-20.797405,-26.721333
ResNet-50,Grayscale,7944,4,deer,-20.265686,-20.990442
ResNet-50,Grayscale,97,5,dog,-9.597787,9.756006
ResNet-50,Grayscale,319,5,dog,-0.36018303,4.0155406
ResNet-50,Grayscale,378,5,dog,-9.923959,11.839601
ResNet-50,Grayscale,568,5,dog,-10.549112,12.620064
ResNet-50,Grayscale,645,5,dog,-7.2016606,-6.315135
ResNet-50,Grayscale,685,5,dog,-6.3463287,-3.47156
ResNet-50,Grayscale,1095,5,dog,5.9186134,-2.0006754
ResNet-50,Grayscale,1552,5,dog,-2.8078246,-6.1012325
ResNet-50,Grayscale,1626,5,dog,-9.187937,-2.6129758
ResNet-50,Grayscale,1644,5,dog,1.6017098,2.8819716
ResNet-50,Grayscale,1877,5,dog,-22.858845,-20.78432
ResNet-50,Grayscale,2265,5,dog,-2.2980971,-7.0361643
ResNet-50,Grayscale,2268,5,dog,-10.242506,11.676171
ResNet-50,Grayscale,2334,5,dog,-0.5369614,-2.0553138
ResNet-50,Grayscale,2391,5,dog,-7.028428,-13.586679
ResNet-50,Grayscale,2427,5,dog,1.5985197,-1.9723443
ResNet-50,Grayscale,2458,5,dog,-5.139536,-11.07044
ResNet-50,Grayscale,2623,5,dog,-9.440353,-6.5855904
ResNet-50,Grayscale,2766,5,dog,-10.423677,9.428248
ResNet-50,Grayscale,2807,5,dog,-39.22297,14.256021
ResNet-50,Grayscale,2950,5,dog,-11.7421665,-0.92972094
ResNet-50,Grayscale,3353,5,dog,-21.267916,10.603088
ResNet-50,Grayscale,3852,5,dog,-9.259028,0.11667055
ResNet-50,Grayscale,3863,5,dog,6.423952,-1.2931465
ResNet-50,Grayscale,3889,5,dog,-8.06221,6.7425866
ResNet-50,Grayscale,4106,5,dog,-6.014551,-11.813087
ResNet-50,Grayscale,4290,5,dog,-7.9428673,-13.87394
ResNet-50,Grayscale,4547,5,dog,-1.1348903,4.0510383
ResNet-50,Grayscale,4570,5,dog,1.3035203,-2.8241286
ResNet-50,Grayscale,4850,5,dog,-8.373314,-5.750079
ResNet-50,Grayscale,4953,5,dog,1.1608449,3.8668537
ResNet-50,Grayscale,4966,5,dog,-8.141735,1.2538007
ResNet-50,Grayscale,5101,5,dog,-2.1605263,1.6371174
ResNet-50,Grayscale,5332,5,dog,-7.9432836,-8.632098
ResNet-50,Grayscale,5381,5,dog,-5.1472077,-4.696545
ResNet-50,Grayscale,5496,5,dog,-1.4472259,2.8748493
ResNet-50,Grayscale,5701,5,dog,-11.435285,-2.1903603
ResNet-50,Grayscale,5924,5,dog,0.68798983,-2.9112666
ResNet-50,Grayscale,6224,5,dog,1.9689156,-3.8897984
ResNet-50,Grayscale,6358,5,dog,-9.687144,-7.4616823
ResNet-50,Grayscale,6414,5,dog,-6.3426013,1.9863657
ResNet-50,Grayscale,6716,5,dog,-4.238415,6.110874
ResNet-50,Grayscale,6922,5,dog,-5.8209,-9.450958
ResNet-50,Grayscale,6989,5,dog,2.4491823,3.057783
ResNet-50,Grayscale,7041,5,dog,-8.319111,4.079129
ResNet-50,Grayscale,7130,5,dog,4.4085627,-0.2725194
ResNet-50,Grayscale,7413,5,dog,-9.982438,10.583841
ResNet-50,Grayscale,7474,5,dog,-5.0350575,-7.6809154
ResNet-50,Grayscale,7706,5,dog,1.9832563,0.10920005
ResNet-50,Grayscale,7776,5,dog,2.2585583,0.47121227
ResNet-50,Grayscale,449,6,horse,0.76850545,-32.899433
ResNet-50,Grayscale,545,6,horse,32.05718,-14.889365
ResNet-50,Grayscale,873,6,horse,-4.7685905,-22.922049
ResNet-50,Grayscale,890,6,horse,-0.26914394,-31.706026
ResNet-50,Grayscale,920,6,horse,-1.8849221,-23.660746
ResNet-50,Grayscale,929,6,horse,-1.3418361,-25.35874
ResNet-50,Grayscale,964,6,horse,5.356902,-19.456543
ResNet-50,Grayscale,977,6,horse,-0.917239,-31.66607
ResNet-50,Grayscale,1534,6,horse,9.68816,-24.086994
ResNet-50,Grayscale,1667,6,horse,9.915336,-25.291103
ResNet-50,Grayscale,2003,6,horse,-6.804411,-26.109293
ResNet-50,Grayscale,2610,6,horse,-1.1106663,-17.955135
ResNet-50,Grayscale,2676,6,horse,7.63717,-23.24982
ResNet-50,Grayscale,2958,6,horse,8.244196,-28.505783
ResNet-50,Grayscale,3191,6,horse,8.697884,-23.795656
ResNet-50,Grayscale,3292,6,horse,8.617483,-21.043207
ResNet-50,Grayscale,3418,6,horse,8.0786495,-32.26123
ResNet-50,Grayscale,3494,6,horse,6.5759764,-28.648926
ResNet-50,Grayscale,3515,6,horse,-6.862135,-26.803028
ResNet-50,Grayscale,3777,6,horse,-7.2088375,-25.577566
ResNet-50,Grayscale,3779,6,horse,-0.75686616,-23.17982
ResNet-50,Grayscale,3844,6,horse,8.961282,-25.272282
ResNet-50,Grayscale,3962,6,horse,1.7306862,-27.048176
ResNet-50,Grayscale,4011,6,horse,5.29006,-27.12037
ResNet-50,Grayscale,4093,6,horse,4.7638907,-18.886246
ResNet-50,Grayscale,4254,6,horse,-2.3526106,-26.600508
ResNet-50,Grayscale,4341,6,horse,8.131865,-28.753733
ResNet-50,Grayscale,4411,6,horse,7.725891,-23.163334
ResNet-50,Grayscale,4620,6,horse,7.12816,-22.95027
ResNet-50,Grayscale,4731,6,horse,8.174815,-30.25473
ResNet-50,Grayscale,4746,6,horse,-4.714614,-25.899353
ResNet-50,Grayscale,4754,6,horse,-2.1139662,-24.893948
ResNet-50,Grayscale,4827,6,horse,6.4007335,-27.459337
ResNet-50,Grayscale,5082,6,horse,7.429422,-28.13605
ResNet-50,Grayscale,5382,6,horse,10.558248,-21.618238
ResNet-50,Grayscale,5408,6,horse,-4.7759447,-24.763506
ResNet-50,Grayscale,5580,6,horse,-0.04728624,-23.566145
ResNet-50,Grayscale,5729,6,horse,4.7384357,-25.24589
ResNet-50,Grayscale,5857,6,horse,1.6210461,-17.42152
ResNet-50,Grayscale,5858,6,horse,-10.618139,-28.358397
ResNet-50,Grayscale,6381,6,horse,11.647298,-23.40719
ResNet-50,Grayscale,6713,6,horse,10.931135,-22.683079
ResNet-50,Grayscale,7108,6,horse,-3.1030262,-34.53991
ResNet-50,Grayscale,7338,6,horse,4.6330323,-26.381174
ResNet-50,Grayscale,7555,6,horse,9.086828,-21.59184
ResNet-50,Grayscale,7600,6,horse,6.5487704,-27.995995
ResNet-50,Grayscale,7726,6,horse,2.9836867,-26.068954
ResNet-50,Grayscale,7779,6,horse,7.844023,-23.479742
ResNet-50,Grayscale,7781,6,horse,1.5748483,-25.857796
ResNet-50,Grayscale,7996,6,horse,5.4098883,-27.604275
ResNet-50,Grayscale,29,7,monkey,-48.379093,-1.7930007
ResNet-50,Grayscale,269,7,monkey,-46.056625,0.19855344
ResNet-50,Grayscale,323,7,monkey,-53.94105,-2.4119613
ResNet-50,Grayscale,370,7,monkey,-49.15224,-3.3204343
ResNet-50,Grayscale,1032,7,monkey,-40.881115,14.252267
ResNet-50,Grayscale,1048,7,monkey,-48.32941,-3.2835486
ResNet-50,Grayscale,1220,7,monkey,-55.462475,-0.03440745
ResNet-50,Grayscale,1287,7,monkey,-56.96078,5.2005515
ResNet-50,Grayscale,1296,7,monkey,-39.445713,14.475829
ResNet-50,Grayscale,1440,7,monkey,-54.221767,-1.9179788
ResNet-50,Grayscale,1473,7,monkey,-48.363213,6.6002836
ResNet-50,Grayscale,1579,7,monkey,-48.330135,5.073745
ResNet-50,Grayscale,1703,7,monkey,-44.677044,0.8563685
ResNet-50,Grayscale,1711,7,monkey,-47.940964,5.6214895
ResNet-50,Grayscale,1771,7,monkey,-44.03058,-5.6331134
ResNet-50,Grayscale,1884,7,monkey,-42.32677,13.579094
ResNet-50,Grayscale,1927,7,monkey,-50.530613,-3.4452913
ResNet-50,Grayscale,1956,7,monkey,-43.66203,2.6560946
ResNet-50,Grayscale,2501,7,monkey,-49.02539,-1.184463
ResNet-50,Grayscale,2668,7,monkey,-54.475147,3.6395519
ResNet-50,Grayscale,2746,7,monkey,-46.326687,3.3940802
ResNet-50,Grayscale,2854,7,monkey,-53.58733,2.6685164
ResNet-50,Grayscale,3153,7,monkey,-54.936867,4.064152
ResNet-50,Grayscale,3288,7,monkey,-56.650436,6.0254064
ResNet-50,Grayscale,3404,7,monkey,-49.86141,-3.3758168
ResNet-50,Grayscale,3446,7,monkey,-39.926163,14.463351
ResNet-50,Grayscale,3467,7,monkey,-25.908745,-15.138429
ResNet-50,Grayscale,3542,7,monkey,-50.55342,-3.5701003
ResNet-50,Grayscale,3867,7,monkey,-45.546425,2.7979605
ResNet-50,Grayscale,4172,7,monkey,-55.335453,4.953553
ResNet-50,Grayscale,4236,7,monkey,-46.977127,7.7730756
ResNet-50,Grayscale,4308,7,monkey,-48.54131,0.1394484
ResNet-50,Grayscale,4403,7,monkey,-50.753475,-2.2582955
ResNet-50,Grayscale,4661,7,monkey,-46.07275,2.9697244
ResNet-50,Grayscale,4704,7,monkey,-49.51992,6.2187514
ResNet-50,Grayscale,4748,7,monkey,-48.69585,9.696335
ResNet-50,Grayscale,4791,7,monkey,-50.161957,-4.1117682
ResNet-50,Grayscale,5436,7,monkey,-57.05042,5.562352
ResNet-50,Grayscale,5450,7,monkey,-48.41181,9.508586
ResNet-50,Grayscale,5719,7,monkey,-46.198112,12.717752
ResNet-50,Grayscale,5848,7,monkey,-54.86939,5.3490467
ResNet-50,Grayscale,5977,7,monkey,-44.79672,12.5954685
ResNet-50,Grayscale,6084,7,monkey,-45.51942,13.298318
ResNet-50,Grayscale,6190,7,monkey,-55.137024,3.8131626
ResNet-50,Grayscale,6650,7,monkey,-43.731613,3.9345129
ResNet-50,Grayscale,6726,7,monkey,-52.249283,1.5352671
ResNet-50,Grayscale,6772,7,monkey,-39.697998,15.448908
ResNet-50,Grayscale,7081,7,monkey,-43.82777,12.441679
ResNet-50,Grayscale,7270,7,monkey,-46.30173,6.9845037
ResNet-50,Grayscale,7835,7,monkey,-47.84694,-2.6725738
ResNet-50,Grayscale,151,8,ship,32.44489,20.088512
ResNet-50,Grayscale,194,8,ship,38.63438,19.064213
ResNet-50,Grayscale,667,8,ship,34.383667,18.996313
ResNet-50,Grayscale,706,8,ship,36.769264,27.657732
ResNet-50,Grayscale,716,8,ship,43.186,20.127779
ResNet-50,Grayscale,739,8,ship,39.26443,18.921902
ResNet-50,Grayscale,962,8,ship,32.99519,19.718014
ResNet-50,Grayscale,1129,8,ship,28.520958,22.466757
ResNet-50,Grayscale,1247,8,ship,39.587627,16.815248
ResNet-50,Grayscale,1640,8,ship,28.049307,24.25449
ResNet-50,Grayscale,1783,8,ship,29.353018,21.431301
ResNet-50,Grayscale,1833,8,ship,39.800804,19.282148
ResNet-50,Grayscale,1954,8,ship,22.725298,21.097292
ResNet-50,Grayscale,2109,8,ship,35.41713,28.34306
ResNet-50,Grayscale,2191,8,ship,30.577362,21.2304
ResNet-50,Grayscale,2230,8,ship,31.631058,17.861238
ResNet-50,Grayscale,2340,8,ship,38.399338,20.430563
ResNet-50,Grayscale,2342,8,ship,29.121109,21.18469
ResNet-50,Grayscale,2745,8,ship,33.88025,20.7154
ResNet-50,Grayscale,2844,8,ship,32.441692,29.015406
ResNet-50,Grayscale,3015,8,ship,37.46472,18.868353
ResNet-50,Grayscale,3157,8,ship,33.02402,17.84147
ResNet-50,Grayscale,3412,8,ship,34.077168,18.705332
ResNet-50,Grayscale,3905,8,ship,36.4434,29.986317
ResNet-50,Grayscale,3948,8,ship,38.96728,26.29865
ResNet-50,Grayscale,4069,8,ship,27.797302,21.300863
ResNet-50,Grayscale,4170,8,ship,33.038578,18.171118
ResNet-50,Grayscale,4177,8,ship,31.331236,19.887226
ResNet-50,Grayscale,4242,8,ship,39.501972,18.02437
ResNet-50,Grayscale,4311,8,ship,31.315262,22.01578
ResNet-50,Grayscale,4355,8,ship,33.547333,16.991158
ResNet-50,Grayscale,4552,8,ship,38.56831,6.664485
ResNet-50,Grayscale,4662,8,ship,33.878517,24.409811
ResNet-50,Grayscale,4676,8,ship,37.886364,19.15388
ResNet-50,Grayscale,4990,8,ship,31.153,18.135904
ResNet-50,Grayscale,5000,8,ship,28.394264,17.9115
ResNet-50,Grayscale,5451,8,ship,32.41236,21.19522
ResNet-50,Grayscale,5525,8,ship,33.77995,27.456108
ResNet-50,Grayscale,5694,8,ship,38.30887,28.090178
ResNet-50,Grayscale,5705,8,ship,34.291183,23.073017
ResNet-50,Grayscale,6434,8,ship,31.45775,22.19319
ResNet-50,Grayscale,6689,8,ship,33.051365,17.540241
ResNet-50,Grayscale,7138,8,ship,31.001888,19.516855
ResNet-50,Grayscale,7446,8,ship,38.294895,26.982103
ResNet-50,Grayscale,7460,8,ship,37.92423,8.097699
ResNet-50,Grayscale,7476,8,ship,24.87242,21.860119
ResNet-50,Grayscale,7810,8,ship,32.376232,22.958673
ResNet-50,Grayscale,7818,8,ship,41.163937,18.339521
ResNet-50,Grayscale,7875,8,ship,28.890413,21.982485
ResNet-50,Grayscale,7999,8,ship,30.587893,19.934546
ResNet-50,Grayscale,131,9,truck,39.094273,0.5970304
ResNet-50,Grayscale,191,9,truck,42.964878,-4.318997
ResNet-50,Grayscale,239,9,truck,39.939644,-1.1981515
ResNet-50,Grayscale,276,9,truck,37.683727,1.3617461
ResNet-50,Grayscale,303,9,truck,52.52175,-0.5117857
ResNet-50,Grayscale,419,9,truck,43.54897,-1.1142205
ResNet-50,Grayscale,603,9,truck,44.840523,5.559192
ResNet-50,Grayscale,805,9,truck,36.415417,-4.1651535
ResNet-50,Grayscale,852,9,truck,51.164684,0.21862455
ResNet-50,Grayscale,1022,9,truck,39.20587,4.5809846
ResNet-50,Grayscale,1411,9,truck,47.930653,3.438849
ResNet-50,Grayscale,1430,9,truck,34.96172,-5.285374
ResNet-50,Grayscale,1468,9,truck,40.304157,-6.0686803
ResNet-50,Grayscale,1515,9,truck,48.31346,-0.85751057
ResNet-50,Grayscale,1654,9,truck,39.707745,-1.5381448
ResNet-50,Grayscale,1836,9,truck,50.462265,3.1472104
ResNet-50,Grayscale,2011,9,truck,44.41266,0.9323834
ResNet-50,Grayscale,2062,9,truck,47.53345,-1.2212192
ResNet-50,Grayscale,2114,9,truck,40.403286,-6.6452856
ResNet-50,Grayscale,2167,9,truck,50.728523,3.894086
ResNet-50,Grayscale,2351,9,truck,52.44153,-0.78841865
ResNet-50,Grayscale,2414,9,truck,38.03305,2.9340236
ResNet-50,Grayscale,2655,9,truck,40.678833,-2.4392445
ResNet-50,Grayscale,3318,9,truck,33.404087,-4.060581
ResNet-50,Grayscale,3893,9,truck,40.919518,-6.4886975
ResNet-50,Grayscale,3942,9,truck,34.410484,-3.9666295
ResNet-50,Grayscale,3996,9,truck,25.35202,2.5526974
ResNet-50,Grayscale,4094,9,truck,49.53167,3.8878436
ResNet-50,Grayscale,4449,9,truck,39.151108,3.336189
ResNet-50,Grayscale,4723,9,truck,37.549988,1.1494606
ResNet-50,Grayscale,5284,9,truck,34.1598,-5.6995893
ResNet-50,Grayscale,5301,9,truck,41.41692,1.5834585
ResNet-50,Grayscale,5360,9,truck,40.072235,-5.763188
ResNet-50,Grayscale,5447,9,truck,49.42181,0.5868277
ResNet-50,Grayscale,5452,9,truck,44.58332,1.5617082
ResNet-50,Grayscale,5508,9,truck,46.393692,0.085697815
ResNet-50,Grayscale,5572,9,truck,38.586998,1.2879381
ResNet-50,Grayscale,5590,9,truck,45.4111,2.9944794
ResNet-50,Grayscale,5788,9,truck,37.796116,-4.273756
ResNet-50,Grayscale,5851,9,truck,52.84198,0.21046351
ResNet-50,Grayscale,5915,9,truck,38.442245,2.318839
ResNet-50,Grayscale,5981,9,truck,44.545597,1.4689547
ResNet-50,Grayscale,6931,9,truck,32.129574,-5.727605
ResNet-50,Grayscale,7047,9,truck,51.639072,-0.3924423
ResNet-50,Grayscale,7266,9,truck,32.5224,-5.9723954
ResNet-50,Grayscale,7380,9,truck,48.94201,-0.32117957
ResNet-50,Grayscale,7544,9,truck,40.170383,-5.047971
ResNet-50,Grayscale,7752,9,truck,39.47576,-6.1758347
ResNet-50,Grayscale,7938,9,truck,38.49758,-0.0749729
ResNet-50,Grayscale,7995,9,truck,42.533634,-4.6809797
ResNet-50,Hue rotation,3,0,airplane,0.03134912,42.208115
ResNet-50,Hue rotation,42,0,airplane,4.585984,45.390114
ResNet-50,Hue rotation,81,0,airplane,12.389472,42.301125
ResNet-50,Hue rotation,484,0,airplane,18.435493,24.381191
ResNet-50,Hue rotation,562,0,airplane,12.459746,35.226852
ResNet-50,Hue rotation,1175,0,airplane,6.3293467,37.374706
ResNet-50,Hue rotation,1389,0,airplane,10.015022,43.680065
ResNet-50,Hue rotation,1553,0,airplane,6.8873158,46.547413
ResNet-50,Hue rotation,1596,0,airplane,18.926453,23.566324
ResNet-50,Hue rotation,1648,0,airplane,6.7985096,40.837902
ResNet-50,Hue rotation,1977,0,airplane,8.556402,38.023052
ResNet-50,Hue rotation,2024,0,airplane,13.410455,21.933207
ResNet-50,Hue rotation,2242,0,airplane,19.393377,20.851856
ResNet-50,Hue rotation,2750,0,airplane,18.987013,22.861261
ResNet-50,Hue rotation,2888,0,airplane,6.9794965,47.222534
ResNet-50,Hue rotation,3025,0,airplane,12.784243,28.763432
ResNet-50,Hue rotation,3083,0,airplane,18.494606,21.909218
ResNet-50,Hue rotation,3347,0,airplane,10.028071,32.571007
ResNet-50,Hue rotation,3437,0,airplane,19.600815,21.600428
ResNet-50,Hue rotation,3455,0,airplane,9.153141,36.721302
ResNet-50,Hue rotation,3876,0,airplane,17.26718,20.26377
ResNet-50,Hue rotation,3965,0,airplane,4.6355333,40.02949
ResNet-50,Hue rotation,4130,0,airplane,14.169421,34.22511
ResNet-50,Hue rotation,4399,0,airplane,12.134285,32.346626
ResNet-50,Hue rotation,4539,0,airplane,9.281807,32.904408
ResNet-50,Hue rotation,4615,0,airplane,9.700415,39.200165
ResNet-50,Hue rotation,4617,0,airplane,13.356661,33.5304
ResNet-50,Hue rotation,4675,0,airplane,9.195776,39.034798
ResNet-50,Hue rotation,4785,0,airplane,1.2883636,42.303585
ResNet-50,Hue rotation,4819,0,airplane,13.226683,33.651096
ResNet-50,Hue rotation,4893,0,airplane,2.7540863,38.01356
ResNet-50,Hue rotation,5117,0,airplane,9.730576,38.546158
ResNet-50,Hue rotation,5478,0,airplane,13.448064,21.599747
ResNet-50,Hue rotation,5912,0,airplane,11.103316,34.5112
ResNet-50,Hue rotation,5918,0,airplane,11.783163,34.89359
ResNet-50,Hue rotation,5999,0,airplane,11.844897,38.09645
ResNet-50,Hue rotation,6437,0,airplane,2.4926357,40.577866
ResNet-50,Hue rotation,6455,0,airplane,13.506442,22.822401
ResNet-50,Hue rotation,6609,0,airplane,10.35234,28.570583
ResNet-50,Hue rotation,6844,0,airplane,8.636476,37.10225
ResNet-50,Hue rotation,6986,0,airplane,18.48597,24.347486
ResNet-50,Hue rotation,7009,0,airplane,9.541594,45.668877
ResNet-50,Hue rotation,7150,0,airplane,8.682774,38.420334
ResNet-50,Hue rotation,7262,0,airplane,10.170333,31.63264
ResNet-50,Hue rotation,7309,0,airplane,7.1017647,45.612457
ResNet-50,Hue rotation,7320,0,airplane,10.737339,40.437958
ResNet-50,Hue rotation,7372,0,airplane,4.699376,40.83322
ResNet-50,Hue rotation,7373,0,airplane,7.0737686,47.93251
ResNet-50,Hue rotation,7465,0,airplane,7.0924187,43.813625
ResNet-50,Hue rotation,7634,0,airplane,4.9539127,37.90581
ResNet-50,Hue rotation,95,1,bird,-33.344086,30.006327
ResNet-50,Hue rotation,116,1,bird,-24.697805,21.707726
ResNet-50,Hue rotation,198,1,bird,-31.622175,14.406688
ResNet-50,Hue rotation,261,1,bird,-21.847555,27.676172
ResNet-50,Hue rotation,304,1,bird,-32.577435,18.51999
ResNet-50,Hue rotation,825,1,bird,-20.873669,26.505548
ResNet-50,Hue rotation,1090,1,bird,-21.306965,26.962648
ResNet-50,Hue rotation,1109,1,bird,-23.076134,24.078367
ResNet-50,Hue rotation,1115,1,bird,-28.17341,13.751934
ResNet-50,Hue rotation,1230,1,bird,-25.02039,28.341318
ResNet-50,Hue rotation,1436,1,bird,-31.91551,29.804712
ResNet-50,Hue rotation,1568,1,bird,-25.731905,15.904231
ResNet-50,Hue rotation,1852,1,bird,-33.349148,24.140156
ResNet-50,Hue rotation,1871,1,bird,-27.385069,14.423124
ResNet-50,Hue rotation,1986,1,bird,-25.16088,18.410135
ResNet-50,Hue rotation,1993,1,bird,-32.24893,30.335629
ResNet-50,Hue rotation,2070,1,bird,-35.035072,12.680252
ResNet-50,Hue rotation,2095,1,bird,-31.358938,16.512781
ResNet-50,Hue rotation,2116,1,bird,-28.683157,-6.2320333
ResNet-50,Hue rotation,2157,1,bird,-27.818304,14.793435
ResNet-50,Hue rotation,2178,1,bird,-25.788515,23.370344
ResNet-50,Hue rotation,2687,1,bird,-34.21799,21.35966
ResNet-50,Hue rotation,2690,1,bird,-34.197147,21.415064
ResNet-50,Hue rotation,3079,1,bird,-32.625374,27.943285
ResNet-50,Hue rotation,3413,1,bird,-32.812286,26.677977
ResNet-50,Hue rotation,3491,1,bird,-33.45616,22.487833
ResNet-50,Hue rotation,3550,1,bird,-20.142225,23.25664
ResNet-50,Hue rotation,3937,1,bird,-29.229269,25.93919
ResNet-50,Hue rotation,4298,1,bird,-33.378548,26.368845
ResNet-50,Hue rotation,4640,1,bird,-35.473206,9.637808
ResNet-50,Hue rotation,5092,1,bird,-31.797428,28.923494
ResNet-50,Hue rotation,5123,1,bird,-23.281878,28.684568
ResNet-50,Hue rotation,5220,1,bird,-30.862225,12.785574
ResNet-50,Hue rotation,5256,1,bird,-29.60193,25.40285
ResNet-50,Hue rotation,5488,1,bird,-46.81557,5.690862
ResNet-50,Hue rotation,5560,1,bird,-23.252922,15.133122
ResNet-50,Hue rotation,6076,1,bird,-32.23834,27.377346
ResNet-50,Hue rotation,6169,1,bird,-28.279474,13.838638
ResNet-50,Hue rotation,6349,1,bird,-34.016117,19.369312
ResNet-50,Hue rotation,6594,1,bird,-22.070183,24.68706
ResNet-50,Hue rotation,6733,1,bird,-25.248838,18.331457
ResNet-50,Hue rotation,6805,1,bird,-21.875147,26.108063
ResNet-50,Hue rotation,6836,1,bird,-31.669884,20.217186
ResNet-50,Hue rotation,6938,1,bird,-33.245316,27.980097
ResNet-50,Hue rotation,6954,1,bird,-30.837927,15.807029
ResNet-50,Hue rotation,7029,1,bird,-32.782898,28.838144
ResNet-50,Hue rotation,7033,1,bird,-35.240974,12.8115
ResNet-50,Hue rotation,7202,1,bird,-29.667927,24.579397
ResNet-50,Hue rotation,7390,1,bird,-23.608698,25.921522
ResNet-50,Hue rotation,7955,1,bird,-32.499653,27.327559
ResNet-50,Hue rotation,35,2,car,43.046448,-20.17665
ResNet-50,Hue rotation,49,2,car,41.3646,-23.449383
ResNet-50,Hue rotation,317,2,car,34.076576,-23.844473
ResNet-50,Hue rotation,409,2,car,37.606594,-32.52932
ResNet-50,Hue rotation,470,2,car,37.27637,-37.39617
ResNet-50,Hue rotation,483,2,car,33.23818,-18.807068
ResNet-50,Hue rotation,714,2,car,33.219616,-18.124304
ResNet-50,Hue rotation,981,2,car,33.233624,-23.71618
ResNet-50,Hue rotation,1202,2,car,33.07192,-19.79005
ResNet-50,Hue rotation,1403,2,car,37.60988,-26.394024
ResNet-50,Hue rotation,1520,2,car,40.834923,-17.714195
ResNet-50,Hue rotation,1586,2,car,31.435204,-22.035704
ResNet-50,Hue rotation,1814,2,car,42.14226,-22.622078
ResNet-50,Hue rotation,1839,2,car,33.20578,-25.53453
ResNet-50,Hue rotation,2082,2,car,31.01146,-20.352571
ResNet-50,Hue rotation,2392,2,car,39.00975,-23.804886
ResNet-50,Hue rotation,2502,2,car,35.803318,-37.754738
ResNet-50,Hue rotation,3024,2,car,42.230316,-20.100853
ResNet-50,Hue rotation,3067,2,car,42.549618,-22.971498
ResNet-50,Hue rotation,3163,2,car,37.825283,-27.023363
ResNet-50,Hue rotation,3362,2,car,36.054283,-38.431763
ResNet-50,Hue rotation,3454,2,car,34.882336,-31.093164
ResNet-50,Hue rotation,3755,2,car,36.11166,-28.755451
ResNet-50,Hue rotation,4065,2,car,36.77739,-17.056253
ResNet-50,Hue rotation,4735,2,car,42.435535,-21.847885
ResNet-50,Hue rotation,4913,2,car,38.44833,-22.72045
ResNet-50,Hue rotation,4921,2,car,35.492897,-27.934824
ResNet-50,Hue rotation,5030,2,car,36.488075,-37.77967
ResNet-50,Hue rotation,5183,2,car,38.303818,-37.72679
ResNet-50,Hue rotation,5218,2,car,36.89704,-37.80433
ResNet-50,Hue rotation,5237,2,car,36.827065,-21.455877
ResNet-50,Hue rotation,5318,2,car,33.91001,-18.294022
ResNet-50,Hue rotation,5333,2,car,36.933037,-24.389977
ResNet-50,Hue rotation,5395,2,car,36.166115,-32.569473
ResNet-50,Hue rotation,5512,2,car,32.86838,-6.9544597
ResNet-50,Hue rotation,5677,2,car,37.215702,-24.900686
ResNet-50,Hue rotation,5756,2,car,41.764145,-27.879255
ResNet-50,Hue rotation,5824,2,car,35.15973,-31.064919
ResNet-50,Hue rotation,6028,2,car,32.269577,-26.33
ResNet-50,Hue rotation,6244,2,car,33.02054,-22.565578
ResNet-50,Hue rotation,6264,2,car,37.66609,-28.565254
ResNet-50,Hue rotation,6271,2,car,36.099827,-33.71354
ResNet-50,Hue rotation,6332,2,car,43.51516,-21.144594
ResNet-50,Hue rotation,6354,2,car,34.99705,-17.358982
ResNet-50,Hue rotation,6426,2,car,40.78874,-25.998423
ResNet-50,Hue rotation,6503,2,car,38.695072,-21.556833
ResNet-50,Hue rotation,6616,2,car,31.398504,-21.630554
ResNet-50,Hue rotation,6692,2,car,31.147089,-21.101223
ResNet-50,Hue rotation,7084,2,car,40.179676,-29.48307
ResNet-50,Hue rotation,7425,2,car,42.749775,-27.99419
ResNet-50,Hue rotation,176,3,cat,-27.930283,-4.173402
ResNet-50,Hue rotation,365,3,cat,-20.168667,2.6127207
ResNet-50,Hue rotation,372,3,cat,-31.136133,12.185981
ResNet-50,Hue rotation,391,3,cat,-23.545872,-5.8291574
ResNet-50,Hue rotation,632,3,cat,-27.2893,-2.2960486
ResNet-50,Hue rotation,672,3,cat,-23.868504,-4.2856107
ResNet-50,Hue rotation,677,3,cat,-23.62611,3.096749
ResNet-50,Hue rotation,738,3,cat,-28.54153,10.401151
ResNet-50,Hue rotation,791,3,cat,-24.326122,2.5942574
ResNet-50,Hue rotation,979,3,cat,-18.140162,1.1593782
ResNet-50,Hue rotation,1204,3,cat,-28.207882,-5.187827
ResNet-50,Hue rotation,1263,3,cat,-21.709562,-6.692212
ResNet-50,Hue rotation,1370,3,cat,-20.104467,3.4064488
ResNet-50,Hue rotation,1401,3,cat,-23.466122,-2.040107
ResNet-50,Hue rotation,1431,3,cat,-13.299399,6.625743
ResNet-50,Hue rotation,1531,3,cat,-18.59102,-9.861102
ResNet-50,Hue rotation,1563,3,cat,-25.216959,-12.693004
ResNet-50,Hue rotation,2028,3,cat,-19.906824,-1.4670742
ResNet-50,Hue rotation,2291,3,cat,-24.777142,-11.007353
ResNet-50,Hue rotation,2536,3,cat,-27.931063,-3.5851736
ResNet-50,Hue rotation,2539,3,cat,-30.283165,1.7572957
ResNet-50,Hue rotation,2754,3,cat,-29.838104,-2.3373735
ResNet-50,Hue rotation,2861,3,cat,-22.680368,-0.30449682
ResNet-50,Hue rotation,3276,3,cat,-22.95853,-13.34887
ResNet-50,Hue rotation,3375,3,cat,-20.854229,-5.9481764
ResNet-50,Hue rotation,3383,3,cat,-32.4517,-2.815688
ResNet-50,Hue rotation,3562,3,cat,-15.514567,-20.98648
ResNet-50,Hue rotation,3778,3,cat,-17.378197,7.3560643
ResNet-50,Hue rotation,3851,3,cat,-14.986639,4.7353125
ResNet-50,Hue rotation,3914,3,cat,-27.72395,-2.2435908
ResNet-50,Hue rotation,4023,3,cat,-22.366995,-10.085116
ResNet-50,Hue rotation,4168,3,cat,-22.421497,3.6160476
ResNet-50,Hue rotation,4215,3,cat,-29.564793,10.791329
ResNet-50,Hue rotation,4229,3,cat,-25.879786,-2.732972
ResNet-50,Hue rotation,4323,3,cat,-16.521358,2.009625
ResNet-50,Hue rotation,4330,3,cat,-15.0957,-21.202814
ResNet-50,Hue rotation,4463,3,cat,-24.53831,0.752922
ResNet-50,Hue rotation,4531,3,cat,-22.196241,-14.362075
ResNet-50,Hue rotation,4590,3,cat,-25.027489,-1.8833584
ResNet-50,Hue rotation,4609,3,cat,-29.053562,-8.551481
ResNet-50,Hue rotation,4821,3,cat,-27.22026,0.786906
ResNet-50,Hue rotation,4881,3,cat,-35.060772,12.61477
ResNet-50,Hue rotation,4908,3,cat,-28.396643,-0.5500335
ResNet-50,Hue rotation,5528,3,cat,-14.954505,1.7067904
ResNet-50,Hue rotation,6490,3,cat,-27.885115,12.5955
ResNet-50,Hue rotation,6952,3,cat,-17.570362,4.0636125
ResNet-50,Hue rotation,7416,3,cat,-13.9638405,7.0696855
ResNet-50,Hue rotation,7744,3,cat,-13.342609,7.250359
ResNet-50,Hue rotation,7793,3,cat,-5.2306433,5.431993
ResNet-50,Hue rotation,7797,3,cat,-30.46395,-6.2256575
ResNet-50,Hue rotation,171,4,deer,-17.447067,-29.728722
ResNet-50,Hue rotation,506,4,deer,-15.566129,-23.734684
ResNet-50,Hue rotation,691,4,deer,-23.6446,-27.016363
ResNet-50,Hue rotation,766,4,deer,-2.973375,-31.750336
ResNet-50,Hue rotation,855,4,deer,-7.8818684,-28.269358
ResNet-50,Hue rotation,1111,4,deer,-10.868551,-31.363535
ResNet-50,Hue rotation,1124,4,deer,-22.418621,-33.708637
ResNet-50,Hue rotation,1211,4,deer,-19.542875,-31.13855
ResNet-50,Hue rotation,1266,4,deer,-25.143011,-25.031155
ResNet-50,Hue rotation,1429,4,deer,-17.731668,-22.847921
ResNet-50,Hue rotation,1960,4,deer,-24.692543,-20.836813
ResNet-50,Hue rotation,2399,4,deer,-10.623265,-30.128233
ResNet-50,Hue rotation,2704,4,deer,-24.204773,-31.820084
ResNet-50,Hue rotation,2757,4,deer,-13.532975,-21.498997
ResNet-50,Hue rotation,2898,4,deer,-18.348965,-31.129126
ResNet-50,Hue rotation,3034,4,deer,-18.29277,-33.100506
ResNet-50,Hue rotation,3078,4,deer,-23.290552,-28.871061
ResNet-50,Hue rotation,3122,4,deer,-16.09058,-25.096045
ResNet-50,Hue rotation,3179,4,deer,-10.972279,-32.966797
ResNet-50,Hue rotation,3287,4,deer,-13.797495,-32.266777
ResNet-50,Hue rotation,3365,4,deer,-9.117826,-29.193132
ResNet-50,Hue rotation,3458,4,deer,-18.587965,-29.795174
ResNet-50,Hue rotation,3512,4,deer,-20.188671,-34.23718
ResNet-50,Hue rotation,3763,4,deer,-16.964184,-31.790808
ResNet-50,Hue rotation,3891,4,deer,-16.782436,-20.414272
ResNet-50,Hue rotation,3994,4,deer,-19.576351,-32.1028
ResNet-50,Hue rotation,4054,4,deer,-12.383608,-32.074234
ResNet-50,Hue rotation,4629,4,deer,-16.341415,-25.33814
ResNet-50,Hue rotation,4642,4,deer,-20.75742,-32.011856
ResNet-50,Hue rotation,4740,4,deer,-11.770204,-33.164955
ResNet-50,Hue rotation,5062,4,deer,-22.919033,-31.286179
ResNet-50,Hue rotation,5077,4,deer,-11.214385,-32.646343
ResNet-50,Hue rotation,5135,4,deer,-24.038385,-21.319107
ResNet-50,Hue rotation,5213,4,deer,-15.108655,-32.571556
ResNet-50,Hue rotation,5402,4,deer,-13.14905,-33.25583
ResNet-50,Hue rotation,5467,4,deer,-6.7224255,-31.120932
ResNet-50,Hue rotation,5556,4,deer,-14.364829,-33.779076
ResNet-50,Hue rotation,5623,4,deer,-16.287361,-27.767342
ResNet-50,Hue rotation,5789,4,deer,-15.29237,-22.924217
ResNet-50,Hue rotation,6033,4,deer,-19.109535,-37.73926
ResNet-50,Hue rotation,6097,4,deer,-12.859551,-33.446674
ResNet-50,Hue rotation,6288,4,deer,-25.163736,-21.72583
ResNet-50,Hue rotation,6508,4,deer,-11.9815855,-33.799473
ResNet-50,Hue rotation,6528,4,deer,-26.129963,-27.544657
ResNet-50,Hue rotation,7475,4,deer,-5.074216,-30.214401
ResNet-50,Hue rotation,7610,4,deer,-24.400723,-27.969631
ResNet-50,Hue rotation,7692,4,deer,-15.53737,-20.946985
ResNet-50,Hue rotation,7864,4,deer,-12.5907755,-32.582268
ResNet-50,Hue rotation,7940,4,deer,-18.957865,-32.22946
ResNet-50,Hue rotation,7944,4,deer,21.46183,17.040277
ResNet-50,Hue rotation,97,5,dog,-12.061813,10.0829
ResNet-50,Hue rotation,319,5,dog,-0.7910383,4.8736887
ResNet-50,Hue rotation,378,5,dog,-11.660715,11.5598
ResNet-50,Hue rotation,568,5,dog,-10.760231,12.355788
ResNet-50,Hue rotation,645,5,dog,-6.893573,-6.102934
ResNet-50,Hue rotation,685,5,dog,-6.5939083,-2.9866965
ResNet-50,Hue rotation,1095,5,dog,5.63254,-2.5586793
ResNet-50,Hue rotation,1552,5,dog,-2.7483358,-5.940864
ResNet-50,Hue rotation,1626,5,dog,-9.128979,-2.74712
ResNet-50,Hue rotation,1644,5,dog,1.4263397,2.7713947
ResNet-50,Hue rotation,1877,5,dog,-24.215162,-20.286469
ResNet-50,Hue rotation,2265,5,dog,-1.9814702,-5.8766565
ResNet-50,Hue rotation,2268,5,dog,-11.047423,11.690302
ResNet-50,Hue rotation,2334,5,dog,-0.55135745,-2.3336518
ResNet-50,Hue rotation,2391,5,dog,-8.07841,-12.30051
ResNet-50,Hue rotation,2427,5,dog,1.5145476,-2.2011023
ResNet-50,Hue rotation,2458,5,dog,-5.342799,-10.960265
ResNet-50,Hue rotation,2623,5,dog,-10.145559,-5.120914
ResNet-50,Hue rotation,2766,5,dog,-10.875721,9.649015
ResNet-50,Hue rotation,2807,5,dog,-35.521362,10.587115
ResNet-50,Hue rotation,2950,5,dog,28.939726,3.1219177
ResNet-50,Hue rotation,3353,5,dog,-21.476355,10.517488
ResNet-50,Hue rotation,3852,5,dog,-9.255933,-0.11251859
ResNet-50,Hue rotation,3863,5,dog,6.2914405,-1.3075962
ResNet-50,Hue rotation,3889,5,dog,-8.052621,6.6998186
ResNet-50,Hue rotation,4106,5,dog,-6.485723,-11.723962
ResNet-50,Hue rotation,4290,5,dog,-8.379067,-12.545784
ResNet-50,Hue rotation,4547,5,dog,-1.4160035,4.4139132
ResNet-50,Hue rotation,4570,5,dog,0.7744071,-3.851989
ResNet-50,Hue rotation,4850,5,dog,-8.810977,-5.004491
ResNet-50,Hue rotation,4953,5,dog,-0.5327843,6.0082917
ResNet-50,Hue rotation,4966,5,dog,-7.4364257,0.81172144
ResNet-50,Hue rotation,5101,5,dog,-2.5107014,1.6608864
ResNet-50,Hue rotation,5332,5,dog,-7.99505,-8.477388
ResNet-50,Hue rotation,5381,5,dog,-6.6353755,-0.9198925
ResNet-50,Hue rotation,5496,5,dog,-1.8762565,2.6463065
ResNet-50,Hue rotation,5701,5,dog,-11.311364,-2.2731705
ResNet-50,Hue rotation,5924,5,dog,0.3462901,-3.4581273
ResNet-50,Hue rotation,6224,5,dog,1.4786615,-4.309596
ResNet-50,Hue rotation,6358,5,dog,-22.918316,-13.549564
ResNet-50,Hue rotation,6414,5,dog,-30.0044,12.034455
ResNet-50,Hue rotation,6716,5,dog,-3.981566,4.7258754
ResNet-50,Hue rotation,6922,5,dog,-5.9460664,-9.587348
ResNet-50,Hue rotation,6989,5,dog,2.5082405,2.9931479
ResNet-50,Hue rotation,7041,5,dog,-8.324297,4.389729
ResNet-50,Hue rotation,7130,5,dog,4.344951,-0.03656136
ResNet-50,Hue rotation,7413,5,dog,-10.989131,10.745011
ResNet-50,Hue rotation,7474,5,dog,-5.050068,-7.4640436
ResNet-50,Hue rotation,7706,5,dog,-3.742338,-1.8360491
ResNet-50,Hue rotation,7776,5,dog,2.3812141,0.80914795
ResNet-50,Hue rotation,449,6,horse,0.14113481,-33.039314
ResNet-50,Hue rotation,545,6,horse,32.015873,-14.929728
ResNet-50,Hue rotation,873,6,horse,-4.755343,-22.79942
ResNet-50,Hue rotation,890,6,horse,-1.8662903,-31.908846
ResNet-50,Hue rotation,920,6,horse,-1.8370934,-22.0188
ResNet-50,Hue rotation,929,6,horse,-0.9065869,-26.202885
ResNet-50,Hue rotation,964,6,horse,5.3533983,-19.298073
ResNet-50,Hue rotation,977,6,horse,-1.3292489,-31.68418
ResNet-50,Hue rotation,1534,6,horse,9.923817,-23.753681
ResNet-50,Hue rotation,1667,6,horse,9.916415,-25.290762
ResNet-50,Hue rotation,2003,6,horse,-4.3295555,-30.262697
ResNet-50,Hue rotation,2610,6,horse,-1.5020599,-17.574314
ResNet-50,Hue rotation,2676,6,horse,8.485065,-18.893616
ResNet-50,Hue rotation,2958,6,horse,4.422861,-32.42892
ResNet-50,Hue rotation,3191,6,horse,11.880919,-17.823467
ResNet-50,Hue rotation,3292,6,horse,7.6235056,-18.936455
ResNet-50,Hue rotation,3418,6,horse,7.9212103,-32.333378
ResNet-50,Hue rotation,3494,6,horse,4.2911873,-28.992012
ResNet-50,Hue rotation,3515,6,horse,-6.753502,-28.14939
ResNet-50,Hue rotation,3777,6,horse,-5.3682175,-29.695475
ResNet-50,Hue rotation,3779,6,horse,-1.4330475,-22.158175
ResNet-50,Hue rotation,3844,6,horse,-1.4325448,-33.05054
ResNet-50,Hue rotation,3962,6,horse,0.8350188,-27.942354
ResNet-50,Hue rotation,4011,6,horse,2.9896731,-27.880743
ResNet-50,Hue rotation,4093,6,horse,5.248,-18.429781
ResNet-50,Hue rotation,4254,6,horse,-2.3222015,-26.898075
ResNet-50,Hue rotation,4341,6,horse,3.6747322,-31.339636
ResNet-50,Hue rotation,4411,6,horse,8.089514,-17.522396
ResNet-50,Hue rotation,4620,6,horse,7.720148,-18.177452
ResNet-50,Hue rotation,4731,6,horse,29.151249,2.9874206
ResNet-50,Hue rotation,4746,6,horse,-4.6650753,-26.000177
ResNet-50,Hue rotation,4754,6,horse,-1.3574538,-28.582216
ResNet-50,Hue rotation,4827,6,horse,4.1050153,-21.491404
ResNet-50,Hue rotation,5082,6,horse,5.0124965,-31.489809
ResNet-50,Hue rotation,5382,6,horse,10.836847,-19.2568
ResNet-50,Hue rotation,5408,6,horse,-3.5972989,-27.514421
ResNet-50,Hue rotation,5580,6,horse,-0.3931779,-29.542896
ResNet-50,Hue rotation,5729,6,horse,-0.5910277,-29.87981
ResNet-50,Hue rotation,5857,6,horse,1.5875527,-17.400202
ResNet-50,Hue rotation,5858,6,horse,-10.243657,-31.242268
ResNet-50,Hue rotation,6381,6,horse,12.060104,-22.737555
ResNet-50,Hue rotation,6713,6,horse,11.165557,-22.482092
ResNet-50,Hue rotation,7108,6,horse,-2.3413079,-34.339695
ResNet-50,Hue rotation,7338,6,horse,2.6836224,-22.91752
ResNet-50,Hue rotation,7555,6,horse,11.31873,-17.775457
ResNet-50,Hue rotation,7600,6,horse,4.7966933,-30.345406
ResNet-50,Hue rotation,7726,6,horse,1.1226944,-28.653858
ResNet-50,Hue rotation,7779,6,horse,11.199501,-17.875574
ResNet-50,Hue rotation,7781,6,horse,1.0622677,-26.026758
ResNet-50,Hue rotation,7996,6,horse,-0.28039786,-29.968418
ResNet-50,Hue rotation,29,7,monkey,-48.378147,-1.793628
ResNet-50,Hue rotation,269,7,monkey,-46.95539,-0.42528996
ResNet-50,Hue rotation,323,7,monkey,-53.86848,-2.4952404
ResNet-50,Hue rotation,370,7,monkey,-52.600266,-4.199929
ResNet-50,Hue rotation,1032,7,monkey,-40.656044,9.853947
ResNet-50,Hue rotation,1048,7,monkey,-48.931236,-5.485707
ResNet-50,Hue rotation,1220,7,monkey,-56.026985,1.269094
ResNet-50,Hue rotation,1287,7,monkey,-56.825043,3.71655
ResNet-50,Hue rotation,1296,7,monkey,-36.615906,9.948627
ResNet-50,Hue rotation,1440,7,monkey,-53.56868,-1.7637204
ResNet-50,Hue rotation,1473,7,monkey,-48.37777,7.0453987
ResNet-50,Hue rotation,1579,7,monkey,-48.12706,4.9363084
ResNet-50,Hue rotation,1703,7,monkey,-31.67317,11.906407
ResNet-50,Hue rotation,1711,7,monkey,-47.446537,6.308925
ResNet-50,Hue rotation,1771,7,monkey,-44.122234,-5.633362
ResNet-50,Hue rotation,1884,7,monkey,-40.524708,10.076616
ResNet-50,Hue rotation,1927,7,monkey,-51.712814,-4.238035
ResNet-50,Hue rotation,1956,7,monkey,-23.167105,10.591635
ResNet-50,Hue rotation,2501,7,monkey,-48.254604,1.5210316
ResNet-50,Hue rotation,2668,7,monkey,-54.135777,1.3614242
ResNet-50,Hue rotation,2746,7,monkey,-49.155613,8.094651
ResNet-50,Hue rotation,2854,7,monkey,-53.701626,1.3625592
ResNet-50,Hue rotation,3153,7,monkey,-54.004135,1.7592802
ResNet-50,Hue rotation,3288,7,monkey,-56.814564,4.152883
ResNet-50,Hue rotation,3404,7,monkey,-51.410625,-3.7599018
ResNet-50,Hue rotation,3446,7,monkey,-37.47941,10.954478
ResNet-50,Hue rotation,3467,7,monkey,-25.842026,-15.256837
ResNet-50,Hue rotation,3542,7,monkey,-51.38827,-5.3590593
ResNet-50,Hue rotation,3867,7,monkey,-48.615158,1.6846607
ResNet-50,Hue rotation,4172,7,monkey,-38.557384,8.528444
ResNet-50,Hue rotation,4236,7,monkey,-46.564907,10.091833
ResNet-50,Hue rotation,4308,7,monkey,-36.090168,8.672613
ResNet-50,Hue rotation,4403,7,monkey,-51.4732,-2.257381
ResNet-50,Hue rotation,4661,7,monkey,-40.475414,8.268461
ResNet-50,Hue rotation,4704,7,monkey,-37.941383,8.4544325
ResNet-50,Hue rotation,4748,7,monkey,-48.75091,9.11185
ResNet-50,Hue rotation,4791,7,monkey,-51.62618,-3.7598891
ResNet-50,Hue rotation,5436,7,monkey,-56.62162,4.598875
ResNet-50,Hue rotation,5450,7,monkey,-47.49116,10.184564
ResNet-50,Hue rotation,5719,7,monkey,-46.85915,12.495807
ResNet-50,Hue rotation,5848,7,monkey,-54.028927,5.9318113
ResNet-50,Hue rotation,5977,7,monkey,-45.858204,11.217689
ResNet-50,Hue rotation,6084,7,monkey,-46.217293,13.239726
ResNet-50,Hue rotation,6190,7,monkey,-54.47879,1.7507821
ResNet-50,Hue rotation,6650,7,monkey,-42.595592,9.59656
ResNet-50,Hue rotation,6726,7,monkey,-52.8332,0.09363175
ResNet-50,Hue rotation,6772,7,monkey,-36.16884,11.953478
ResNet-50,Hue rotation,7081,7,monkey,-43.32359,11.004636
ResNet-50,Hue rotation,7270,7,monkey,-45.65096,7.767487
ResNet-50,Hue rotation,7835,7,monkey,-47.57442,-4.6933126
ResNet-50,Hue rotation,151,8,ship,32.89943,12.829185
ResNet-50,Hue rotation,194,8,ship,36.539413,13.922186
ResNet-50,Hue rotation,667,8,ship,34.341084,15.505539
ResNet-50,Hue rotation,706,8,ship,35.451973,27.079737
ResNet-50,Hue rotation,716,8,ship,43.276394,19.949795
ResNet-50,Hue rotation,739,8,ship,36.556988,12.438906
ResNet-50,Hue rotation,962,8,ship,33.986607,12.730218
ResNet-50,Hue rotation,1129,8,ship,30.995817,13.894622
ResNet-50,Hue rotation,1247,8,ship,36.598553,11.430951
ResNet-50,Hue rotation,1640,8,ship,27.884558,25.33931
ResNet-50,Hue rotation,1783,8,ship,30.530863,14.0678215
ResNet-50,Hue rotation,1833,8,ship,36.98074,12.556716
ResNet-50,Hue rotation,1954,8,ship,22.524149,20.54032
ResNet-50,Hue rotation,2109,8,ship,34.986412,27.955011
ResNet-50,Hue rotation,2191,8,ship,32.088844,12.803711
ResNet-50,Hue rotation,2230,8,ship,35.70579,9.112705
ResNet-50,Hue rotation,2340,8,ship,35.682453,13.94537
ResNet-50,Hue rotation,2342,8,ship,29.711115,14.837489
ResNet-50,Hue rotation,2745,8,ship,34.21757,13.254094
ResNet-50,Hue rotation,2844,8,ship,32.81054,28.520172
ResNet-50,Hue rotation,3015,8,ship,34.378483,9.9911175
ResNet-50,Hue rotation,3157,8,ship,34.008457,9.968052
ResNet-50,Hue rotation,3412,8,ship,30.339584,11.780043
ResNet-50,Hue rotation,3905,8,ship,36.69393,29.735142
ResNet-50,Hue rotation,3948,8,ship,38.197765,26.373987
ResNet-50,Hue rotation,4069,8,ship,21.333559,18.163807
ResNet-50,Hue rotation,4170,8,ship,33.49711,11.584729
ResNet-50,Hue rotation,4177,8,ship,33.02994,11.862062
ResNet-50,Hue rotation,4242,8,ship,37.30147,12.646663
ResNet-50,Hue rotation,4311,8,ship,31.464901,14.482872
ResNet-50,Hue rotation,4355,8,ship,34.287212,8.008036
ResNet-50,Hue rotation,4552,8,ship,35.37673,8.114451
ResNet-50,Hue rotation,4662,8,ship,33.590763,25.148474
ResNet-50,Hue rotation,4676,8,ship,35.268787,13.69765
ResNet-50,Hue rotation,4990,8,ship,35.62223,9.307539
ResNet-50,Hue rotation,5000,8,ship,28.53627,15.58498
ResNet-50,Hue rotation,5451,8,ship,31.698221,11.723685
ResNet-50,Hue rotation,5525,8,ship,34.302067,27.497019
ResNet-50,Hue rotation,5694,8,ship,37.83753,28.458948
ResNet-50,Hue rotation,5705,8,ship,34.781425,23.143925
ResNet-50,Hue rotation,6434,8,ship,32.141605,13.534799
ResNet-50,Hue rotation,6689,8,ship,34.809486,5.1382227
ResNet-50,Hue rotation,7138,8,ship,33.87525,14.9541855
ResNet-50,Hue rotation,7446,8,ship,37.155342,27.004564
ResNet-50,Hue rotation,7460,8,ship,36.241825,8.733626
ResNet-50,Hue rotation,7476,8,ship,22.34865,19.228949
ResNet-50,Hue rotation,7810,8,ship,31.792435,13.789166
ResNet-50,Hue rotation,7818,8,ship,41.130005,18.154346
ResNet-50,Hue rotation,7875,8,ship,30.695625,2.540047
ResNet-50,Hue rotation,7999,8,ship,30.258343,12.116068
ResNet-50,Hue rotation,131,9,truck,39.631927,0.21149099
ResNet-50,Hue rotation,191,9,truck,43.48304,-3.7296653
ResNet-50,Hue rotation,239,9,truck,40.584225,-0.8068891
ResNet-50,Hue rotation,276,9,truck,32.726162,3.056528
ResNet-50,Hue rotation,303,9,truck,52.11829,-1.8391616
ResNet-50,Hue rotation,419,9,truck,44.024166,-0.9073517
ResNet-50,Hue rotation,603,9,truck,44.908424,5.63511
ResNet-50,Hue rotation,805,9,truck,31.941242,1.6678531
ResNet-50,Hue rotation,852,9,truck,51.536777,-3.0655088
ResNet-50,Hue rotation,1022,9,truck,32.423134,3.2830393
ResNet-50,Hue rotation,1411,9,truck,47.9946,3.847205
ResNet-50,Hue rotation,1430,9,truck,32.283253,0.45814714
ResNet-50,Hue rotation,1468,9,truck,40.155674,-7.817326
ResNet-50,Hue rotation,1515,9,truck,49.165066,-2.319061
ResNet-50,Hue rotation,1654,9,truck,38.28608,-1.9747028
ResNet-50,Hue rotation,1836,9,truck,52.28073,2.0908084
ResNet-50,Hue rotation,2011,9,truck,44.94019,0.74043226
ResNet-50,Hue rotation,2062,9,truck,47.68852,-1.4379499
ResNet-50,Hue rotation,2114,9,truck,39.942657,-8.307526
ResNet-50,Hue rotation,2167,9,truck,51.982937,3.6966848
ResNet-50,Hue rotation,2351,9,truck,52.730606,-1.2679007
ResNet-50,Hue rotation,2414,9,truck,35.190857,4.18023
ResNet-50,Hue rotation,2655,9,truck,39.95902,-2.4720461
ResNet-50,Hue rotation,3318,9,truck,32.91446,-3.5876143
ResNet-50,Hue rotation,3893,9,truck,40.456352,-8.484275
ResNet-50,Hue rotation,3942,9,truck,33.255707,-1.5090688
ResNet-50,Hue rotation,3996,9,truck,25.378304,2.582745
ResNet-50,Hue rotation,4094,9,truck,48.343388,4.2108903
ResNet-50,Hue rotation,4449,9,truck,35.88506,6.772952
ResNet-50,Hue rotation,4723,9,truck,32.264034,2.72353
ResNet-50,Hue rotation,5284,9,truck,31.546465,1.136448
ResNet-50,Hue rotation,5301,9,truck,41.646084,2.3144774
ResNet-50,Hue rotation,5360,9,truck,39.403553,-3.1048071
ResNet-50,Hue rotation,5447,9,truck,49.841087,0.46762523
ResNet-50,Hue rotation,5452,9,truck,42.77077,3.6798146
ResNet-50,Hue rotation,5508,9,truck,47.027588,0.028699273
ResNet-50,Hue rotation,5572,9,truck,34.953136,0.5695401
ResNet-50,Hue rotation,5590,9,truck,45.989803,4.42848
ResNet-50,Hue rotation,5788,9,truck,32.885258,0.85521805
ResNet-50,Hue rotation,5851,9,truck,52.86514,0.21516891
ResNet-50,Hue rotation,5915,9,truck,35.04821,-0.69200337
ResNet-50,Hue rotation,5981,9,truck,42.24281,3.9290714
ResNet-50,Hue rotation,6931,9,truck,30.756939,1.0981476
ResNet-50,Hue rotation,7047,9,truck,51.973354,-2.2919176
ResNet-50,Hue rotation,7266,9,truck,29.353676,-1.9552487
ResNet-50,Hue rotation,7380,9,truck,49.327976,-2.2038162
ResNet-50,Hue rotation,7544,9,truck,38.90974,-8.02199
ResNet-50,Hue rotation,7752,9,truck,39.25153,-9.157413
ResNet-50,Hue rotation,7938,9,truck,34.39066,0.7096424
ResNet-50,Hue rotation,7995,9,truck,43.358192,-3.162988
ViT-B/16,Clean,3,0,airplane,25.802631,37.590782
ViT-B/16,Clean,42,0,airplane,17.047192,37.679726
ViT-B/16,Clean,81,0,airplane,16.641224,29.217052
ViT-B/16,Clean,484,0,airplane,29.88235,21.181156
ViT-B/16,Clean,562,0,airplane,24.278227,29.994232
ViT-B/16,Clean,1175,0,airplane,18.367893,37.87509
ViT-B/16,Clean,1389,0,airplane,19.699148,35.760967
ViT-B/16,Clean,1553,0,airplane,22.675623,40.168526
ViT-B/16,Clean,1596,0,airplane,28.070597,21.868877
ViT-B/16,Clean,1648,0,airplane,20.47908,40.625767
ViT-B/16,Clean,1977,0,airplane,13.527086,34.655785
ViT-B/16,Clean,2024,0,airplane,19.340643,22.097042
ViT-B/16,Clean,2242,0,airplane,27.257082,21.2751
ViT-B/16,Clean,2750,0,airplane,28.905592,21.215746
ViT-B/16,Clean,2888,0,airplane,24.178827,39.420414
ViT-B/16,Clean,3025,0,airplane,21.410025,32.130707
ViT-B/16,Clean,3083,0,airplane,27.80936,21.565773
ViT-B/16,Clean,3347,0,airplane,14.592546,33.320637
ViT-B/16,Clean,3437,0,airplane,27.714033,20.483997
ViT-B/16,Clean,3455,0,airplane,12.91303,34.868088
ViT-B/16,Clean,3876,0,airplane,24.901072,33.655346
ViT-B/16,Clean,3965,0,airplane,21.453232,41.24262
ViT-B/16,Clean,4130,0,airplane,16.691694,33.53536
ViT-B/16,Clean,4399,0,airplane,18.544088,28.869967
ViT-B/16,Clean,4539,0,airplane,14.287099,33.650944
ViT-B/16,Clean,4615,0,airplane,17.146109,36.335545
ViT-B/16,Clean,4617,0,airplane,14.25758,32.639233
ViT-B/16,Clean,4675,0,airplane,20.999844,41.420834
ViT-B/16,Clean,4785,0,airplane,22.442278,42.223534
ViT-B/16,Clean,4819,0,airplane,15.543983,32.037262
ViT-B/16,Clean,4893,0,airplane,22.98362,40.96323
ViT-B/16,Clean,5117,0,airplane,13.907123,33.96813
ViT-B/16,Clean,5478,0,airplane,18.945587,21.9724
ViT-B/16,Clean,5912,0,airplane,23.652052,29.72963
ViT-B/16,Clean,5918,0,airplane,19.291943,33.228455
ViT-B/16,Clean,5999,0,airplane,18.31655,31.811476
ViT-B/16,Clean,6437,0,airplane,23.240326,40.71135
ViT-B/16,Clean,6455,0,airplane,19.963154,22.542898
ViT-B/16,Clean,6609,0,airplane,13.140049,31.941133
ViT-B/16,Clean,6844,0,airplane,15.353564,36.169495
ViT-B/16,Clean,6986,0,airplane,29.857763,21.089561
ViT-B/16,Clean,7009,0,airplane,20.786242,34.903294
ViT-B/16,Clean,7150,0,airplane,20.27498,38.626705
ViT-B/16,Clean,7262,0,airplane,13.920172,33.240532
ViT-B/16,Clean,7309,0,airplane,22.643696,39.654835
ViT-B/16,Clean,7320,0,airplane,19.593203,30.308992
ViT-B/16,Clean,7372,0,airplane,22.005836,41.336536
ViT-B/16,Clean,7373,0,airplane,23.417028,41.58725
ViT-B/16,Clean,7465,0,airplane,22.38396,40.007286
ViT-B/16,Clean,7634,0,airplane,18.694572,35.12064
ViT-B/16,Clean,95,1,bird,-0.084679164,21.976763
ViT-B/16,Clean,116,1,bird,-2.0223596,16.547676
ViT-B/16,Clean,198,1,bird,-7.354242,17.540207
ViT-B/16,Clean,261,1,bird,0.9629584,11.177454
ViT-B/16,Clean,304,1,bird,-13.123822,12.234438
ViT-B/16,Clean,825,1,bird,2.6278677,11.230002
ViT-B/16,Clean,1090,1,bird,3.1802564,10.28179
ViT-B/16,Clean,1109,1,bird,3.7262888,8.012757
ViT-B/16,Clean,1115,1,bird,-11.4667845,10.013112
ViT-B/16,Clean,1230,1,bird,-11.649674,6.5550528
ViT-B/16,Clean,1436,1,bird,1.2108393,19.49624
ViT-B/16,Clean,1568,1,bird,-9.223722,15.802322
ViT-B/16,Clean,1852,1,bird,-4.055261,21.505789
ViT-B/16,Clean,1871,1,bird,-6.885217,10.466719
ViT-B/16,Clean,1986,1,bird,-6.5940595,10.788399
ViT-B/16,Clean,1993,1,bird,-1.1422276,21.814068
ViT-B/16,Clean,2070,1,bird,-5.9298925,16.822075
ViT-B/16,Clean,2095,1,bird,-12.54802,17.98794
ViT-B/16,Clean,2116,1,bird,-31.145031,-0.623882
ViT-B/16,Clean,2157,1,bird,-5.8618956,17.648178
ViT-B/16,Clean,2178,1,bird,-2.3032036,18.166916
ViT-B/16,Clean,2687,1,bird,-2.4119625,21.182901
ViT-B/16,Clean,2690,1,bird,-5.871815,17.121605
ViT-B/16,Clean,3079,1,bird,1.3715888,19.068111
ViT-B/16,Clean,3413,1,bird,-3.440171,21.610275
ViT-B/16,Clean,3491,1,bird,-5.8788667,18.946337
ViT-B/16,Clean,3550,1,bird,2.259434,8.0901375
ViT-B/16,Clean,3937,1,bird,-7.161344,21.680168
ViT-B/16,Clean,4298,1,bird,-2.737697,21.328175
ViT-B/16,Clean,4640,1,bird,-5.205725,17.562593
ViT-B/16,Clean,5092,1,bird,0.87827873,20.168104
ViT-B/16,Clean,5123,1,bird,0.6398255,13.406905
ViT-B/16,Clean,5220,1,bird,-13.247706,8.459954
ViT-B/16,Clean,5256,1,bird,-7.0107627,21.13326
ViT-B/16,Clean,5488,1,bird,-26.004038,23.236523
ViT-B/16,Clean,5560,1,bird,-11.518016,6.510828
ViT-B/16,Clean,6076,1,bird,-1.3197376,21.935596
ViT-B/16,Clean,6169,1,bird,-11.169787,7.5088487
ViT-B/16,Clean,6349,1,bird,-5.6957927,18.716484
ViT-B/16,Clean,6594,1,bird,3.5874612,7.5759683
ViT-B/16,Clean,6733,1,bird,-6.602372,10.789183
ViT-B/16,Clean,6805,1,bird,2.0498261,10.726655
ViT-B/16,Clean,6836,1,bird,1.6194055,17.93226
ViT-B/16,Clean,6938,1,bird,-0.2639757,22.4957
ViT-B/16,Clean,6954,1,bird,-12.635007,17.755081
ViT-B/16,Clean,7029,1,bird,1.623144,18.135065
ViT-B/16,Clean,7033,1,bird,-6.602778,18.869421
ViT-B/16,Clean,7202,1,bird,1.5688528,17.781946
ViT-B/16,Clean,7390,1,bird,-10.577208,8.520463
ViT-B/16,Clean,7955,1,bird,-1.5112438,21.5746
ViT-B/16,Clean,35,2,car,27.92972,-32.026833
ViT-B/16,Clean,49,2,car,26.280409,-32.866703
ViT-B/16,Clean,317,2,car,22.889297,-31.558973
ViT-B/16,Clean,409,2,car,19.106512,-32.82504
ViT-B/16,Clean,470,2,car,17.128288,-33.651672
ViT-B/16,Clean,483,2,car,22.285048,-29.311686
ViT-B/16,Clean,714,2,car,20.23715,-18.260387
ViT-B/16,Clean,981,2,car,24.735334,-30.327097
ViT-B/16,Clean,1202,2,car,19.384058,-30.43673
ViT-B/16,Clean,1403,2,car,24.174032,-23.653448
ViT-B/16,Clean,1520,2,car,26.155743,-16.082453
ViT-B/16,Clean,1586,2,car,25.587294,-28.134045
ViT-B/16,Clean,1814,2,car,27.009836,-33.222916
ViT-B/16,Clean,1839,2,car,26.180956,-29.423862
ViT-B/16,Clean,2082,2,car,31.382715,-34.402008
ViT-B/16,Clean,2392,2,car,27.169712,-22.70876
ViT-B/16,Clean,2502,2,car,17.04679,-32.34224
ViT-B/16,Clean,3024,2,car,31.97254,-33.469105
ViT-B/16,Clean,3067,2,car,25.707193,-32.802143
ViT-B/16,Clean,3163,2,car,23.21588,-31.79894
ViT-B/16,Clean,3362,2,car,16.607449,-32.860386
ViT-B/16,Clean,3454,2,car,25.040585,-26.65318
ViT-B/16,Clean,3755,2,car,22.088482,-21.490213
ViT-B/16,Clean,4065,2,car,20.849205,-21.997976
ViT-B/16,Clean,4735,2,car,30.125204,-32.547527
ViT-B/16,Clean,4913,2,car,30.833954,-32.636093
ViT-B/16,Clean,4921,2,car,22.88836,-22.222956
ViT-B/16,Clean,5030,2,car,16.943525,-33.354267
ViT-B/16,Clean,5183,2,car,17.318314,-32.702618
ViT-B/16,Clean,5218,2,car,17.301964,-33.014984
ViT-B/16,Clean,5237,2,car,32.185444,-34.65489
ViT-B/16,Clean,5318,2,car,20.966827,-16.441986
ViT-B/16,Clean,5333,2,car,26.89241,-32.370583
ViT-B/16,Clean,5395,2,car,27.122976,-22.508379
ViT-B/16,Clean,5512,2,car,0.7538079,-20.065578
ViT-B/16,Clean,5677,2,car,22.25724,-22.880943
ViT-B/16,Clean,5756,2,car,24.418377,-20.62207
ViT-B/16,Clean,5824,2,car,21.50384,-20.044178
ViT-B/16,Clean,6028,2,car,24.135735,-29.123606
ViT-B/16,Clean,6244,2,car,23.594696,-28.886923
ViT-B/16,Clean,6264,2,car,26.38701,-23.397787
ViT-B/16,Clean,6271,2,car,17.502583,-31.777227
ViT-B/16,Clean,6332,2,car,31.003658,-31.61391
ViT-B/16,Clean,6354,2,car,21.92707,-29.693567
ViT-B/16,Clean,6426,2,car,25.097183,-29.904665
ViT-B/16,Clean,6503,2,car,30.368103,-34.798325
ViT-B/16,Clean,6616,2,car,26.405708,-32.69957
ViT-B/16,Clean,6692,2,car,30.017773,-32.86169
ViT-B/16,Clean,7084,2,car,24.47874,-21.67176
ViT-B/16,Clean,7425,2,car,21.37827,-33.572075
ViT-B/16,Clean,176,3,cat,-39.825863,3.3478222
ViT-B/16,Clean,365,3,cat,-30.094122,4.809692
ViT-B/16,Clean,372,3,cat,-22.64659,3.29128
ViT-B/16,Clean,391,3,cat,-33.75037,-1.9352233
ViT-B/16,Clean,632,3,cat,-38.007614,2.0344553
ViT-B/16,Clean,672,3,cat,-30.936867,-4.1316133
ViT-B/16,Clean,677,3,cat,-30.592346,4.8780794
ViT-B/16,Clean,738,3,cat,-22.252192,4.7609224
ViT-B/16,Clean,791,3,cat,-31.634047,4.5461416
ViT-B/16,Clean,979,3,cat,-25.771187,4.394406
ViT-B/16,Clean,1204,3,cat,-38.63383,4.148543
ViT-B/16,Clean,1263,3,cat,-34.920525,-4.7085032
ViT-B/16,Clean,1370,3,cat,-31.247807,6.1685767
ViT-B/16,Clean,1401,3,cat,-35.013096,2.1010315
ViT-B/16,Clean,1431,3,cat,-22.16179,10.267936
ViT-B/16,Clean,1531,3,cat,-32.115986,-9.471137
ViT-B/16,Clean,1563,3,cat,-26.706076,-4.601219
ViT-B/16,Clean,2028,3,cat,-30.671032,-7.7476454
ViT-B/16,Clean,2291,3,cat,-28.150814,-4.905571
ViT-B/16,Clean,2536,3,cat,-37.772377,1.6552445
ViT-B/16,Clean,2539,3,cat,-39.47819,2.412173
ViT-B/16,Clean,2754,3,cat,-35.012062,-1.574443
ViT-B/16,Clean,2861,3,cat,-28.328003,3.5981307
ViT-B/16,Clean,3276,3,cat,-29.811962,-10.120702
ViT-B/16,Clean,3375,3,cat,-31.459232,-9.556799
ViT-B/16,Clean,3383,3,cat,-35.477108,-2.3066332
ViT-B/16,Clean,3562,3,cat,-31.407457,-9.345264
ViT-B/16,Clean,3778,3,cat,-17.534815,6.2317286
ViT-B/16,Clean,3851,3,cat,-22.942656,8.233529
ViT-B/16,Clean,3914,3,cat,-35.97016,0.024656635
ViT-B/16,Clean,4023,3,cat,-31.0498,-9.300428
ViT-B/16,Clean,4168,3,cat,-29.818253,5.772336
ViT-B/16,Clean,4215,3,cat,-25.434837,3.4756913
ViT-B/16,Clean,4229,3,cat,-33.34687,2.5408819
ViT-B/16,Clean,4323,3,cat,-23.965029,6.1622233
ViT-B/16,Clean,4330,3,cat,-32.582443,-2.8555052
ViT-B/16,Clean,4463,3,cat,-30.598995,1.1957883
ViT-B/16,Clean,4531,3,cat,-34.99924,-3.3404844
ViT-B/16,Clean,4590,3,cat,-30.783163,4.341001
ViT-B/16,Clean,4609,3,cat,-29.128475,-4.2923603
ViT-B/16,Clean,4821,3,cat,-29.568083,4.915816
ViT-B/16,Clean,4881,3,cat,-38.3317,2.9448047
ViT-B/16,Clean,4908,3,cat,-35.62914,3.5620384
ViT-B/16,Clean,5528,3,cat,-24.408607,5.2665453
ViT-B/16,Clean,6490,3,cat,-40.242325,2.4570327
ViT-B/16,Clean,6952,3,cat,-24.378843,4.314284
ViT-B/16,Clean,7416,3,cat,-22.110529,7.341448
ViT-B/16,Clean,7744,3,cat,-20.447865,6.284272
ViT-B/16,Clean,7793,3,cat,-16.436693,3.385586
ViT-B/16,Clean,7797,3,cat,-31.343285,-3.1802578
ViT-B/16,Clean,171,4,deer,-31.951117,-32.146378
ViT-B/16,Clean,506,4,deer,-32.558647,-33.366745
ViT-B/16,Clean,691,4,deer,-29.490757,-28.287048
ViT-B/16,Clean,766,4,deer,-11.032073,-24.382238
ViT-B/16,Clean,855,4,deer,-30.3686,-31.122707
ViT-B/16,Clean,1111,4,deer,-18.973198,-34.666138
ViT-B/16,Clean,1124,4,deer,-30.758007,-27.151373
ViT-B/16,Clean,1211,4,deer,-27.853857,-35.697784
ViT-B/16,Clean,1266,4,deer,-31.838127,-32.961166
ViT-B/16,Clean,1429,4,deer,-25.050486,-31.200829
ViT-B/16,Clean,1960,4,deer,-11.188223,-7.408662
ViT-B/16,Clean,2399,4,deer,-24.019371,-33.347286
ViT-B/16,Clean,2704,4,deer,-31.77022,-32.284046
ViT-B/16,Clean,2757,4,deer,-19.46177,-28.745468
ViT-B/16,Clean,2898,4,deer,-30.576336,-32.923763
ViT-B/16,Clean,3034,4,deer,-28.193958,-33.10528
ViT-B/16,Clean,3078,4,deer,-33.801743,-32.42906
ViT-B/16,Clean,3122,4,deer,-26.843332,-31.624668
ViT-B/16,Clean,3179,4,deer,-19.5595,-30.718252
ViT-B/16,Clean,3287,4,deer,-29.39235,-34.90161
ViT-B/16,Clean,3365,4,deer,-25.094799,-33.041023
ViT-B/16,Clean,3458,4,deer,-29.317005,-35.3623
ViT-B/16,Clean,3512,4,deer,-28.421513,-33.035427
ViT-B/16,Clean,3763,4,deer,-26.102537,-33.999115
ViT-B/16,Clean,3891,4,deer,-31.928547,-29.40879
ViT-B/16,Clean,3994,4,deer,-28.587555,-32.64332
ViT-B/16,Clean,4054,4,deer,-25.381119,-35.634136
ViT-B/16,Clean,4629,4,deer,-28.705595,-32.206966
ViT-B/16,Clean,4642,4,deer,-29.231144,-31.894766
ViT-B/16,Clean,4740,4,deer,-18.307264,-33.657494
ViT-B/16,Clean,5062,4,deer,-30.853994,-29.886114
ViT-B/16,Clean,5077,4,deer,-18.661123,-34.233288
ViT-B/16,Clean,5135,4,deer,-35.17237,-7.0549717
ViT-B/16,Clean,5213,4,deer,-21.598398,-32.48768
ViT-B/16,Clean,5402,4,deer,-26.35306,-35.510387
ViT-B/16,Clean,5467,4,deer,-26.518894,-34.32426
ViT-B/16,Clean,5556,4,deer,-19.902737,-34.747433
ViT-B/16,Clean,5623,4,deer,-25.868052,-34.045597
ViT-B/16,Clean,5789,4,deer,-25.348034,-33.299328
ViT-B/16,Clean,6033,4,deer,-28.050596,-35.39577
ViT-B/16,Clean,6097,4,deer,-26.13143,-35.53422
ViT-B/16,Clean,6288,4,deer,-27.634972,-31.487072
ViT-B/16,Clean,6508,4,deer,-19.720984,-33.64844
ViT-B/16,Clean,6528,4,deer,-28.222937,-27.028423
ViT-B/16,Clean,7475,4,deer,-26.496794,-33.38454
ViT-B/16,Clean,7610,4,deer,-27.726923,-31.669619
ViT-B/16,Clean,7692,4,deer,-29.673729,-36.06913
ViT-B/16,Clean,7864,4,deer,-27.03414,-36.196114
ViT-B/16,Clean,7940,4,deer,-27.283375,-32.49224
ViT-B/16,Clean,7944,4,deer,-33.17268,-30.482918
ViT-B/16,Clean,97,5,dog,-22.548782,14.495537
ViT-B/16,Clean,319,5,dog,-8.273543,3.6088376
ViT-B/16,Clean,378,5,dog,-22.851286,14.25498
ViT-B/16,Clean,568,5,dog,-22.067333,13.967178
ViT-B/16,Clean,645,5,dog,-14.620571,-9.269152
ViT-B/16,Clean,685,5,dog,-8.771615,-5.2351165
ViT-B/16,Clean,1095,5,dog,-8.100728,-4.376054
ViT-B/16,Clean,1552,5,dog,-7.596645,-10.847458
ViT-B/16,Clean,1626,5,dog,-11.5463705,-7.4645348
ViT-B/16,Clean,1644,5,dog,-7.5874786,0.98701996
ViT-B/16,Clean,1877,5,dog,-7.413201,-11.11546
ViT-B/16,Clean,2265,5,dog,-7.605852,-11.687903
ViT-B/16,Clean,2268,5,dog,-22.46273,14.489751
ViT-B/16,Clean,2334,5,dog,-3.1444626,-8.936284
ViT-B/16,Clean,2391,5,dog,-16.30331,-11.007497
ViT-B/16,Clean,2427,5,dog,-2.2254188,-7.9792886
ViT-B/16,Clean,2458,5,dog,-15.490231,-9.924252
ViT-B/16,Clean,2623,5,dog,-10.477914,-7.2840133
ViT-B/16,Clean,2766,5,dog,-23.926516,13.576598
ViT-B/16,Clean,2807,5,dog,-18.771223,21.923584
ViT-B/16,Clean,2950,5,dog,-3.6203718,4.4371467
ViT-B/16,Clean,3353,5,dog,-17.434011,-0.43940645
ViT-B/16,Clean,3852,5,dog,-14.221754,-4.6894755
ViT-B/16,Clean,3863,5,dog,-7.663687,-3.8303854
ViT-B/16,Clean,3889,5,dog,-19.620857,11.553677
ViT-B/16,Clean,4106,5,dog,-14.330553,-7.459085
ViT-B/16,Clean,4290,5,dog,-16.514618,-11.653958
ViT-B/16,Clean,4547,5,dog,-8.082749,4.447719
ViT-B/16,Clean,4570,5,dog,-3.079112,-8.31306
ViT-B/16,Clean,4850,5,dog,-8.434296,-10.226535
ViT-B/16,Clean,4953,5,dog,-8.188187,2.0382576
ViT-B/16,Clean,4966,5,dog,-12.760704,-4.7088985
ViT-B/16,Clean,5101,5,dog,-13.520622,2.5219328
ViT-B/16,Clean,5332,5,dog,-8.9402685,-17.53358
ViT-B/16,Clean,5381,5,dog,-11.298551,-8.436184
ViT-B/16,Clean,5496,5,dog,-11.310746,2.013173
ViT-B/16,Clean,5701,5,dog,-4.0970325,4.460913
ViT-B/16,Clean,5924,5,dog,-2.9054813,-8.603511
ViT-B/16,Clean,6224,5,dog,-2.342767,-8.667566
ViT-B/16,Clean,6358,5,dog,-11.487381,-10.042226
ViT-B/16,Clean,6414,5,dog,-8.285097,4.84758
ViT-B/16,Clean,6716,5,dog,-14.027367,4.653135
ViT-B/16,Clean,6922,5,dog,-15.991039,-7.8725424
ViT-B/16,Clean,6989,5,dog,-8.106322,0.9488252
ViT-B/16,Clean,7041,5,dog,-13.154196,-9.7719755
ViT-B/16,Clean,7130,5,dog,-4.390832,-0.9661832
ViT-B/16,Clean,7413,5,dog,-22.08088,13.416651
ViT-B/16,Clean,7474,5,dog,-11.74561,5.3367863
ViT-B/16,Clean,7706,5,dog,-11.536962,4.022658
ViT-B/16,Clean,7776,5,dog,-4.4927645,-0.7140715
ViT-B/16,Clean,449,6,horse,-5.9729533,-33.14904
ViT-B/16,Clean,545,6,horse,5.6036735,-29.712132
ViT-B/16,Clean,873,6,horse,-7.9504304,-23.952486
ViT-B/16,Clean,890,6,horse,-10.760027,-30.869333
ViT-B/16,Clean,920,6,horse,-9.694276,-28.722328
ViT-B/16,Clean,929,6,horse,-9.744564,-20.558344
ViT-B/16,Clean,964,6,horse,-2.1414766,-24.032425
ViT-B/16,Clean,977,6,horse,-6.4783087,-33.17688
ViT-B/16,Clean,1534,6,horse,2.6361375,-25.746794
ViT-B/16,Clean,1667,6,horse,5.118111,-27.84199
ViT-B/16,Clean,2003,6,horse,-4.717132,-29.217094
ViT-B/16,Clean,2610,6,horse,-15.370377,-22.75528
ViT-B/16,Clean,2676,6,horse,0.8430413,-20.78772
ViT-B/16,Clean,2958,6,horse,-5.636678,-34.37113
ViT-B/16,Clean,3191,6,horse,4.6761823,-29.539284
ViT-B/16,Clean,3292,6,horse,-1.9084771,-24.371416
ViT-B/16,Clean,3418,6,horse,-5.5803986,-34.819855
ViT-B/16,Clean,3494,6,horse,-4.804822,-33.275288
ViT-B/16,Clean,3515,6,horse,-20.07536,-34.13159
ViT-B/16,Clean,3777,6,horse,-6.4226484,-34.127613
ViT-B/16,Clean,3779,6,horse,-7.431624,-26.466148
ViT-B/16,Clean,3844,6,horse,-3.691429,-33.369846
ViT-B/16,Clean,3962,6,horse,-7.9576187,-34.21711
ViT-B/16,Clean,4011,6,horse,-3.1213393,-27.553385
ViT-B/16,Clean,4093,6,horse,-2.2603626,-23.84128
ViT-B/16,Clean,4254,6,horse,-18.05467,-26.158722
ViT-B/16,Clean,4341,6,horse,-7.360898,-31.62966
ViT-B/16,Clean,4411,6,horse,-1.9506199,-26.89612
ViT-B/16,Clean,4620,6,horse,-3.3812668,-27.219053
ViT-B/16,Clean,4731,6,horse,-5.8825674,-34.069313
ViT-B/16,Clean,4746,6,horse,-6.7750926,-34.986137
ViT-B/16,Clean,4754,6,horse,-6.978952,-32.334476
ViT-B/16,Clean,4827,6,horse,-3.5510573,-28.406347
ViT-B/16,Clean,5082,6,horse,-5.8506145,-34.688362
ViT-B/16,Clean,5382,6,horse,4.6228657,-30.298283
ViT-B/16,Clean,5408,6,horse,-16.06487,-26.107906
ViT-B/16,Clean,5580,6,horse,-9.094222,-19.429476
ViT-B/16,Clean,5729,6,horse,-8.69528,-31.76307
ViT-B/16,Clean,5857,6,horse,-22.220308,-21.745281
ViT-B/16,Clean,5858,6,horse,-6.8831925,-33.947407
ViT-B/16,Clean,6381,6,horse,4.570107,-29.963709
ViT-B/16,Clean,6713,6,horse,5.113178,-29.493067
ViT-B/16,Clean,7108,6,horse,-11.977054,-28.536753
ViT-B/16,Clean,7338,6,horse,-12.877463,-26.852081
ViT-B/16,Clean,7555,6,horse,5.321521,-30.157444
ViT-B/16,Clean,7600,6,horse,-4.125225,-29.159048
ViT-B/16,Clean,7726,6,horse,-10.1150055,-26.05737
ViT-B/16,Clean,7779,6,horse,-2.7605808,-27.28
ViT-B/16,Clean,7781,6,horse,-9.841975,-34.78884
ViT-B/16,Clean,7996,6,horse,-5.767133,-33.86363
ViT-B/16,Clean,29,7,monkey,-36.917698,31.566303
ViT-B/16,Clean,269,7,monkey,-35.376625,29.216364
ViT-B/16,Clean,323,7,monkey,-32.78088,32.097786
ViT-B/16,Clean,370,7,monkey,-34.902313,29.7046
ViT-B/16,Clean,1032,7,monkey,-15.712633,32.71547
ViT-B/16,Clean,1048,7,monkey,-36.409386,29.1296
ViT-B/16,Clean,1220,7,monkey,-27.602455,38.836758
ViT-B/16,Clean,1287,7,monkey,-26.621479,39.53896
ViT-B/16,Clean,1296,7,monkey,-26.50874,37.748276
ViT-B/16,Clean,1440,7,monkey,-35.446163,28.255547
ViT-B/16,Clean,1473,7,monkey,-26.80679,27.791334
ViT-B/16,Clean,1579,7,monkey,-26.952333,25.343277
ViT-B/16,Clean,1703,7,monkey,-27.54552,38.039364
ViT-B/16,Clean,1711,7,monkey,-26.921394,25.255213
ViT-B/16,Clean,1771,7,monkey,-32.143368,20.754385
ViT-B/16,Clean,1884,7,monkey,-17.452063,31.97518
ViT-B/16,Clean,1927,7,monkey,-34.077168,30.04942
ViT-B/16,Clean,1956,7,monkey,-22.237452,23.764923
ViT-B/16,Clean,2501,7,monkey,-34.03209,29.975527
ViT-B/16,Clean,2668,7,monkey,-26.471523,38.5752
ViT-B/16,Clean,2746,7,monkey,-29.678778,31.338106
ViT-B/16,Clean,2854,7,monkey,-27.06447,38.149555
ViT-B/16,Clean,3153,7,monkey,-27.119114,38.799488
ViT-B/16,Clean,3288,7,monkey,-26.310827,39.22919
ViT-B/16,Clean,3404,7,monkey,-35.75734,28.863867
ViT-B/16,Clean,3446,7,monkey,-23.58671,33.4797
ViT-B/16,Clean,3467,7,monkey,-34.160046,31.204128
ViT-B/16,Clean,3542,7,monkey,-35.38111,30.722301
ViT-B/16,Clean,3867,7,monkey,-24.692076,29.377386
ViT-B/16,Clean,4172,7,monkey,-27.153725,39.409496
ViT-B/16,Clean,4236,7,monkey,-16.705904,32.63814
ViT-B/16,Clean,4308,7,monkey,-31.253895,29.614286
ViT-B/16,Clean,4403,7,monkey,-30.967829,30.963884
ViT-B/16,Clean,4661,7,monkey,-25.5662,29.663357
ViT-B/16,Clean,4704,7,monkey,-25.83987,33.691162
ViT-B/16,Clean,4748,7,monkey,-22.886637,35.00248
ViT-B/16,Clean,4791,7,monkey,-35.223484,30.325222
ViT-B/16,Clean,5436,7,monkey,-26.52441,39.194885
ViT-B/16,Clean,5450,7,monkey,-23.05276,34.91032
ViT-B/16,Clean,5719,7,monkey,-15.712428,33.389633
ViT-B/16,Clean,5848,7,monkey,-27.23106,39.202793
ViT-B/16,Clean,5977,7,monkey,-16.115686,33.395164
ViT-B/16,Clean,6084,7,monkey,-16.391346,33.17731
ViT-B/16,Clean,6190,7,monkey,-26.833761,38.54342
ViT-B/16,Clean,6650,7,monkey,-18.794987,31.267921
ViT-B/16,Clean,6726,7,monkey,-35.52278,31.734959
ViT-B/16,Clean,6772,7,monkey,-25.052965,29.883396
ViT-B/16,Clean,7081,7,monkey,-15.438969,32.683994
ViT-B/16,Clean,7270,7,monkey,-23.744986,30.503815
ViT-B/16,Clean,7835,7,monkey,-35.88498,29.568792
ViT-B/16,Clean,151,8,ship,49.251755,14.185082
ViT-B/16,Clean,194,8,ship,46.61757,15.737766
ViT-B/16,Clean,667,8,ship,43.7693,16.262918
ViT-B/16,Clean,706,8,ship,40.949394,23.746439
ViT-B/16,Clean,716,8,ship,49.724094,13.794339
ViT-B/16,Clean,739,8,ship,48.16878,14.399017
ViT-B/16,Clean,962,8,ship,44.943466,14.498949
ViT-B/16,Clean,1129,8,ship,46.437164,16.98656
ViT-B/16,Clean,1247,8,ship,50.173065,12.463259
ViT-B/16,Clean,1640,8,ship,44.287884,15.138439
ViT-B/16,Clean,1783,8,ship,45.376102,17.74944
ViT-B/16,Clean,1833,8,ship,49.209373,13.125999
ViT-B/16,Clean,1954,8,ship,33.058167,19.807583
ViT-B/16,Clean,2109,8,ship,40.900997,23.584332
ViT-B/16,Clean,2191,8,ship,42.684338,15.919445
ViT-B/16,Clean,2230,8,ship,43.026443,18.58415
ViT-B/16,Clean,2340,8,ship,46.028217,15.217301
ViT-B/16,Clean,2342,8,ship,41.49148,15.133151
ViT-B/16,Clean,2745,8,ship,47.45362,15.44936
ViT-B/16,Clean,2844,8,ship,39.87386,24.169895
ViT-B/16,Clean,3015,8,ship,45.520153,15.965362
ViT-B/16,Clean,3157,8,ship,46.059303,16.31233
ViT-B/16,Clean,3412,8,ship,43.109905,15.507104
ViT-B/16,Clean,3905,8,ship,39.483765,25.34634
ViT-B/16,Clean,3948,8,ship,38.61005,24.580984
ViT-B/16,Clean,4069,8,ship,29.761478,16.362234
ViT-B/16,Clean,4170,8,ship,41.851624,17.68389
ViT-B/16,Clean,4177,8,ship,45.315247,14.399481
ViT-B/16,Clean,4242,8,ship,49.511192,13.67781
ViT-B/16,Clean,4311,8,ship,45.941,15.610939
ViT-B/16,Clean,4355,8,ship,21.175884,20.7269
ViT-B/16,Clean,4552,8,ship,45.756615,16.958126
ViT-B/16,Clean,4662,8,ship,45.53282,15.44361
ViT-B/16,Clean,4676,8,ship,44.877167,16.461483
ViT-B/16,Clean,4990,8,ship,49.37762,14.980902
ViT-B/16,Clean,5000,8,ship,37.89359,16.824224
ViT-B/16,Clean,5451,8,ship,43.528988,16.419607
ViT-B/16,Clean,5525,8,ship,41.00142,23.259815
ViT-B/16,Clean,5694,8,ship,40.14787,25.88174
ViT-B/16,Clean,5705,8,ship,48.054924,13.880559
ViT-B/16,Clean,6434,8,ship,42.91329,15.335159
ViT-B/16,Clean,6689,8,ship,31.129677,13.951712
ViT-B/16,Clean,7138,8,ship,36.53392,19.031244
ViT-B/16,Clean,7446,8,ship,40.248886,24.651009
ViT-B/16,Clean,7460,8,ship,31.219175,14.423648
ViT-B/16,Clean,7476,8,ship,30.039974,20.096457
ViT-B/16,Clean,7810,8,ship,43.941677,17.558794
ViT-B/16,Clean,7818,8,ship,50.635315,13.345743
ViT-B/16,Clean,7875,8,ship,43.187237,18.078997
ViT-B/16,Clean,7999,8,ship,43.20992,16.124666
ViT-B/16,Clean,131,9,truck,20.669937,-5.506672
ViT-B/16,Clean,191,9,truck,27.937775,-11.98986
ViT-B/16,Clean,239,9,truck,30.360954,-8.710388
ViT-B/16,Clean,276,9,truck,27.560425,-8.627728
ViT-B/16,Clean,303,9,truck,41.51344,-6.7301807
ViT-B/16,Clean,419,9,truck,32.735767,-8.420777
ViT-B/16,Clean,603,9,truck,36.99288,-7.2669168
ViT-B/16,Clean,805,9,truck,25.356804,-7.2362676
ViT-B/16,Clean,852,9,truck,41.460995,-8.654417
ViT-B/16,Clean,1022,9,truck,22.908644,-11.916746
ViT-B/16,Clean,1411,9,truck,41.968727,-5.0979147
ViT-B/16,Clean,1430,9,truck,26.257917,-6.478951
ViT-B/16,Clean,1468,9,truck,31.69218,-13.513408
ViT-B/16,Clean,1515,9,truck,41.546925,-6.0144806
ViT-B/16,Clean,1654,9,truck,18.282682,-4.5950904
ViT-B/16,Clean,1836,9,truck,39.27009,-6.414314
ViT-B/16,Clean,2011,9,truck,43.14002,-10.17295
ViT-B/16,Clean,2062,9,truck,40.95603,-7.2387323
ViT-B/16,Clean,2114,9,truck,31.045275,-13.838383
ViT-B/16,Clean,2167,9,truck,38.286697,-5.223804
ViT-B/16,Clean,2351,9,truck,41.180843,-7.2289224
ViT-B/16,Clean,2414,9,truck,27.794281,-5.789282
ViT-B/16,Clean,2655,9,truck,33.23414,-8.010655
ViT-B/16,Clean,3318,9,truck,18.648647,-3.5691586
ViT-B/16,Clean,3893,9,truck,31.367428,-13.406368
ViT-B/16,Clean,3942,9,truck,18.60132,-5.7171946
ViT-B/16,Clean,3996,9,truck,31.365185,-4.529648
ViT-B/16,Clean,4094,9,truck,40.872982,-4.667086
ViT-B/16,Clean,4449,9,truck,22.61296,-11.595957
ViT-B/16,Clean,4723,9,truck,24.38052,-6.3910136
ViT-B/16,Clean,5284,9,truck,18.703188,-6.4842296
ViT-B/16,Clean,5301,9,truck,25.604204,-4.5038867
ViT-B/16,Clean,5360,9,truck,31.048668,-13.217351
ViT-B/16,Clean,5447,9,truck,40.76455,-6.09618
ViT-B/16,Clean,5452,9,truck,42.52598,-9.392488
ViT-B/16,Clean,5508,9,truck,41.681705,-10.19907
ViT-B/16,Clean,5572,9,truck,22.057146,-6.498273
ViT-B/16,Clean,5590,9,truck,41.052868,-3.7069612
ViT-B/16,Clean,5788,9,truck,30.45968,-11.127301
ViT-B/16,Clean,5851,9,truck,42.093044,-7.0970807
ViT-B/16,Clean,5915,9,truck,22.786015,-11.927818
ViT-B/16,Clean,5981,9,truck,43.301613,-5.95448
ViT-B/16,Clean,6931,9,truck,23.330627,-6.08486
ViT-B/16,Clean,7047,9,truck,41.767303,-6.786851
ViT-B/16,Clean,7266,9,truck,21.84094,-7.9282193
ViT-B/16,Clean,7380,9,truck,41.734745,-7.3644047
ViT-B/16,Clean,7544,9,truck,30.176126,-13.744601
ViT-B/16,Clean,7752,9,truck,30.643919,-13.47293
ViT-B/16,Clean,7938,9,truck,18.409483,-5.6018667
ViT-B/16,Clean,7995,9,truck,25.020401,-12.9966135
ViT-B/16,Grayscale,3,0,airplane,25.300467,37.57864
ViT-B/16,Grayscale,42,0,airplane,17.227798,37.892345
ViT-B/16,Grayscale,81,0,airplane,16.64123,29.21693
ViT-B/16,Grayscale,484,0,airplane,29.487415,23.281029
ViT-B/16,Grayscale,562,0,airplane,24.352402,30.041998
ViT-B/16,Grayscale,1175,0,airplane,19.316862,38.857044
ViT-B/16,Grayscale,1389,0,airplane,20.48515,36.700245
ViT-B/16,Grayscale,1553,0,airplane,22.047956,38.812103
ViT-B/16,Grayscale,1596,0,airplane,26.721209,22.237146
ViT-B/16,Grayscale,1648,0,airplane,20.157764,41.197285
ViT-B/16,Grayscale,1977,0,airplane,13.586904,35.104687
ViT-B/16,Grayscale,2024,0,airplane,19.631033,22.808992
ViT-B/16,Grayscale,2242,0,airplane,27.08022,21.146723
ViT-B/16,Grayscale,2750,0,airplane,29.502312,22.53508
ViT-B/16,Grayscale,2888,0,airplane,23.630812,39.218838
ViT-B/16,Grayscale,3025,0,airplane,21.40992,32.130875
ViT-B/16,Grayscale,3083,0,airplane,26.00032,22.006077
ViT-B/16,Grayscale,3347,0,airplane,16.49028,33.889023
ViT-B/16,Grayscale,3437,0,airplane,27.90768,20.361063
ViT-B/16,Grayscale,3455,0,airplane,12.998073,35.351006
ViT-B/16,Grayscale,3876,0,airplane,24.574722,33.62672
ViT-B/16,Grayscale,3965,0,airplane,21.160387,41.595623
ViT-B/16,Grayscale,4130,0,airplane,20.850378,39.777184
ViT-B/16,Grayscale,4399,0,airplane,18.54893,28.868591
ViT-B/16,Grayscale,4539,0,airplane,15.512916,33.759003
ViT-B/16,Grayscale,4615,0,airplane,17.297363,36.372234
ViT-B/16,Grayscale,4617,0,airplane,17.537464,34.2636
ViT-B/16,Grayscale,4675,0,airplane,20.027218,40.687767
ViT-B/16,Grayscale,4785,0,airplane,22.215944,42.382748
ViT-B/16,Grayscale,4819,0,airplane,17.917625,33.387695
ViT-B/16,Grayscale,4893,0,airplane,21.346766,38.374527
ViT-B/16,Grayscale,5117,0,airplane,16.042313,35.358067
ViT-B/16,Grayscale,5478,0,airplane,19.201149,22.681297
ViT-B/16,Grayscale,5912,0,airplane,23.109423,29.997906
ViT-B/16,Grayscale,5918,0,airplane,19.927418,34.41691
ViT-B/16,Grayscale,5999,0,airplane,18.25016,31.999815
ViT-B/16,Grayscale,6437,0,airplane,23.23871,39.93787
ViT-B/16,Grayscale,6455,0,airplane,19.917582,23.121374
ViT-B/16,Grayscale,6609,0,airplane,12.93515,32.371716
ViT-B/16,Grayscale,6844,0,airplane,15.656209,36.549202
ViT-B/16,Grayscale,6986,0,airplane,29.24697,23.156902
ViT-B/16,Grayscale,7009,0,airplane,21.565725,35.04842
ViT-B/16,Grayscale,7150,0,airplane,19.509148,39.086773
ViT-B/16,Grayscale,7262,0,airplane,17.397131,34.12333
ViT-B/16,Grayscale,7309,0,airplane,23.046959,38.482815
ViT-B/16,Grayscale,7320,0,airplane,19.803986,30.073105
ViT-B/16,Grayscale,7372,0,airplane,21.061583,40.579624
ViT-B/16,Grayscale,7373,0,airplane,22.438122,33.28983
ViT-B/16,Grayscale,7465,0,airplane,21.997358,38.43786
ViT-B/16,Grayscale,7634,0,airplane,19.234612,34.83009
ViT-B/16,Grayscale,95,1,bird,-0.74057275,22.711126
ViT-B/16,Grayscale,116,1,bird,-2.1512082,15.758369
ViT-B/16,Grayscale,198,1,bird,-8.092399,17.224785
ViT-B/16,Grayscale,261,1,bird,1.2323455,11.190219
ViT-B/16,Grayscale,304,1,bird,-12.949007,12.257841
ViT-B/16,Grayscale,825,1,bird,2.942833,11.101772
ViT-B/16,Grayscale,1090,1,bird,3.3286653,10.558948
ViT-B/16,Grayscale,1109,1,bird,3.718356,8.268421
ViT-B/16,Grayscale,1115,1,bird,-11.601931,9.451131
ViT-B/16,Grayscale,1230,1,bird,-17.77551,28.098589
ViT-B/16,Grayscale,1436,1,bird,-2.3029332,23.20703
ViT-B/16,Grayscale,1568,1,bird,-8.530068,15.647854
ViT-B/16,Grayscale,1852,1,bird,-4.517103,22.107641
ViT-B/16,Grayscale,1871,1,bird,-7.1109004,10.584582
ViT-B/16,Grayscale,1986,1,bird,-6.2025175,11.08181
ViT-B/16,Grayscale,1993,1,bird,-1.9937943,23.694748
ViT-B/16,Grayscale,2070,1,bird,-11.488276,13.502628
ViT-B/16,Grayscale,2095,1,bird,-12.893139,17.970694
ViT-B/16,Grayscale,2116,1,bird,-30.807417,-1.198814
ViT-B/16,Grayscale,2157,1,bird,-8.292796,16.081232
ViT-B/16,Grayscale,2178,1,bird,-2.7901328,17.738672
ViT-B/16,Grayscale,2687,1,bird,-2.609619,22.006468
ViT-B/16,Grayscale,2690,1,bird,-6.729189,15.941984
ViT-B/16,Grayscale,3079,1,bird,-2.1312664,22.545897
ViT-B/16,Grayscale,3413,1,bird,-3.2582822,22.339819
ViT-B/16,Grayscale,3491,1,bird,-8.369524,16.826641
ViT-B/16,Grayscale,3550,1,bird,2.419397,8.342607
ViT-B/16,Grayscale,3937,1,bird,-6.949522,22.07947
ViT-B/16,Grayscale,4298,1,bird,-2.8638217,22.067677
ViT-B/16,Grayscale,4640,1,bird,-12.05283,13.387389
ViT-B/16,Grayscale,5092,1,bird,-1.669391,23.12044
ViT-B/16,Grayscale,5123,1,bird,1.4679482,12.202341
ViT-B/16,Grayscale,5220,1,bird,-13.552817,8.313441
ViT-B/16,Grayscale,5256,1,bird,-4.5952525,22.31638
ViT-B/16,Grayscale,5488,1,bird,-26.093395,23.579576
ViT-B/16,Grayscale,5560,1,bird,-8.471216,15.023427
ViT-B/16,Grayscale,6076,1,bird,-1.7527918,22.720016
ViT-B/16,Grayscale,6169,1,bird,10.380681,10.792345
ViT-B/16,Grayscale,6349,1,bird,-7.725064,16.214264
ViT-B/16,Grayscale,6594,1,bird,3.6684196,7.579723
ViT-B/16,Grayscale,6733,1,bird,-6.2836075,11.145222
ViT-B/16,Grayscale,6805,1,bird,2.4919832,10.234941
ViT-B/16,Grayscale,6836,1,bird,-5.658996,15.481322
ViT-B/16,Grayscale,6938,1,bird,-0.8964363,23.292028
ViT-B/16,Grayscale,6954,1,bird,-13.1007595,17.939037
ViT-B/16,Grayscale,7029,1,bird,0.06848862,21.255392
ViT-B/16,Grayscale,7033,1,bird,-6.838834,18.742928
ViT-B/16,Grayscale,7202,1,bird,-4.8835998,15.220111
ViT-B/16,Grayscale,7390,1,bird,-10.495747,8.706872
ViT-B/16,Grayscale,7955,1,bird,-2.843805,23.490385
ViT-B/16,Grayscale,35,2,car,25.043114,-24.806227
ViT-B/16,Grayscale,49,2,car,26.448807,-30.98816
ViT-B/16,Grayscale,317,2,car,23.997972,-32.049538
ViT-B/16,Grayscale,409,2,car,20.184135,-33.155632
ViT-B/16,Grayscale,470,2,car,18.39674,-34.286232
ViT-B/16,Grayscale,483,2,car,22.943617,-27.791845
ViT-B/16,Grayscale,714,2,car,20.305977,-18.235823
ViT-B/16,Grayscale,981,2,car,25.497488,-30.447878
ViT-B/16,Grayscale,1202,2,car,19.702278,-30.140297
ViT-B/16,Grayscale,1403,2,car,24.497726,-23.891876
ViT-B/16,Grayscale,1520,2,car,26.169209,-16.082247
ViT-B/16,Grayscale,1586,2,car,25.664536,-27.752975
ViT-B/16,Grayscale,1814,2,car,29.58058,-31.544296
ViT-B/16,Grayscale,1839,2,car,26.342073,-29.666101
ViT-B/16,Grayscale,2082,2,car,33.052578,-32.020855
ViT-B/16,Grayscale,2392,2,car,25.657812,-23.47467
ViT-B/16,Grayscale,2502,2,car,18.230314,-32.237103
ViT-B/16,Grayscale,3024,2,car,32.166496,-33.080105
ViT-B/16,Grayscale,3067,2,car,26.408127,-31.46727
ViT-B/16,Grayscale,3163,2,car,26.488283,-25.164576
ViT-B/16,Grayscale,3362,2,car,19.33121,-35.070995
ViT-B/16,Grayscale,3454,2,car,25.066036,-26.282211
ViT-B/16,Grayscale,3755,2,car,22.500423,-21.529892
ViT-B/16,Grayscale,4065,2,car,20.644901,-21.986773
ViT-B/16,Grayscale,4735,2,car,29.690903,-31.523766
ViT-B/16,Grayscale,4913,2,car,30.356781,-30.640154
ViT-B/16,Grayscale,4921,2,car,23.254465,-22.354097
ViT-B/16,Grayscale,5030,2,car,18.224169,-33.98527
ViT-B/16,Grayscale,5183,2,car,18.409355,-32.79802
ViT-B/16,Grayscale,5218,2,car,18.387497,-33.009487
ViT-B/16,Grayscale,5237,2,car,31.999863,-34.09811
ViT-B/16,Grayscale,5318,2,car,20.777086,-16.601484
ViT-B/16,Grayscale,5333,2,car,27.283398,-31.296844
ViT-B/16,Grayscale,5395,2,car,26.210964,-22.147099
ViT-B/16,Grayscale,5512,2,car,1.4625859,-20.07255
ViT-B/16,Grayscale,5677,2,car,22.620459,-23.235107
ViT-B/16,Grayscale,5756,2,car,24.42061,-20.620106
ViT-B/16,Grayscale,5824,2,car,20.960268,-18.969141
ViT-B/16,Grayscale,6028,2,car,24.836231,-28.869421
ViT-B/16,Grayscale,6244,2,car,22.945442,-28.111605
ViT-B/16,Grayscale,6264,2,car,25.924313,-23.654467
ViT-B/16,Grayscale,6271,2,car,18.35383,-31.685722
ViT-B/16,Grayscale,6332,2,car,30.47098,-31.021032
ViT-B/16,Grayscale,6354,2,car,20.134008,-26.607841
ViT-B/16,Grayscale,6426,2,car,25.550438,-30.259216
ViT-B/16,Grayscale,6503,2,car,30.175812,-33.71352
ViT-B/16,Grayscale,6616,2,car,25.571793,-31.094187
ViT-B/16,Grayscale,6692,2,car,29.098394,-31.393227
ViT-B/16,Grayscale,7084,2,car,24.345589,-21.5081
ViT-B/16,Grayscale,7425,2,car,20.892273,-33.617893
ViT-B/16,Grayscale,176,3,cat,-40.247208,3.6200118
ViT-B/16,Grayscale,365,3,cat,-30.148245,4.098758
ViT-B/16,Grayscale,372,3,cat,-22.298782,3.4375854
ViT-B/16,Grayscale,391,3,cat,-33.525806,-1.6512996
ViT-B/16,Grayscale,632,3,cat,-36.912212,2.1935008
ViT-B/16,Grayscale,672,3,cat,-30.868904,-4.4452376
ViT-B/16,Grayscale,677,3,cat,-30.515278,4.5642586
ViT-B/16,Grayscale,738,3,cat,-21.914099,4.4894266
ViT-B/16,Grayscale,791,3,cat,-31.628586,4.3115487
ViT-B/16,Grayscale,979,3,cat,-25.816,4.527445
ViT-B/16,Grayscale,1204,3,cat,-38.884804,3.791315
ViT-B/16,Grayscale,1263,3,cat,-34.889893,-4.3765345
ViT-B/16,Grayscale,1370,3,cat,-30.602003,5.929894
ViT-B/16,Grayscale,1401,3,cat,-34.68322,1.9900637
ViT-B/16,Grayscale,1431,3,cat,-22.186867,10.588628
ViT-B/16,Grayscale,1531,3,cat,-32.979263,-9.581968
ViT-B/16,Grayscale,1563,3,cat,-26.543787,-4.69528
ViT-B/16,Grayscale,2028,3,cat,-30.277565,-7.221647
ViT-B/16,Grayscale,2291,3,cat,-28.760782,-5.3027544
ViT-B/16,Grayscale,2536,3,cat,-36.444393,1.827826
ViT-B/16,Grayscale,2539,3,cat,-39.768288,2.4852936
ViT-B/16,Grayscale,2754,3,cat,-34.442368,0.40771002
ViT-B/16,Grayscale,2861,3,cat,-28.327543,3.598167
ViT-B/16,Grayscale,3276,3,cat,-29.667831,-10.175224
ViT-B/16,Grayscale,3375,3,cat,-31.737715,-10.062128
ViT-B/16,Grayscale,3383,3,cat,-35.603737,-2.0044441
ViT-B/16,Grayscale,3562,3,cat,-32.44635,-7.9682217
ViT-B/16,Grayscale,3778,3,cat,-17.563566,6.2091184
ViT-B/16,Grayscale,3851,3,cat,-23.053535,7.8381877
ViT-B/16,Grayscale,3914,3,cat,-36.147564,0.68256694
ViT-B/16,Grayscale,4023,3,cat,-30.478544,-8.917172
ViT-B/16,Grayscale,4168,3,cat,-32.919006,-0.9971157
ViT-B/16,Grayscale,4215,3,cat,-14.176867,7.0655684
ViT-B/16,Grayscale,4229,3,cat,-32.973534,3.0221395
ViT-B/16,Grayscale,4323,3,cat,-23.854773,5.94578
ViT-B/16,Grayscale,4330,3,cat,-24.981218,-6.2053933
ViT-B/16,Grayscale,4463,3,cat,-30.544939,1.2049105
ViT-B/16,Grayscale,4531,3,cat,-32.614742,-7.591982
ViT-B/16,Grayscale,4590,3,cat,-31.22979,3.541763
ViT-B/16,Grayscale,4609,3,cat,-29.1177,-4.521489
ViT-B/16,Grayscale,4821,3,cat,-28.33025,5.067594
ViT-B/16,Grayscale,4881,3,cat,-19.029823,25.903433
ViT-B/16,Grayscale,4908,3,cat,-35.57965,3.5245311
ViT-B/16,Grayscale,5528,3,cat,-24.110485,5.420973
ViT-B/16,Grayscale,6490,3,cat,-40.356686,2.58349
ViT-B/16,Grayscale,6952,3,cat,-22.818293,3.7762053
ViT-B/16,Grayscale,7416,3,cat,-22.335499,6.5779696
ViT-B/16,Grayscale,7744,3,cat,-20.535282,6.3176317
ViT-B/16,Grayscale,7793,3,cat,-16.394455,3.3757634
ViT-B/16,Grayscale,7797,3,cat,-30.151094,-3.354981
ViT-B/16,Grayscale,171,4,deer,-32.39367,-32.1243
ViT-B/16,Grayscale,506,4,deer,-32.929558,-26.742048
ViT-B/16,Grayscale,691,4,deer,-29.536263,-29.482754
ViT-B/16,Grayscale,766,4,deer,-11.468591,-24.555561
ViT-B/16,Grayscale,855,4,deer,-30.263268,-31.243063
ViT-B/16,Grayscale,1111,4,deer,-21.672264,-34.41503
ViT-B/16,Grayscale,1124,4,deer,-30.81816,-27.259077
ViT-B/16,Grayscale,1211,4,deer,-28.57602,-36.675625
ViT-B/16,Grayscale,1266,4,deer,-33.76623,-31.812708
ViT-B/16,Grayscale,1429,4,deer,-25.099316,-31.465153
ViT-B/16,Grayscale,1960,4,deer,-21.707607,-25.240414
ViT-B/16,Grayscale,2399,4,deer,-22.518795,-33.749283
ViT-B/16,Grayscale,2704,4,deer,-32.55941,-31.202475
ViT-B/16,Grayscale,2757,4,deer,-19.42579,-28.79214
ViT-B/16,Grayscale,2898,4,deer,-30.160114,-32.781273
ViT-B/16,Grayscale,3034,4,deer,-29.115128,-29.669071
ViT-B/16,Grayscale,3078,4,deer,-33.885536,-32.415092
ViT-B/16,Grayscale,3122,4,deer,-25.776304,-30.227985
ViT-B/16,Grayscale,3179,4,deer,-19.398825,-31.470406
ViT-B/16,Grayscale,3287,4,deer,-22.964626,-36.076843
ViT-B/16,Grayscale,3365,4,deer,-23.70324,-32.360634
ViT-B/16,Grayscale,3458,4,deer,-29.194735,-36.358864
ViT-B/16,Grayscale,3512,4,deer,-26.219143,-26.434551
ViT-B/16,Grayscale,3763,4,deer,-26.83156,-30.286972
ViT-B/16,Grayscale,3891,4,deer,-25.588642,-24.030127
ViT-B/16,Grayscale,3994,4,deer,-27.099405,-29.935997
ViT-B/16,Grayscale,4054,4,deer,-22.967304,-36.141357
ViT-B/16,Grayscale,4629,4,deer,-25.29228,-23.932945
ViT-B/16,Grayscale,4642,4,deer,-28.583364,-30.122427
ViT-B/16,Grayscale,4740,4,deer,-13.943256,-28.920883
ViT-B/16,Grayscale,5062,4,deer,-32.70173,-30.255491
ViT-B/16,Grayscale,5077,4,deer,-19.019753,-32.46823
ViT-B/16,Grayscale,5135,4,deer,-35.230423,-7.225636
ViT-B/16,Grayscale,5213,4,deer,-22.02022,-34.177326
ViT-B/16,Grayscale,5402,4,deer,-21.781376,-34.256657
ViT-B/16,Grayscale,5467,4,deer,-23.604206,-26.878197
ViT-B/16,Grayscale,5556,4,deer,-21.538855,-33.713715
ViT-B/16,Grayscale,5623,4,deer,-23.206749,-34.292934
ViT-B/16,Grayscale,5789,4,deer,-24.569523,-32.195114
ViT-B/16,Grayscale,6033,4,deer,-30.190987,-37.327496
ViT-B/16,Grayscale,6097,4,deer,-21.563457,-33.517986
ViT-B/16,Grayscale,6288,4,deer,-28.081501,-28.759007
ViT-B/16,Grayscale,6508,4,deer,-21.680378,-33.330647
ViT-B/16,Grayscale,6528,4,deer,-29.03866,-27.305908
ViT-B/16,Grayscale,7475,4,deer,-23.382946,-26.99031
ViT-B/16,Grayscale,7610,4,deer,-27.292006,-29.888365
ViT-B/16,Grayscale,7692,4,deer,-29.77813,-36.98801
ViT-B/16,Grayscale,7864,4,deer,-27.897018,-37.14383
ViT-B/16,Grayscale,7940,4,deer,-27.95129,-30.204313
ViT-B/16,Grayscale,7944,4,deer,-26.212664,-22.33432
ViT-B/16,Grayscale,97,5,dog,-23.255352,13.121567
ViT-B/16,Grayscale,319,5,dog,-8.1392145,3.5115201
ViT-B/16,Grayscale,378,5,dog,-23.299915,13.4516735
ViT-B/16,Grayscale,568,5,dog,-22.654596,13.466614
ViT-B/16,Grayscale,645,5,dog,-14.701835,-9.336313
ViT-B/16,Grayscale,685,5,dog,-8.951814,-5.4650726
ViT-B/16,Grayscale,1095,5,dog,-7.916099,-4.1444426
ViT-B/16,Grayscale,1552,5,dog,-8.250185,-10.528964
ViT-B/16,Grayscale,1626,5,dog,-11.581101,-7.3044567
ViT-B/16,Grayscale,1644,5,dog,-7.4477763,0.7487725
ViT-B/16,Grayscale,1877,5,dog,-23.84557,-22.351082
ViT-B/16,Grayscale,2265,5,dog,-8.180979,-11.959963
ViT-B/16,Grayscale,2268,5,dog,-23.0213,13.905948
ViT-B/16,Grayscale,2334,5,dog,-3.9710655,-8.715185
ViT-B/16,Grayscale,2391,5,dog,-17.118706,-10.682251
ViT-B/16,Grayscale,2427,5,dog,-2.374735,-7.407411
ViT-B/16,Grayscale,2458,5,dog,-15.280766,-9.8181505
ViT-B/16,Grayscale,2623,5,dog,-9.402722,-8.935213
ViT-B/16,Grayscale,2766,5,dog,-24.03032,13.152314
ViT-B/16,Grayscale,2807,5,dog,-18.79661,22.362232
ViT-B/16,Grayscale,2950,5,dog,-3.6119523,4.4143257
ViT-B/16,Grayscale,3353,5,dog,-17.512691,-0.5005503
ViT-B/16,Grayscale,3852,5,dog,-14.192698,-4.7145624
ViT-B/16,Grayscale,3863,5,dog,-7.67633,-3.84505
ViT-B/16,Grayscale,3889,5,dog,-19.724043,11.592813
ViT-B/16,Grayscale,4106,5,dog,-14.154238,-6.9508724
ViT-B/16,Grayscale,4290,5,dog,-18.018341,-11.992227
ViT-B/16,Grayscale,4547,5,dog,-8.035963,4.458916
ViT-B/16,Grayscale,4570,5,dog,-3.2226598,-7.347096
ViT-B/16,Grayscale,4850,5,dog,-8.863634,-9.9631815
ViT-B/16,Grayscale,4953,5,dog,-8.065394,1.9954859
ViT-B/16,Grayscale,4966,5,dog,-12.779218,-4.556419
ViT-B/16,Grayscale,5101,5,dog,-13.51968,2.5061545
ViT-B/16,Grayscale,5332,5,dog,-8.932047,-17.572186
ViT-B/16,Grayscale,5381,5,dog,-11.315999,-8.342264
ViT-B/16,Grayscale,5496,5,dog,-11.263101,2.10936
ViT-B/16,Grayscale,5701,5,dog,-4.1621118,4.4687376
ViT-B/16,Grayscale,5924,5,dog,-3.2673025,-7.97616
ViT-B/16,Grayscale,6224,5,dog,-2.1763053,-8.925693
ViT-B/16,Grayscale,6358,5,dog,-10.15513,-10.489212
ViT-B/16,Grayscale,6414,5,dog,-8.426549,5.0383363
ViT-B/16,Grayscale,6716,5,dog,-14.220329,4.6391253
ViT-B/16,Grayscale,6922,5,dog,-16.002878,-7.7327647
ViT-B/16,Grayscale,6989,5,dog,-7.93414,1.0210435
ViT-B/16,Grayscale,7041,5,dog,-13.224179,-9.728713
ViT-B/16,Grayscale,7130,5,dog,-4.366371,-1.0644242
ViT-B/16,Grayscale,7413,5,dog,-22.688889,12.784132
ViT-B/16,Grayscale,7474,5,dog,-11.09213,-11.286732
ViT-B/16,Grayscale,7706,5,dog,-11.250132,3.4909077
ViT-B/16,Grayscale,7776,5,dog,-4.7535677,-0.4698509
ViT-B/16,Grayscale,449,6,horse,-7.849111,-29.161366
ViT-B/16,Grayscale,545,6,horse,5.9275103,-28.889742
ViT-B/16,Grayscale,873,6,horse,-8.025711,-23.857157
ViT-B/16,Grayscale,890,6,horse,-11.289587,-30.514292
ViT-B/16,Grayscale,920,6,horse,-9.906588,-29.026434
ViT-B/16,Grayscale,929,6,horse,-9.8696,-20.225288
ViT-B/16,Grayscale,964,6,horse,-1.8682836,-23.685518
ViT-B/16,Grayscale,977,6,horse,-10.125034,-30.115519
ViT-B/16,Grayscale,1534,6,horse,2.6384048,-25.74421
ViT-B/16,Grayscale,1667,6,horse,5.118116,-27.841988
ViT-B/16,Grayscale,2003,6,horse,-6.573855,-28.882435
ViT-B/16,Grayscale,2610,6,horse,-15.429028,-22.801668
ViT-B/16,Grayscale,2676,6,horse,1.2059499,-20.85248
ViT-B/16,Grayscale,2958,6,horse,-3.9420676,-33.508568
ViT-B/16,Grayscale,3191,6,horse,4.2634015,-28.09519
ViT-B/16,Grayscale,3292,6,horse,-0.14645955,-23.11952
ViT-B/16,Grayscale,3418,6,horse,-4.716392,-34.924976
ViT-B/16,Grayscale,3494,6,horse,-4.1882896,-27.653374
ViT-B/16,Grayscale,3515,6,horse,-15.824631,-31.815405
ViT-B/16,Grayscale,3777,6,horse,-13.313175,-29.04357
ViT-B/16,Grayscale,3779,6,horse,-7.385562,-26.822145
ViT-B/16,Grayscale,3844,6,horse,2.933518,-29.650787
ViT-B/16,Grayscale,3962,6,horse,-8.415093,-34.02073
ViT-B/16,Grayscale,4011,6,horse,-4.662054,-27.616339
ViT-B/16,Grayscale,4093,6,horse,-1.8060112,-23.54827
ViT-B/16,Grayscale,4254,6,horse,-23.109121,-25.82335
ViT-B/16,Grayscale,4341,6,horse,-10.747589,-27.400946
ViT-B/16,Grayscale,4411,6,horse,-1.7448962,-26.89852
ViT-B/16,Grayscale,4620,6,horse,-0.38509572,-23.254707
ViT-B/16,Grayscale,4731,6,horse,-9.240202,-31.103617
ViT-B/16,Grayscale,4746,6,horse,-8.051631,-34.44636
ViT-B/16,Grayscale,4754,6,horse,-9.809971,-21.900259
ViT-B/16,Grayscale,4827,6,horse,-3.16907,-28.500517
ViT-B/16,Grayscale,5082,6,horse,-6.067017,-30.17973
ViT-B/16,Grayscale,5382,6,horse,4.0766587,-29.986895
ViT-B/16,Grayscale,5408,6,horse,-16.052006,-26.354166
ViT-B/16,Grayscale,5580,6,horse,-8.993729,-19.220772
ViT-B/16,Grayscale,5729,6,horse,-12.250328,-29.94493
ViT-B/16,Grayscale,5857,6,horse,-22.304474,-21.750795
ViT-B/16,Grayscale,5858,6,horse,-13.617005,-29.619577
ViT-B/16,Grayscale,6381,6,horse,4.159274,-29.237263
ViT-B/16,Grayscale,6713,6,horse,5.0300827,-28.657017
ViT-B/16,Grayscale,7108,6,horse,-12.347106,-28.46188
ViT-B/16,Grayscale,7338,6,horse,-13.142472,-27.533031
ViT-B/16,Grayscale,7555,6,horse,4.228493,-28.199835
ViT-B/16,Grayscale,7600,6,horse,-4.081205,-28.605154
ViT-B/16,Grayscale,7726,6,horse,-10.834428,-27.05143
ViT-B/16,Grayscale,7779,6,horse,2.8111763,-29.43034
ViT-B/16,Grayscale,7781,6,horse,-9.633295,-34.781464
ViT-B/16,Grayscale,7996,6,horse,-7.327718,-28.546436
ViT-B/16,Grayscale,29,7,monkey,-36.917717,31.566338
ViT-B/16,Grayscale,269,7,monkey,-32.087254,28.323427
ViT-B/16,Grayscale,323,7,monkey,-32.28149,31.958218
ViT-B/16,Grayscale,370,7,monkey,-32.87161,29.429132
ViT-B/16,Grayscale,1032,7,monkey,-16.549543,31.295218
ViT-B/16,Grayscale,1048,7,monkey,-36.926826,30.038721
ViT-B/16,Grayscale,1220,7,monkey,-27.869938,35.819958
ViT-B/16,Grayscale,1287,7,monkey,-26.986904,37.465126
ViT-B/16,Grayscale,1296,7,monkey,-25.188496,31.521875
ViT-B/16,Grayscale,1440,7,monkey,-31.597885,32.481518
ViT-B/16,Grayscale,1473,7,monkey,-26.84022,27.796688
ViT-B/16,Grayscale,1579,7,monkey,-26.82092,26.145613
ViT-B/16,Grayscale,1703,7,monkey,-25.440401,32.00276
ViT-B/16,Grayscale,1711,7,monkey,-26.66091,26.179789
ViT-B/16,Grayscale,1771,7,monkey,-32.137653,20.71037
ViT-B/16,Grayscale,1884,7,monkey,-16.890852,31.83138
ViT-B/16,Grayscale,1927,7,monkey,-33.067856,29.853292
ViT-B/16,Grayscale,1956,7,monkey,-21.949799,23.562466
ViT-B/16,Grayscale,2501,7,monkey,-32.473843,29.161303
ViT-B/16,Grayscale,2668,7,monkey,-26.715952,33.65598
ViT-B/16,Grayscale,2746,7,monkey,-26.340725,31.424393
ViT-B/16,Grayscale,2854,7,monkey,-26.338457,32.842262
ViT-B/16,Grayscale,3153,7,monkey,-25.335865,32.956276
ViT-B/16,Grayscale,3288,7,monkey,-26.346117,36.266205
ViT-B/16,Grayscale,3404,7,monkey,-34.42703,29.653524
ViT-B/16,Grayscale,3446,7,monkey,-23.868114,32.51551
ViT-B/16,Grayscale,3467,7,monkey,-18.64248,-1.5320673
ViT-B/16,Grayscale,3542,7,monkey,-32.91884,30.872017
ViT-B/16,Grayscale,3867,7,monkey,-24.913595,31.217613
ViT-B/16,Grayscale,4172,7,monkey,-26.192808,36.534794
ViT-B/16,Grayscale,4236,7,monkey,-20.366867,31.617687
ViT-B/16,Grayscale,4308,7,monkey,-21.50215,31.238504
ViT-B/16,Grayscale,4403,7,monkey,-24.483788,34.574898
ViT-B/16,Grayscale,4661,7,monkey,-25.699085,30.039074
ViT-B/16,Grayscale,4704,7,monkey,-25.763575,33.96148
ViT-B/16,Grayscale,4748,7,monkey,-23.184248,34.689373
ViT-B/16,Grayscale,4791,7,monkey,-35.268883,29.938837
ViT-B/16,Grayscale,5436,7,monkey,-26.686989,36.82522
ViT-B/16,Grayscale,5450,7,monkey,-23.455393,34.725273
ViT-B/16,Grayscale,5719,7,monkey,-16.357773,33.589462
ViT-B/16,Grayscale,5848,7,monkey,-26.5079,36.404392
ViT-B/16,Grayscale,5977,7,monkey,-17.195936,33.06341
ViT-B/16,Grayscale,6084,7,monkey,-16.842787,33.149235
ViT-B/16,Grayscale,6190,7,monkey,-26.633661,33.930393
ViT-B/16,Grayscale,6650,7,monkey,-18.870317,26.380342
ViT-B/16,Grayscale,6726,7,monkey,-36.036583,32.65266
ViT-B/16,Grayscale,6772,7,monkey,-19.66387,25.532532
ViT-B/16,Grayscale,7081,7,monkey,-15.602347,31.80928
ViT-B/16,Grayscale,7270,7,monkey,-23.656595,30.622421
ViT-B/16,Grayscale,7835,7,monkey,-36.897118,30.436691
ViT-B/16,Grayscale,151,8,ship,37.15607,16.104092
ViT-B/16,Grayscale,194,8,ship,45.670177,12.917219
ViT-B/16,Grayscale,667,8,ship,40.899822,15.632058
ViT-B/16,Grayscale,706,8,ship,39.955765,22.128956
ViT-B/16,Grayscale,716,8,ship,50.042873,13.395744
ViT-B/16,Grayscale,739,8,ship,45.623062,12.851535
ViT-B/16,Grayscale,962,8,ship,36.549076,15.911964
ViT-B/16,Grayscale,1129,8,ship,33.159405,16.797256
ViT-B/16,Grayscale,1247,8,ship,50.942024,12.056261
ViT-B/16,Grayscale,1640,8,ship,34.806595,16.967258
ViT-B/16,Grayscale,1783,8,ship,41.263214,14.540627
ViT-B/16,Grayscale,1833,8,ship,49.776123,13.027367
ViT-B/16,Grayscale,1954,8,ship,32.0933,19.634697
ViT-B/16,Grayscale,2109,8,ship,40.390457,23.505203
ViT-B/16,Grayscale,2191,8,ship,37.619297,15.105519
ViT-B/16,Grayscale,2230,8,ship,32.38198,17.237597
ViT-B/16,Grayscale,2340,8,ship,43.91083,13.905955
ViT-B/16,Grayscale,2342,8,ship,39.626064,15.26304
ViT-B/16,Grayscale,2745,8,ship,41.56954,17.045103
ViT-B/16,Grayscale,2844,8,ship,39.37194,24.450758
ViT-B/16,Grayscale,3015,8,ship,42.52413,13.492989
ViT-B/16,Grayscale,3157,8,ship,33.964718,14.514332
ViT-B/16,Grayscale,3412,8,ship,39.082752,15.810107
ViT-B/16,Grayscale,3905,8,ship,39.28465,25.618334
ViT-B/16,Grayscale,3948,8,ship,37.999245,23.540144
ViT-B/16,Grayscale,4069,8,ship,30.298735,17.771471
ViT-B/16,Grayscale,4170,8,ship,40.127148,16.435501
ViT-B/16,Grayscale,4177,8,ship,38.169044,15.6468
ViT-B/16,Grayscale,4242,8,ship,50.7307,12.993983
ViT-B/16,Grayscale,4311,8,ship,42.91411,14.102485
ViT-B/16,Grayscale,4355,8,ship,21.501036,20.30138
ViT-B/16,Grayscale,4552,8,ship,27.353823,-3.177701
ViT-B/16,Grayscale,4662,8,ship,42.399643,13.94442
ViT-B/16,Grayscale,4676,8,ship,43.292965,13.657243
ViT-B/16,Grayscale,4990,8,ship,32.290665,17.371088
ViT-B/16,Grayscale,5000,8,ship,38.138287,15.899255
ViT-B/16,Grayscale,5451,8,ship,41.284634,16.462814
ViT-B/16,Grayscale,5525,8,ship,40.444492,22.780834
ViT-B/16,Grayscale,5694,8,ship,40.01338,25.970823
ViT-B/16,Grayscale,5705,8,ship,45.485462,13.082074
ViT-B/16,Grayscale,6434,8,ship,42.340755,14.294417
ViT-B/16,Grayscale,6689,8,ship,33.772827,14.445578
ViT-B/16,Grayscale,7138,8,ship,37.58807,17.69495
ViT-B/16,Grayscale,7446,8,ship,39.73138,24.692753
ViT-B/16,Grayscale,7460,8,ship,31.41704,14.613862
ViT-B/16,Grayscale,7476,8,ship,30.227804,19.516466
ViT-B/16,Grayscale,7810,8,ship,43.401077,17.127403
ViT-B/16,Grayscale,7818,8,ship,50.88429,13.197575
ViT-B/16,Grayscale,7875,8,ship,38.612514,21.089615
ViT-B/16,Grayscale,7999,8,ship,39.359493,15.989462
ViT-B/16,Grayscale,131,9,truck,21.245438,-5.6393075
ViT-B/16,Grayscale,191,9,truck,27.968113,-11.908051
ViT-B/16,Grayscale,239,9,truck,30.725199,-9.162884
ViT-B/16,Grayscale,276,9,truck,27.087454,-8.339198
ViT-B/16,Grayscale,303,9,truck,42.39442,-7.7696133
ViT-B/16,Grayscale,419,9,truck,32.519276,-8.789982
ViT-B/16,Grayscale,603,9,truck,36.86285,-7.2586975
ViT-B/16,Grayscale,805,9,truck,25.579533,-7.261057
ViT-B/16,Grayscale,852,9,truck,41.502014,-9.13294
ViT-B/16,Grayscale,1022,9,truck,24.319853,-10.962882
ViT-B/16,Grayscale,1411,9,truck,42.037373,-4.662234
ViT-B/16,Grayscale,1430,9,truck,25.43388,-6.3761187
ViT-B/16,Grayscale,1468,9,truck,31.939655,-12.341507
ViT-B/16,Grayscale,1515,9,truck,43.6216,-6.821137
ViT-B/16,Grayscale,1654,9,truck,18.515314,-4.316771
ViT-B/16,Grayscale,1836,9,truck,44.667778,-8.425754
ViT-B/16,Grayscale,2011,9,truck,43.99612,-10.040402
ViT-B/16,Grayscale,2062,9,truck,42.79715,-6.6188045
ViT-B/16,Grayscale,2114,9,truck,31.458147,-13.690388
ViT-B/16,Grayscale,2167,9,truck,37.706173,-4.8016725
ViT-B/16,Grayscale,2351,9,truck,42.77117,-8.536748
ViT-B/16,Grayscale,2414,9,truck,27.658869,-5.60315
ViT-B/16,Grayscale,2655,9,truck,33.50048,-8.466361
ViT-B/16,Grayscale,3318,9,truck,18.683222,-3.656494
ViT-B/16,Grayscale,3893,9,truck,31.822542,-12.040091
ViT-B/16,Grayscale,3942,9,truck,19.319715,-5.2410846
ViT-B/16,Grayscale,3996,9,truck,31.331932,-4.5287204
ViT-B/16,Grayscale,4094,9,truck,39.891796,-3.9764004
ViT-B/16,Grayscale,4449,9,truck,24.592743,-10.90031
ViT-B/16,Grayscale,4723,9,truck,24.421276,-5.994177
ViT-B/16,Grayscale,5284,9,truck,23.702824,-8.211868
ViT-B/16,Grayscale,5301,9,truck,25.498999,-4.5035267
ViT-B/16,Grayscale,5360,9,truck,32.008564,-11.323341
ViT-B/16,Grayscale,5447,9,truck,43.168484,-8.431671
ViT-B/16,Grayscale,5452,9,truck,43.36227,-9.329953
ViT-B/16,Grayscale,5508,9,truck,43.626755,-8.788168
ViT-B/16,Grayscale,5572,9,truck,22.023972,-6.508226
ViT-B/16,Grayscale,5590,9,truck,40.663406,-3.568839
ViT-B/16,Grayscale,5788,9,truck,30.405535,-10.161069
ViT-B/16,Grayscale,5851,9,truck,42.981247,-7.707849
ViT-B/16,Grayscale,5915,9,truck,23.87349,-9.117009
ViT-B/16,Grayscale,5981,9,truck,44.263466,-9.578119
ViT-B/16,Grayscale,6931,9,truck,24.241606,-5.4119654
ViT-B/16,Grayscale,7047,9,truck,42.837334,-7.4680557
ViT-B/16,Grayscale,7266,9,truck,22.602903,-7.9734426
ViT-B/16,Grayscale,7380,9,truck,43.85725,-8.3124275
ViT-B/16,Grayscale,7544,9,truck,25.914228,-11.450232
ViT-B/16,Grayscale,7752,9,truck,30.622301,-12.920766
ViT-B/16,Grayscale,7938,9,truck,19.14287,-4.491334
ViT-B/16,Grayscale,7995,9,truck,25.164263,-11.813565
ViT-B/16,Hue rotation,3,0,airplane,24.742449,37.135143
ViT-B/16,Hue rotation,42,0,airplane,17.151329,37.753834
ViT-B/16,Hue rotation,81,0,airplane,16.641272,29.21689
ViT-B/16,Hue rotation,484,0,airplane,28.283197,23.570913
ViT-B/16,Hue rotation,562,0,airplane,24.460556,30.01791
ViT-B/16,Hue rotation,1175,0,airplane,18.294596,37.49238
ViT-B/16,Hue rotation,1389,0,airplane,20.14791,36.136192
ViT-B/16,Hue rotation,1553,0,airplane,24.195265,40.40525
ViT-B/16,Hue rotation,1596,0,airplane,27.23639,22.285507
ViT-B/16,Hue rotation,1648,0,airplane,19.13986,40.096302
ViT-B/16,Hue rotation,1977,0,airplane,13.827353,35.098454
ViT-B/16,Hue rotation,2024,0,airplane,19.59335,21.473593
ViT-B/16,Hue rotation,2242,0,airplane,27.281801,20.978277
ViT-B/16,Hue rotation,2750,0,airplane,26.998962,19.8577
ViT-B/16,Hue rotation,2888,0,airplane,24.691666,40.144665
ViT-B/16,Hue rotation,3025,0,airplane,21.409998,32.131042
ViT-B/16,Hue rotation,3083,0,airplane,25.325748,21.318314
ViT-B/16,Hue rotation,3347,0,airplane,15.096073,32.793476
ViT-B/16,Hue rotation,3437,0,airplane,27.215683,19.87022
ViT-B/16,Hue rotation,3455,0,airplane,13.150608,35.37263
ViT-B/16,Hue rotation,3876,0,airplane,24.973017,34.023537
ViT-B/16,Hue rotation,3965,0,airplane,21.1482,40.973568
ViT-B/16,Hue rotation,4130,0,airplane,23.946728,36.021374
ViT-B/16,Hue rotation,4399,0,airplane,19.66262,28.854792
ViT-B/16,Hue rotation,4539,0,airplane,14.683731,33.445683
ViT-B/16,Hue rotation,4615,0,airplane,18.32843,36.580738
ViT-B/16,Hue rotation,4617,0,airplane,14.882733,32.01455
ViT-B/16,Hue rotation,4675,0,airplane,18.810637,39.826786
ViT-B/16,Hue rotation,4785,0,airplane,24.671854,41.957882
ViT-B/16,Hue rotation,4819,0,airplane,23.774818,35.746258
ViT-B/16,Hue rotation,4893,0,airplane,23.837708,41.036884
ViT-B/16,Hue rotation,5117,0,airplane,14.867,34.72812
ViT-B/16,Hue rotation,5478,0,airplane,19.291702,21.369228
ViT-B/16,Hue rotation,5912,0,airplane,23.260643,29.43458
ViT-B/16,Hue rotation,5918,0,airplane,20.333555,33.799736
ViT-B/16,Hue rotation,5999,0,airplane,18.592321,30.945158
ViT-B/16,Hue rotation,6437,0,airplane,23.62215,40.333714
ViT-B/16,Hue rotation,6455,0,airplane,20.181572,21.644958
ViT-B/16,Hue rotation,6609,0,airplane,13.208658,31.623083
ViT-B/16,Hue rotation,6844,0,airplane,15.296711,36.409145
ViT-B/16,Hue rotation,6986,0,airplane,28.383942,23.47334
ViT-B/16,Hue rotation,7009,0,airplane,21.377584,35.27372
ViT-B/16,Hue rotation,7150,0,airplane,18.02603,36.983
ViT-B/16,Hue rotation,7262,0,airplane,14.5975275,32.320877
ViT-B/16,Hue rotation,7309,0,airplane,23.36074,38.483295
ViT-B/16,Hue rotation,7320,0,airplane,19.927309,29.430185
ViT-B/16,Hue rotation,7372,0,airplane,21.525686,40.720947
ViT-B/16,Hue rotation,7373,0,airplane,24.771381,41.33031
ViT-B/16,Hue rotation,7465,0,airplane,21.345425,36.40681
ViT-B/16,Hue rotation,7634,0,airplane,19.026644,34.856422
ViT-B/16,Hue rotation,95,1,bird,-0.97702634,19.60947
ViT-B/16,Hue rotation,116,1,bird,-2.0310597,16.460335
ViT-B/16,Hue rotation,198,1,bird,-9.470282,18.03142
ViT-B/16,Hue rotation,261,1,bird,1.7483875,11.401889
ViT-B/16,Hue rotation,304,1,bird,-13.146423,12.188703
ViT-B/16,Hue rotation,825,1,bird,2.8024967,11.128263
ViT-B/16,Hue rotation,1090,1,bird,3.1089516,10.675015
ViT-B/16,Hue rotation,1109,1,bird,3.8596032,8.1031685
ViT-B/16,Hue rotation,1115,1,bird,-12.069186,9.041191
ViT-B/16,Hue rotation,1230,1,bird,-17.813398,28.040512
ViT-B/16,Hue rotation,1436,1,bird,-1.9608916,20.524363
ViT-B/16,Hue rotation,1568,1,bird,-10.156321,16.69421
ViT-B/16,Hue rotation,1852,1,bird,-4.1720934,20.613428
ViT-B/16,Hue rotation,1871,1,bird,-7.604514,10.917543
ViT-B/16,Hue rotation,1986,1,bird,-6.942374,11.1584015
ViT-B/16,Hue rotation,1993,1,bird,-2.0678718,20.159105
ViT-B/16,Hue rotation,2070,1,bird,-10.36588,18.834152
ViT-B/16,Hue rotation,2095,1,bird,-11.892033,18.779814
ViT-B/16,Hue rotation,2116,1,bird,-30.838873,-1.0014141
ViT-B/16,Hue rotation,2157,1,bird,-9.949811,17.694548
ViT-B/16,Hue rotation,2178,1,bird,-2.2081604,18.183416
ViT-B/16,Hue rotation,2687,1,bird,-8.510401,19.89115
ViT-B/16,Hue rotation,2690,1,bird,-10.03707,18.739672
ViT-B/16,Hue rotation,3079,1,bird,-1.2421607,20.154942
ViT-B/16,Hue rotation,3413,1,bird,-3.1215894,20.627172
ViT-B/16,Hue rotation,3491,1,bird,-9.2206955,17.77267
ViT-B/16,Hue rotation,3550,1,bird,2.3656876,8.047642
ViT-B/16,Hue rotation,3937,1,bird,-7.1922073,21.682337
ViT-B/16,Hue rotation,4298,1,bird,-3.6006851,19.94692
ViT-B/16,Hue rotation,4640,1,bird,-10.12896,18.480234
ViT-B/16,Hue rotation,5092,1,bird,-1.338198,20.013552
ViT-B/16,Hue rotation,5123,1,bird,0.5934278,13.766736
ViT-B/16,Hue rotation,5220,1,bird,-13.171897,8.449375
ViT-B/16,Hue rotation,5256,1,bird,-6.84802,20.432411
ViT-B/16,Hue rotation,5488,1,bird,-26.085793,23.545477
ViT-B/16,Hue rotation,5560,1,bird,-11.411458,6.719704
ViT-B/16,Hue rotation,6076,1,bird,-1.6340405,20.579105
ViT-B/16,Hue rotation,6169,1,bird,10.421403,10.804878
ViT-B/16,Hue rotation,6349,1,bird,-8.50482,18.58662
ViT-B/16,Hue rotation,6594,1,bird,3.813157,7.531459
ViT-B/16,Hue rotation,6733,1,bird,-6.8049684,11.298493
ViT-B/16,Hue rotation,6805,1,bird,2.577683,10.296014
ViT-B/16,Hue rotation,6836,1,bird,-0.5261637,18.786617
ViT-B/16,Hue rotation,6938,1,bird,-2.8104515,20.205414
ViT-B/16,Hue rotation,6954,1,bird,-12.640907,18.127289
ViT-B/16,Hue rotation,7029,1,bird,0.023694182,20.242151
ViT-B/16,Hue rotation,7033,1,bird,-9.426671,19.481907
ViT-B/16,Hue rotation,7202,1,bird,-4.5186687,15.512841
ViT-B/16,Hue rotation,7390,1,bird,-10.571262,8.6652355
ViT-B/16,Hue rotation,7955,1,bird,-2.338125,20.011343
ViT-B/16,Hue rotation,35,2,car,28.866974,-33.16196
ViT-B/16,Hue rotation,49,2,car,26.380068,-33.8249
ViT-B/16,Hue rotation,317,2,car,24.836899,-32.32517
ViT-B/16,Hue rotation,409,2,car,19.610916,-33.134098
ViT-B/16,Hue rotation,470,2,car,17.864347,-34.47175
ViT-B/16,Hue rotation,483,2,car,20.209234,-28.32691
ViT-B/16,Hue rotation,714,2,car,21.905493,-17.445326
ViT-B/16,Hue rotation,981,2,car,25.08658,-31.530825
ViT-B/16,Hue rotation,1202,2,car,19.93898,-28.933575
ViT-B/16,Hue rotation,1403,2,car,23.217577,-24.382238
ViT-B/16,Hue rotation,1520,2,car,26.13599,-15.886187
ViT-B/16,Hue rotation,1586,2,car,25.931587,-27.518648
ViT-B/16,Hue rotation,1814,2,car,27.677448,-33.763382
ViT-B/16,Hue rotation,1839,2,car,26.179424,-29.56603
ViT-B/16,Hue rotation,2082,2,car,33.09084,-33.095467
ViT-B/16,Hue rotation,2392,2,car,27.344273,-22.108917
ViT-B/16,Hue rotation,2502,2,car,17.840801,-32.306355
ViT-B/16,Hue rotation,3024,2,car,32.739094,-33.285564
ViT-B/16,Hue rotation,3067,2,car,25.692081,-33.51239
ViT-B/16,Hue rotation,3163,2,car,24.834787,-33.072025
ViT-B/16,Hue rotation,3362,2,car,19.42202,-35.206814
ViT-B/16,Hue rotation,3454,2,car,25.21553,-26.66537
ViT-B/16,Hue rotation,3755,2,car,22.039225,-21.523272
ViT-B/16,Hue rotation,4065,2,car,20.744638,-21.98767
ViT-B/16,Hue rotation,4735,2,car,30.093494,-32.444588
ViT-B/16,Hue rotation,4913,2,car,33.32512,-34.456722
ViT-B/16,Hue rotation,4921,2,car,23.45433,-23.031208
ViT-B/16,Hue rotation,5030,2,car,17.442593,-34.503452
ViT-B/16,Hue rotation,5183,2,car,17.80818,-33.306103
ViT-B/16,Hue rotation,5218,2,car,17.664927,-33.21418
ViT-B/16,Hue rotation,5237,2,car,33.27142,-34.568283
ViT-B/16,Hue rotation,5318,2,car,21.02532,-16.511528
ViT-B/16,Hue rotation,5333,2,car,27.992575,-33.428307
ViT-B/16,Hue rotation,5395,2,car,27.464312,-21.435627
ViT-B/16,Hue rotation,5512,2,car,0.030833272,-20.313904
ViT-B/16,Hue rotation,5677,2,car,23.094496,-24.032625
ViT-B/16,Hue rotation,5756,2,car,24.43282,-20.598665
ViT-B/16,Hue rotation,5824,2,car,22.18005,-17.880604
ViT-B/16,Hue rotation,6028,2,car,24.915451,-28.662354
ViT-B/16,Hue rotation,6244,2,car,22.743042,-25.83128
ViT-B/16,Hue rotation,6264,2,car,26.343061,-23.344149
ViT-B/16,Hue rotation,6271,2,car,18.055431,-31.058065
ViT-B/16,Hue rotation,6332,2,car,30.867088,-31.466743
ViT-B/16,Hue rotation,6354,2,car,20.28124,-26.89407
ViT-B/16,Hue rotation,6426,2,car,25.35482,-29.933481
ViT-B/16,Hue rotation,6503,2,car,29.638144,-35.143456
ViT-B/16,Hue rotation,6616,2,car,26.881754,-33.797527
ViT-B/16,Hue rotation,6692,2,car,29.424774,-32.7651
ViT-B/16,Hue rotation,7084,2,car,24.42264,-21.48762
ViT-B/16,Hue rotation,7425,2,car,21.350033,-33.719624
ViT-B/16,Hue rotation,176,3,cat,-39.697304,3.8175611
ViT-B/16,Hue rotation,365,3,cat,-30.384283,3.204677
ViT-B/16,Hue rotation,372,3,cat,-20.50639,3.848688
ViT-B/16,Hue rotation,391,3,cat,-33.756996,-1.3274204
ViT-B/16,Hue rotation,632,3,cat,-36.498627,2.690934
ViT-B/16,Hue rotation,672,3,cat,-30.813837,-3.9506178
ViT-B/16,Hue rotation,677,3,cat,-31.31162,4.7740674
ViT-B/16,Hue rotation,738,3,cat,-20.1178,4.174106
ViT-B/16,Hue rotation,791,3,cat,-31.968298,4.657327
ViT-B/16,Hue rotation,979,3,cat,-25.905539,4.324497
ViT-B/16,Hue rotation,1204,3,cat,-38.695473,4.30393
ViT-B/16,Hue rotation,1263,3,cat,-34.94883,-4.986397
ViT-B/16,Hue rotation,1370,3,cat,-31.347164,6.2523117
ViT-B/16,Hue rotation,1401,3,cat,-34.85113,2.2093976
ViT-B/16,Hue rotation,1431,3,cat,-22.139688,10.3155575
ViT-B/16,Hue rotation,1531,3,cat,-33.23152,-9.83398
ViT-B/16,Hue rotation,1563,3,cat,-26.645967,-4.706864
ViT-B/16,Hue rotation,2028,3,cat,-30.16939,-6.9010363
ViT-B/16,Hue rotation,2291,3,cat,-28.147274,-5.1213803
ViT-B/16,Hue rotation,2536,3,cat,-36.36326,2.9046493
ViT-B/16,Hue rotation,2539,3,cat,-39.420547,2.7137644
ViT-B/16,Hue rotation,2754,3,cat,-34.512913,0.44302383
ViT-B/16,Hue rotation,2861,3,cat,-28.32823,3.5979888
ViT-B/16,Hue rotation,3276,3,cat,-27.35225,-6.99524
ViT-B/16,Hue rotation,3375,3,cat,-33.41187,-10.225602
ViT-B/16,Hue rotation,3383,3,cat,-35.79993,-0.53049654
ViT-B/16,Hue rotation,3562,3,cat,-32.568027,-7.854717
ViT-B/16,Hue rotation,3778,3,cat,-17.59779,6.2307215
ViT-B/16,Hue rotation,3851,3,cat,-22.973751,8.228347
ViT-B/16,Hue rotation,3914,3,cat,-35.6216,0.75115055
ViT-B/16,Hue rotation,4023,3,cat,-30.605577,-8.8482895
ViT-B/16,Hue rotation,4168,3,cat,-32.69324,0.46648744
ViT-B/16,Hue rotation,4215,3,cat,-14.253128,7.098305
ViT-B/16,Hue rotation,4229,3,cat,-33.608246,2.7177176
ViT-B/16,Hue rotation,4323,3,cat,-24.026491,6.2732315
ViT-B/16,Hue rotation,4330,3,cat,-25.153051,-6.2548194
ViT-B/16,Hue rotation,4463,3,cat,-30.5389,1.2066894
ViT-B/16,Hue rotation,4531,3,cat,-33.271595,-7.1040072
ViT-B/16,Hue rotation,4590,3,cat,-31.65489,3.8406942
ViT-B/16,Hue rotation,4609,3,cat,-28.960003,-4.347582
ViT-B/16,Hue rotation,4821,3,cat,-29.109634,4.7765036
ViT-B/16,Hue rotation,4881,3,cat,-38.30495,5.8106756
ViT-B/16,Hue rotation,4908,3,cat,-35.809265,3.354719
ViT-B/16,Hue rotation,5528,3,cat,-24.293486,5.386988
ViT-B/16,Hue rotation,6490,3,cat,-39.48836,3.1739604
ViT-B/16,Hue rotation,6952,3,cat,-20.644167,4.117325
ViT-B/16,Hue rotation,7416,3,cat,-21.490467,7.456893
ViT-B/16,Hue rotation,7744,3,cat,-20.01707,6.1486206
ViT-B/16,Hue rotation,7793,3,cat,-16.449001,3.4173853
ViT-B/16,Hue rotation,7797,3,cat,-30.196268,-3.204849
ViT-B/16,Hue rotation,171,4,deer,-31.560938,-31.375208
ViT-B/16,Hue rotation,506,4,deer,-32.96214,-26.594053
ViT-B/16,Hue rotation,691,4,deer,-27.362534,-27.066307
ViT-B/16,Hue rotation,766,4,deer,-11.417358,-15.064762
ViT-B/16,Hue rotation,855,4,deer,-30.319933,-30.848534
ViT-B/16,Hue rotation,1111,4,deer,-17.416967,-31.215609
ViT-B/16,Hue rotation,1124,4,deer,-30.190758,-26.357761
ViT-B/16,Hue rotation,1211,4,deer,-26.03042,-28.706331
ViT-B/16,Hue rotation,1266,4,deer,-28.879457,-28.196693
ViT-B/16,Hue rotation,1429,4,deer,-25.023607,-31.111343
ViT-B/16,Hue rotation,1960,4,deer,-20.66454,-24.73573
ViT-B/16,Hue rotation,2399,4,deer,-20.801363,-32.00732
ViT-B/16,Hue rotation,2704,4,deer,-31.983644,-30.548124
ViT-B/16,Hue rotation,2757,4,deer,-18.912294,-28.756086
ViT-B/16,Hue rotation,2898,4,deer,-30.188904,-33.111393
ViT-B/16,Hue rotation,3034,4,deer,-23.473753,-30.056911
ViT-B/16,Hue rotation,3078,4,deer,-33.874348,-32.400627
ViT-B/16,Hue rotation,3122,4,deer,-23.278433,-29.042381
ViT-B/16,Hue rotation,3179,4,deer,-18.748905,-30.979761
ViT-B/16,Hue rotation,3287,4,deer,-24.716263,-37.88159
ViT-B/16,Hue rotation,3365,4,deer,-23.127455,-31.656183
ViT-B/16,Hue rotation,3458,4,deer,-25.252333,-37.981087
ViT-B/16,Hue rotation,3512,4,deer,-26.50853,-26.633762
ViT-B/16,Hue rotation,3763,4,deer,-22.250755,-30.573013
ViT-B/16,Hue rotation,3891,4,deer,-31.977404,-28.805662
ViT-B/16,Hue rotation,3994,4,deer,-24.548807,-29.093918
ViT-B/16,Hue rotation,4054,4,deer,-23.30614,-36.874504
ViT-B/16,Hue rotation,4629,4,deer,-21.996729,-29.387413
ViT-B/16,Hue rotation,4642,4,deer,-24.780464,-29.06647
ViT-B/16,Hue rotation,4740,4,deer,-15.813426,-29.41796
ViT-B/16,Hue rotation,5062,4,deer,-32.082554,-29.79717
ViT-B/16,Hue rotation,5077,4,deer,-17.066507,-30.426874
ViT-B/16,Hue rotation,5135,4,deer,-35.172474,-7.096142
ViT-B/16,Hue rotation,5213,4,deer,-21.121956,-31.95629
ViT-B/16,Hue rotation,5402,4,deer,-20.765558,-35.06366
ViT-B/16,Hue rotation,5467,4,deer,-21.416924,-27.685638
ViT-B/16,Hue rotation,5556,4,deer,-17.698648,-32.40507
ViT-B/16,Hue rotation,5623,4,deer,-22.100569,-31.07597
ViT-B/16,Hue rotation,5789,4,deer,-22.019453,-29.754576
ViT-B/16,Hue rotation,6033,4,deer,-32.90055,-25.001637
ViT-B/16,Hue rotation,6097,4,deer,-20.437487,-32.827263
ViT-B/16,Hue rotation,6288,4,deer,-28.073353,-26.60886
ViT-B/16,Hue rotation,6508,4,deer,-21.311312,-31.548744
ViT-B/16,Hue rotation,6528,4,deer,-28.114899,-26.918036
ViT-B/16,Hue rotation,7475,4,deer,-16.99956,-28.367813
ViT-B/16,Hue rotation,7610,4,deer,-26.057673,-28.51501
ViT-B/16,Hue rotation,7692,4,deer,-25.641476,-37.99469
ViT-B/16,Hue rotation,7864,4,deer,-27.16144,-37.443043
ViT-B/16,Hue rotation,7940,4,deer,-25.653303,-29.431387
ViT-B/16,Hue rotation,7944,4,deer,26.562996,18.697512
ViT-B/16,Hue rotation,97,5,dog,-23.207663,14.679969
ViT-B/16,Hue rotation,319,5,dog,-8.390359,3.5633912
ViT-B/16,Hue rotation,378,5,dog,-23.583818,14.048938
ViT-B/16,Hue rotation,568,5,dog,-22.492716,13.821762
ViT-B/16,Hue rotation,645,5,dog,-15.078871,-9.193013
ViT-B/16,Hue rotation,685,5,dog,-9.045688,-5.618976
ViT-B/16,Hue rotation,1095,5,dog,-7.746563,-3.9646513
ViT-B/16,Hue rotation,1552,5,dog,-8.582103,-11.162748
ViT-B/16,Hue rotation,1626,5,dog,-12.917046,-5.714226
ViT-B/16,Hue rotation,1644,5,dog,-7.68204,0.59174365
ViT-B/16,Hue rotation,1877,5,dog,-8.747995,-11.768196
ViT-B/16,Hue rotation,2265,5,dog,-7.8437843,-11.920022
ViT-B/16,Hue rotation,2268,5,dog,-23.432198,14.4678755
ViT-B/16,Hue rotation,2334,5,dog,-4.627146,-9.140915
ViT-B/16,Hue rotation,2391,5,dog,-17.747824,-10.161256
ViT-B/16,Hue rotation,2427,5,dog,-2.1288948,-7.891332
ViT-B/16,Hue rotation,2458,5,dog,-14.868979,-10.3414135
ViT-B/16,Hue rotation,2623,5,dog,-9.660974,-8.015927
ViT-B/16,Hue rotation,2766,5,dog,-24.276285,13.449228
ViT-B/16,Hue rotation,2807,5,dog,-18.985376,21.821417
ViT-B/16,Hue rotation,2950,5,dog,-3.3303442,4.393252
ViT-B/16,Hue rotation,3353,5,dog,-17.383797,-0.3529005
ViT-B/16,Hue rotation,3852,5,dog,-14.126289,-4.739536
ViT-B/16,Hue rotation,3863,5,dog,-7.574585,-3.734098
ViT-B/16,Hue rotation,3889,5,dog,-19.68644,11.563686
ViT-B/16,Hue rotation,4106,5,dog,-14.204675,-7.1453385
ViT-B/16,Hue rotation,4290,5,dog,-18.369226,-10.009921
ViT-B/16,Hue rotation,4547,5,dog,-8.142592,4.5149603
ViT-B/16,Hue rotation,4570,5,dog,-2.9496787,-7.436368
ViT-B/16,Hue rotation,4850,5,dog,-8.872778,-10.571147
ViT-B/16,Hue rotation,4953,5,dog,-8.317073,1.9709922
ViT-B/16,Hue rotation,4966,5,dog,-12.871726,-4.6366124
ViT-B/16,Hue rotation,5101,5,dog,-13.562172,2.4445105
ViT-B/16,Hue rotation,5332,5,dog,-8.9799,-17.494354
ViT-B/16,Hue rotation,5381,5,dog,-11.887375,-6.761405
ViT-B/16,Hue rotation,5496,5,dog,-11.419125,1.9062042
ViT-B/16,Hue rotation,5701,5,dog,-4.113537,4.4668927
ViT-B/16,Hue rotation,5924,5,dog,-2.7976193,-8.100115
ViT-B/16,Hue rotation,6224,5,dog,-1.9711834,-8.733952
ViT-B/16,Hue rotation,6358,5,dog,-9.732248,-11.411332
ViT-B/16,Hue rotation,6414,5,dog,-8.879542,5.4387994
ViT-B/16,Hue rotation,6716,5,dog,-14.174784,4.569083
ViT-B/16,Hue rotation,6922,5,dog,-16.010334,-7.696948
ViT-B/16,Hue rotation,6989,5,dog,-8.138785,0.8966798
ViT-B/16,Hue rotation,7041,5,dog,-13.299878,-9.788578
ViT-B/16,Hue rotation,7130,5,dog,-4.3649254,-1.0252839
ViT-B/16,Hue rotation,7413,5,dog,-22.374413,13.067283
ViT-B/16,Hue rotation,7474,5,dog,-11.359422,-11.233211
ViT-B/16,Hue rotation,7706,5,dog,-11.34795,3.7210212
ViT-B/16,Hue rotation,7776,5,dog,-4.7007656,-0.49066064
ViT-B/16,Hue rotation,449,6,horse,-7.94051,-29.993069
ViT-B/16,Hue rotation,545,6,horse,6.1214027,-29.132172
ViT-B/16,Hue rotation,873,6,horse,-8.009419,-23.919788
ViT-B/16,Hue rotation,890,6,horse,-11.392516,-31.125677
ViT-B/16,Hue rotation,920,6,horse,-9.556886,-28.76065
ViT-B/16,Hue rotation,929,6,horse,-10.127663,-19.819704
ViT-B/16,Hue rotation,964,6,horse,-2.40247,-23.271877
ViT-B/16,Hue rotation,977,6,horse,-8.8211565,-30.36697
ViT-B/16,Hue rotation,1534,6,horse,2.6229339,-25.712854
ViT-B/16,Hue rotation,1667,6,horse,5.117978,-27.841982
ViT-B/16,Hue rotation,2003,6,horse,-5.812734,-28.983994
ViT-B/16,Hue rotation,2610,6,horse,-15.459432,-22.794209
ViT-B/16,Hue rotation,2676,6,horse,0.3824953,-20.771936
ViT-B/16,Hue rotation,2958,6,horse,-5.030874,-34.117466
ViT-B/16,Hue rotation,3191,6,horse,2.728702,-28.305193
ViT-B/16,Hue rotation,3292,6,horse,-1.2549365,-21.908108
ViT-B/16,Hue rotation,3418,6,horse,-5.1701055,-34.88466
ViT-B/16,Hue rotation,3494,6,horse,-5.080386,-26.938705
ViT-B/16,Hue rotation,3515,6,horse,-17.049595,-32.01643
ViT-B/16,Hue rotation,3777,6,horse,-13.97265,-31.125116
ViT-B/16,Hue rotation,3779,6,horse,-7.3407264,-26.214237
ViT-B/16,Hue rotation,3844,6,horse,3.0006232,-30.150774
ViT-B/16,Hue rotation,3962,6,horse,-8.643988,-33.81416
ViT-B/16,Hue rotation,4011,6,horse,-5.1373215,-27.532307
ViT-B/16,Hue rotation,4093,6,horse,-2.3576324,-23.157694
ViT-B/16,Hue rotation,4254,6,horse,-18.021751,-26.224924
ViT-B/16,Hue rotation,4341,6,horse,-8.148619,-30.756971
ViT-B/16,Hue rotation,4411,6,horse,-8.219904,-15.668169
ViT-B/16,Hue rotation,4620,6,horse,-1.1630654,-21.771717
ViT-B/16,Hue rotation,4731,6,horse,-10.087097,-31.497742
ViT-B/16,Hue rotation,4746,6,horse,-13.243474,-32.510323
ViT-B/16,Hue rotation,4754,6,horse,-9.875779,-21.190815
ViT-B/16,Hue rotation,4827,6,horse,-3.7471273,-22.069494
ViT-B/16,Hue rotation,5082,6,horse,-5.8989615,-31.243202
ViT-B/16,Hue rotation,5382,6,horse,1.9117943,-28.197355
ViT-B/16,Hue rotation,5408,6,horse,-16.176748,-26.330082
ViT-B/16,Hue rotation,5580,6,horse,-9.504441,-19.327166
ViT-B/16,Hue rotation,5729,6,horse,-16.090265,-28.916613
ViT-B/16,Hue rotation,5857,6,horse,-22.233175,-21.739672
ViT-B/16,Hue rotation,5858,6,horse,-13.623854,-31.882654
ViT-B/16,Hue rotation,6381,6,horse,4.2049737,-29.447857
ViT-B/16,Hue rotation,6713,6,horse,4.5659666,-28.885508
ViT-B/16,Hue rotation,7108,6,horse,-12.040722,-28.462463
ViT-B/16,Hue rotation,7338,6,horse,-3.8596303,-23.047354
ViT-B/16,Hue rotation,7555,6,horse,3.271211,-28.224157
ViT-B/16,Hue rotation,7600,6,horse,-4.3936605,-28.716944
ViT-B/16,Hue rotation,7726,6,horse,-10.1475725,-25.893375
ViT-B/16,Hue rotation,7779,6,horse,1.7344153,-28.20074
ViT-B/16,Hue rotation,7781,6,horse,-9.878961,-34.778343
ViT-B/16,Hue rotation,7996,6,horse,-5.873229,-28.345894
ViT-B/16,Hue rotation,29,7,monkey,-36.917885,31.565975
ViT-B/16,Hue rotation,269,7,monkey,-34.623417,28.499252
ViT-B/16,Hue rotation,323,7,monkey,-32.514507,32.15066
ViT-B/16,Hue rotation,370,7,monkey,-34.265675,28.61069
ViT-B/16,Hue rotation,1032,7,monkey,-16.042526,31.71876
ViT-B/16,Hue rotation,1048,7,monkey,-36.205727,29.593884
ViT-B/16,Hue rotation,1220,7,monkey,-27.996695,36.42422
ViT-B/16,Hue rotation,1287,7,monkey,-25.9747,38.285538
ViT-B/16,Hue rotation,1296,7,monkey,-22.53459,26.996311
ViT-B/16,Hue rotation,1440,7,monkey,-32.343735,32.638912
ViT-B/16,Hue rotation,1473,7,monkey,-26.853758,27.87567
ViT-B/16,Hue rotation,1579,7,monkey,-26.723166,25.636549
ViT-B/16,Hue rotation,1703,7,monkey,-22.211132,25.911564
ViT-B/16,Hue rotation,1711,7,monkey,-26.234701,25.815882
ViT-B/16,Hue rotation,1771,7,monkey,-32.136806,20.727785
ViT-B/16,Hue rotation,1884,7,monkey,-17.467003,32.028065
ViT-B/16,Hue rotation,1927,7,monkey,-32.163105,30.293222
ViT-B/16,Hue rotation,1956,7,monkey,-21.74463,23.554655
ViT-B/16,Hue rotation,2501,7,monkey,-29.332726,29.710592
ViT-B/16,Hue rotation,2668,7,monkey,-28.049889,32.41158
ViT-B/16,Hue rotation,2746,7,monkey,-29.376137,31.304523
ViT-B/16,Hue rotation,2854,7,monkey,-27.262686,32.88477
ViT-B/16,Hue rotation,3153,7,monkey,-22.713999,28.297499
ViT-B/16,Hue rotation,3288,7,monkey,-25.474167,37.339443
ViT-B/16,Hue rotation,3404,7,monkey,-34.707012,28.976072
ViT-B/16,Hue rotation,3446,7,monkey,-23.487097,28.284338
ViT-B/16,Hue rotation,3467,7,monkey,-27.157879,-7.0633945
ViT-B/16,Hue rotation,3542,7,monkey,-32.87353,30.980253
ViT-B/16,Hue rotation,3867,7,monkey,-23.440714,28.117323
ViT-B/16,Hue rotation,4172,7,monkey,-22.658684,27.410841
ViT-B/16,Hue rotation,4236,7,monkey,-19.761335,31.527578
ViT-B/16,Hue rotation,4308,7,monkey,-21.00033,31.08857
ViT-B/16,Hue rotation,4403,7,monkey,-28.544874,30.264267
ViT-B/16,Hue rotation,4661,7,monkey,-25.839317,29.40877
ViT-B/16,Hue rotation,4704,7,monkey,-22.436611,27.055052
ViT-B/16,Hue rotation,4748,7,monkey,-22.93319,34.641857
ViT-B/16,Hue rotation,4791,7,monkey,-34.72111,30.432528
ViT-B/16,Hue rotation,5436,7,monkey,-26.101503,38.150833
ViT-B/16,Hue rotation,5450,7,monkey,-23.22696,34.52315
ViT-B/16,Hue rotation,5719,7,monkey,-15.702111,33.216114
ViT-B/16,Hue rotation,5848,7,monkey,-25.505434,37.99395
ViT-B/16,Hue rotation,5977,7,monkey,-16.527525,32.53102
ViT-B/16,Hue rotation,6084,7,monkey,-16.101967,32.553947
ViT-B/16,Hue rotation,6190,7,monkey,-27.988075,32.615353
ViT-B/16,Hue rotation,6650,7,monkey,-18.858643,30.27559
ViT-B/16,Hue rotation,6726,7,monkey,-35.578217,32.400223
ViT-B/16,Hue rotation,6772,7,monkey,-20.700909,23.672783
ViT-B/16,Hue rotation,7081,7,monkey,-15.160821,31.820564
ViT-B/16,Hue rotation,7270,7,monkey,-22.48213,30.431915
ViT-B/16,Hue rotation,7835,7,monkey,-35.93274,30.149534
ViT-B/16,Hue rotation,151,8,ship,41.64377,10.798537
ViT-B/16,Hue rotation,194,8,ship,43.05658,12.00713
ViT-B/16,Hue rotation,667,8,ship,40.09625,12.44674
ViT-B/16,Hue rotation,706,8,ship,40.30141,21.846563
ViT-B/16,Hue rotation,716,8,ship,49.394146,12.5082245
ViT-B/16,Hue rotation,739,8,ship,42.400715,10.125967
ViT-B/16,Hue rotation,962,8,ship,41.13617,9.701431
ViT-B/16,Hue rotation,1129,8,ship,32.83117,16.267954
ViT-B/16,Hue rotation,1247,8,ship,50.357964,11.670816
ViT-B/16,Hue rotation,1640,8,ship,28.335533,15.0424
ViT-B/16,Hue rotation,1783,8,ship,41.541504,13.139686
ViT-B/16,Hue rotation,1833,8,ship,48.26709,11.822065
ViT-B/16,Hue rotation,1954,8,ship,31.85692,19.795021
ViT-B/16,Hue rotation,2109,8,ship,40.811256,22.270248
ViT-B/16,Hue rotation,2191,8,ship,38.577614,13.0805855
ViT-B/16,Hue rotation,2230,8,ship,31.511145,16.368011
ViT-B/16,Hue rotation,2340,8,ship,41.244267,12.063425
ViT-B/16,Hue rotation,2342,8,ship,39.592823,13.32952
ViT-B/16,Hue rotation,2745,8,ship,40.972687,9.9718075
ViT-B/16,Hue rotation,2844,8,ship,39.366505,24.13599
ViT-B/16,Hue rotation,3015,8,ship,41.409912,10.753769
ViT-B/16,Hue rotation,3157,8,ship,39.533775,9.966151
ViT-B/16,Hue rotation,3412,8,ship,39.25184,13.096655
ViT-B/16,Hue rotation,3905,8,ship,39.57683,25.467262
ViT-B/16,Hue rotation,3948,8,ship,38.42066,24.068634
ViT-B/16,Hue rotation,4069,8,ship,29.758883,16.656244
ViT-B/16,Hue rotation,4170,8,ship,39.893967,14.312604
ViT-B/16,Hue rotation,4177,8,ship,38.869793,13.7460375
ViT-B/16,Hue rotation,4242,8,ship,49.48681,12.3075905
ViT-B/16,Hue rotation,4311,8,ship,40.745155,12.01023
ViT-B/16,Hue rotation,4355,8,ship,21.403704,20.257404
ViT-B/16,Hue rotation,4552,8,ship,27.55157,-2.9831324
ViT-B/16,Hue rotation,4662,8,ship,43.095783,13.014458
ViT-B/16,Hue rotation,4676,8,ship,41.304604,11.423498
ViT-B/16,Hue rotation,4990,8,ship,31.656473,16.654032
ViT-B/16,Hue rotation,5000,8,ship,38.277706,14.849618
ViT-B/16,Hue rotation,5451,8,ship,39.671516,11.900778
ViT-B/16,Hue rotation,5525,8,ship,40.887177,22.089985
ViT-B/16,Hue rotation,5694,8,ship,40.250584,25.978764
ViT-B/16,Hue rotation,5705,8,ship,42.89234,11.164156
ViT-B/16,Hue rotation,6434,8,ship,41.338512,11.673887
ViT-B/16,Hue rotation,6689,8,ship,39.066906,10.17994
ViT-B/16,Hue rotation,7138,8,ship,37.098083,18.483536
ViT-B/16,Hue rotation,7446,8,ship,40.5515,24.963585
ViT-B/16,Hue rotation,7460,8,ship,31.195887,15.377247
ViT-B/16,Hue rotation,7476,8,ship,29.77569,19.117693
ViT-B/16,Hue rotation,7810,8,ship,42.18701,11.3861265
ViT-B/16,Hue rotation,7818,8,ship,50.47868,13.031442
ViT-B/16,Hue rotation,7875,8,ship,39.3943,10.9164
ViT-B/16,Hue rotation,7999,8,ship,39.394928,12.961299
ViT-B/16,Hue rotation,131,9,truck,21.189442,-5.526129
ViT-B/16,Hue rotation,191,9,truck,27.964123,-11.923571
ViT-B/16,Hue rotation,239,9,truck,30.382164,-8.70464
ViT-B/16,Hue rotation,276,9,truck,26.915026,-8.59628
ViT-B/16,Hue rotation,303,9,truck,41.263237,-7.7544384
ViT-B/16,Hue rotation,419,9,truck,32.45625,-8.718319
ViT-B/16,Hue rotation,603,9,truck,36.851685,-7.27571
ViT-B/16,Hue rotation,805,9,truck,25.775782,-8.749786
ViT-B/16,Hue rotation,852,9,truck,40.534107,-9.78357
ViT-B/16,Hue rotation,1022,9,truck,25.725172,-8.847542
ViT-B/16,Hue rotation,1411,9,truck,41.801224,-4.1778917
ViT-B/16,Hue rotation,1430,9,truck,26.531315,-6.9146852
ViT-B/16,Hue rotation,1468,9,truck,32.63511,-12.816975
ViT-B/16,Hue rotation,1515,9,truck,39.96417,-7.8527293
ViT-B/16,Hue rotation,1654,9,truck,18.355284,-4.616615
ViT-B/16,Hue rotation,1836,9,truck,39.49707,-6.7873774
ViT-B/16,Hue rotation,2011,9,truck,43.057095,-10.092138
ViT-B/16,Hue rotation,2062,9,truck,40.06316,-7.79751
ViT-B/16,Hue rotation,2114,9,truck,32.304485,-12.969152
ViT-B/16,Hue rotation,2167,9,truck,38.4515,-5.283322
ViT-B/16,Hue rotation,2351,9,truck,39.10278,-9.102418
ViT-B/16,Hue rotation,2414,9,truck,27.782467,-5.816994
ViT-B/16,Hue rotation,2655,9,truck,33.612045,-8.700602
ViT-B/16,Hue rotation,3318,9,truck,19.149542,-3.4267623
ViT-B/16,Hue rotation,3893,9,truck,32.555363,-12.3767605
ViT-B/16,Hue rotation,3942,9,truck,18.927929,-5.1339197
ViT-B/16,Hue rotation,3996,9,truck,31.156487,-4.4111295
ViT-B/16,Hue rotation,4094,9,truck,40.826683,-4.363557
ViT-B/16,Hue rotation,4449,9,truck,25.346878,-9.760509
ViT-B/16,Hue rotation,4723,9,truck,23.56893,-3.5278492
ViT-B/16,Hue rotation,5284,9,truck,23.714674,-7.363796
ViT-B/16,Hue rotation,5301,9,truck,25.664848,-4.4538856
ViT-B/16,Hue rotation,5360,9,truck,32.04714,-10.991842
ViT-B/16,Hue rotation,5447,9,truck,39.3824,-8.981295
ViT-B/16,Hue rotation,5452,9,truck,42.470078,-9.823367
ViT-B/16,Hue rotation,5508,9,truck,39.6471,-9.5766
ViT-B/16,Hue rotation,5572,9,truck,22.018612,-6.3141184
ViT-B/16,Hue rotation,5590,9,truck,40.81218,-2.8699055
ViT-B/16,Hue rotation,5788,9,truck,29.750668,-10.28044
ViT-B/16,Hue rotation,5851,9,truck,42.095455,-7.674283
ViT-B/16,Hue rotation,5915,9,truck,25.006018,-9.567141
ViT-B/16,Hue rotation,5981,9,truck,28.049028,-2.4353433
ViT-B/16,Hue rotation,6931,9,truck,23.609379,-3.305885
ViT-B/16,Hue rotation,7047,9,truck,40.78564,-7.880812
ViT-B/16,Hue rotation,7266,9,truck,21.835075,-7.850833
ViT-B/16,Hue rotation,7380,9,truck,40.259056,-9.243479
ViT-B/16,Hue rotation,7544,9,truck,25.940748,-10.687159
ViT-B/16,Hue rotation,7752,9,truck,30.863342,-12.430534
ViT-B/16,Hue rotation,7938,9,truck,19.436483,-4.382931
ViT-B/16,Hue rotation,7995,9,truck,25.320724,-13.041924
CLIP ViT-B/32,Clean,3,0,airplane,-14.190713,-49.387302
CLIP ViT-B/32,Clean,42,0,airplane,-15.373819,-42.80307
CLIP ViT-B/32,Clean,81,0,airplane,-16.296936,-39.414112
CLIP ViT-B/32,Clean,484,0,airplane,-24.828732,-32.881927
CLIP ViT-B/32,Clean,562,0,airplane,-21.69832,-37.870106
CLIP ViT-B/32,Clean,1175,0,airplane,-19.37664,-44.123802
CLIP ViT-B/32,Clean,1389,0,airplane,-20.356153,-42.84335
CLIP ViT-B/32,Clean,1553,0,airplane,-14.666787,-48.948288
CLIP ViT-B/32,Clean,1596,0,airplane,-26.150894,-31.251125
CLIP ViT-B/32,Clean,1648,0,airplane,-16.438421,-45.935364
CLIP ViT-B/32,Clean,1977,0,airplane,-15.519923,-40.897858
CLIP ViT-B/32,Clean,2024,0,airplane,-21.3045,-32.95174
CLIP ViT-B/32,Clean,2242,0,airplane,-26.241276,-31.248665
CLIP ViT-B/32,Clean,2750,0,airplane,-26.51003,-30.02543
CLIP ViT-B/32,Clean,2888,0,airplane,-15.036269,-48.752155
CLIP ViT-B/32,Clean,3025,0,airplane,-25.53716,-42.009968
CLIP ViT-B/32,Clean,3083,0,airplane,-26.012306,-30.953606
CLIP ViT-B/32,Clean,3347,0,airplane,-24.619638,-37.67942
CLIP ViT-B/32,Clean,3437,0,airplane,-24.45089,-30.118341
CLIP ViT-B/32,Clean,3455,0,airplane,-27.3199,-41.8082
CLIP ViT-B/32,Clean,3876,0,airplane,-28.823696,-33.127552
CLIP ViT-B/32,Clean,3965,0,airplane,-15.971053,-47.163277
CLIP ViT-B/32,Clean,4130,0,airplane,-25.719812,-39.021748
CLIP ViT-B/32,Clean,4399,0,airplane,-23.754133,-41.607746
CLIP ViT-B/32,Clean,4539,0,airplane,-23.9708,-39.11281
CLIP ViT-B/32,Clean,4615,0,airplane,-20.365995,-41.175793
CLIP ViT-B/32,Clean,4617,0,airplane,-25.27534,-37.108356
CLIP ViT-B/32,Clean,4675,0,airplane,-16.882147,-45.346138
CLIP ViT-B/32,Clean,4785,0,airplane,-14.275912,-49.514694
CLIP ViT-B/32,Clean,4819,0,airplane,-25.443678,-37.17473
CLIP ViT-B/32,Clean,4893,0,airplane,-18.744967,-46.292404
CLIP ViT-B/32,Clean,5117,0,airplane,-18.90438,-37.690746
CLIP ViT-B/32,Clean,5478,0,airplane,-20.846497,-33.07351
CLIP ViT-B/32,Clean,5912,0,airplane,-24.570883,-36.42654
CLIP ViT-B/32,Clean,5918,0,airplane,-24.452438,-35.759247
CLIP ViT-B/32,Clean,5999,0,airplane,-18.107647,-40.071526
CLIP ViT-B/32,Clean,6437,0,airplane,-15.585558,-47.75384
CLIP ViT-B/32,Clean,6455,0,airplane,-20.996801,-33.514572
CLIP ViT-B/32,Clean,6609,0,airplane,-26.534033,-37.257412
CLIP ViT-B/32,Clean,6844,0,airplane,-14.466629,-40.368626
CLIP ViT-B/32,Clean,6986,0,airplane,-24.914856,-32.84819
CLIP ViT-B/32,Clean,7009,0,airplane,-21.888277,-45.15221
CLIP ViT-B/32,Clean,7150,0,airplane,-18.093363,-45.46063
CLIP ViT-B/32,Clean,7262,0,airplane,-24.752773,-36.891464
CLIP ViT-B/32,Clean,7309,0,airplane,-14.840601,-48.603737
CLIP ViT-B/32,Clean,7320,0,airplane,-23.650566,-41.061817
CLIP ViT-B/32,Clean,7372,0,airplane,-15.446046,-48.137463
CLIP ViT-B/32,Clean,7373,0,airplane,-15.801876,-49.746006
CLIP ViT-B/32,Clean,7465,0,airplane,-17.48675,-45.81691
CLIP ViT-B/32,Clean,7634,0,airplane,-21.894812,-39.240215
CLIP ViT-B/32,Clean,95,1,bird,28.657139,-23.616379
CLIP ViT-B/32,Clean,116,1,bird,24.681284,-19.35171
CLIP ViT-B/32,Clean,198,1,bird,30.487024,-25.062231
CLIP ViT-B/32,Clean,261,1,bird,22.749659,-29.46472
CLIP ViT-B/32,Clean,304,1,bird,21.399971,-12.102424
CLIP ViT-B/32,Clean,825,1,bird,21.732376,-28.864496
CLIP ViT-B/32,Clean,1090,1,bird,21.511152,-29.02422
CLIP ViT-B/32,Clean,1109,1,bird,20.485683,-26.808954
CLIP ViT-B/32,Clean,1115,1,bird,28.92773,-27.168455
CLIP ViT-B/32,Clean,1230,1,bird,47.29894,-1.6789352
CLIP ViT-B/32,Clean,1436,1,bird,28.377853,-23.809347
CLIP ViT-B/32,Clean,1568,1,bird,26.550697,-20.95241
CLIP ViT-B/32,Clean,1852,1,bird,31.490856,-26.001448
CLIP ViT-B/32,Clean,1871,1,bird,23.904314,-15.927957
CLIP ViT-B/32,Clean,1986,1,bird,23.85347,-15.958575
CLIP ViT-B/32,Clean,1993,1,bird,28.066683,-25.699154
CLIP ViT-B/32,Clean,2070,1,bird,29.574024,-25.364603
CLIP ViT-B/32,Clean,2095,1,bird,35.97497,-23.276335
CLIP ViT-B/32,Clean,2116,1,bird,36.29261,-23.618828
CLIP ViT-B/32,Clean,2157,1,bird,26.558243,-23.993475
CLIP ViT-B/32,Clean,2178,1,bird,25.842625,-18.847778
CLIP ViT-B/32,Clean,2687,1,bird,30.488749,-24.030325
CLIP ViT-B/32,Clean,2690,1,bird,29.512947,-25.065897
CLIP ViT-B/32,Clean,3079,1,bird,27.45817,-25.523272
CLIP ViT-B/32,Clean,3413,1,bird,30.911718,-25.44225
CLIP ViT-B/32,Clean,3491,1,bird,31.24444,-26.522646
CLIP ViT-B/32,Clean,3550,1,bird,23.592632,-27.634453
CLIP ViT-B/32,Clean,3937,1,bird,26.596287,-25.11461
CLIP ViT-B/32,Clean,4298,1,bird,30.346134,-24.454676
CLIP ViT-B/32,Clean,4640,1,bird,29.64397,-26.491777
CLIP ViT-B/32,Clean,5092,1,bird,26.71707,-25.604872
CLIP ViT-B/32,Clean,5123,1,bird,26.825994,-27.4677
CLIP ViT-B/32,Clean,5220,1,bird,18.942366,0.6877087
CLIP ViT-B/32,Clean,5256,1,bird,22.822073,-20.161745
CLIP ViT-B/32,Clean,5488,1,bird,38.53374,-20.349987
CLIP ViT-B/32,Clean,5560,1,bird,23.152752,-18.088772
CLIP ViT-B/32,Clean,6076,1,bird,28.284645,-25.019463
CLIP ViT-B/32,Clean,6169,1,bird,19.05949,-25.355665
CLIP ViT-B/32,Clean,6349,1,bird,30.851374,-26.368252
CLIP ViT-B/32,Clean,6594,1,bird,20.320148,-27.289864
CLIP ViT-B/32,Clean,6733,1,bird,23.8904,-15.954818
CLIP ViT-B/32,Clean,6805,1,bird,21.20974,-29.122074
CLIP ViT-B/32,Clean,6836,1,bird,28.501865,-23.959234
CLIP ViT-B/32,Clean,6938,1,bird,29.237276,-23.827911
CLIP ViT-B/32,Clean,6954,1,bird,36.005608,-23.21663
CLIP ViT-B/32,Clean,7029,1,bird,27.65533,-25.808777
CLIP ViT-B/32,Clean,7033,1,bird,30.708794,-26.552523
CLIP ViT-B/32,Clean,7202,1,bird,27.547659,-23.990696
CLIP ViT-B/32,Clean,7390,1,bird,22.513966,-24.941908
CLIP ViT-B/32,Clean,7955,1,bird,29.303328,-24.651754
CLIP ViT-B/32,Clean,35,2,car,-30.565184,33.06956
CLIP ViT-B/32,Clean,49,2,car,-25.76211,35.749203
CLIP ViT-B/32,Clean,317,2,car,-22.88232,46.042225
CLIP ViT-B/32,Clean,409,2,car,-22.111597,45.817444
CLIP ViT-B/32,Clean,470,2,car,-21.649021,47.60639
CLIP ViT-B/32,Clean,483,2,car,-24.1145,35.049873
CLIP ViT-B/32,Clean,714,2,car,-29.860752,22.278275
CLIP ViT-B/32,Clean,981,2,car,-21.988146,36.773373
CLIP ViT-B/32,Clean,1202,2,car,-20.34876,46.935028
CLIP ViT-B/32,Clean,1403,2,car,-18.592337,30.006548
CLIP ViT-B/32,Clean,1520,2,car,-28.901665,30.930136
CLIP ViT-B/32,Clean,1586,2,car,-19.73122,35.355366
CLIP ViT-B/32,Clean,1814,2,car,-25.42019,37.059692
CLIP ViT-B/32,Clean,1839,2,car,-20.972866,37.51225
CLIP ViT-B/32,Clean,2082,2,car,-29.827522,32.109505
CLIP ViT-B/32,Clean,2392,2,car,-24.267307,38.796932
CLIP ViT-B/32,Clean,2502,2,car,-21.505829,48.51835
CLIP ViT-B/32,Clean,3024,2,car,-31.880558,31.914654
CLIP ViT-B/32,Clean,3067,2,car,-24.786041,38.071915
CLIP ViT-B/32,Clean,3163,2,car,-17.306507,31.53754
CLIP ViT-B/32,Clean,3362,2,car,-22.64578,47.508865
CLIP ViT-B/32,Clean,3454,2,car,-19.034283,33.60996
CLIP ViT-B/32,Clean,3755,2,car,-17.288393,33.194992
CLIP ViT-B/32,Clean,4065,2,car,-21.069489,30.874962
CLIP ViT-B/32,Clean,4735,2,car,-31.694391,33.184967
CLIP ViT-B/32,Clean,4913,2,car,-28.682604,35.35964
CLIP ViT-B/32,Clean,4921,2,car,-15.663396,35.82755
CLIP ViT-B/32,Clean,5030,2,car,-21.957428,48.1466
CLIP ViT-B/32,Clean,5183,2,car,-23.647573,44.917847
CLIP ViT-B/32,Clean,5218,2,car,-21.901838,47.487385
CLIP ViT-B/32,Clean,5237,2,car,-28.860159,34.4236
CLIP ViT-B/32,Clean,5318,2,car,-22.607658,26.20453
CLIP ViT-B/32,Clean,5333,2,car,-25.100342,36.52303
CLIP ViT-B/32,Clean,5395,2,car,-19.255228,31.220299
CLIP ViT-B/32,Clean,5512,2,car,-26.930096,9.220495
CLIP ViT-B/32,Clean,5677,2,car,-18.528553,30.72878
CLIP ViT-B/32,Clean,5756,2,car,-17.97922,35.301197
CLIP ViT-B/32,Clean,5824,2,car,-22.227879,23.746315
CLIP ViT-B/32,Clean,6028,2,car,-20.568987,36.48529
CLIP ViT-B/32,Clean,6244,2,car,-21.478424,33.587215
CLIP ViT-B/32,Clean,6264,2,car,-16.90154,36.590652
CLIP ViT-B/32,Clean,6271,2,car,-20.99541,47.848465
CLIP ViT-B/32,Clean,6332,2,car,-31.939163,33.47772
CLIP ViT-B/32,Clean,6354,2,car,-25.720798,30.003166
CLIP ViT-B/32,Clean,6426,2,car,-20.031313,38.580566
CLIP ViT-B/32,Clean,6503,2,car,-29.211576,33.561695
CLIP ViT-B/32,Clean,6616,2,car,-23.691675,33.713593
CLIP ViT-B/32,Clean,6692,2,car,-30.986208,32.660007
CLIP ViT-B/32,Clean,7084,2,car,-15.2933655,34.03649
CLIP ViT-B/32,Clean,7425,2,car,-18.275364,37.18589
CLIP ViT-B/32,Clean,176,3,cat,36.193916,12.493742
CLIP ViT-B/32,Clean,365,3,cat,28.211557,22.790373
CLIP ViT-B/32,Clean,372,3,cat,27.32148,18.802967
CLIP ViT-B/32,Clean,391,3,cat,29.593483,9.613105
CLIP ViT-B/32,Clean,632,3,cat,36.28165,13.115885
CLIP ViT-B/32,Clean,672,3,cat,33.93808,9.720614
CLIP ViT-B/32,Clean,677,3,cat,32.321083,23.437323
CLIP ViT-B/32,Clean,738,3,cat,30.364988,23.90143
CLIP ViT-B/32,Clean,791,3,cat,32.85505,22.377632
CLIP ViT-B/32,Clean,979,3,cat,31.495232,19.311811
CLIP ViT-B/32,Clean,1204,3,cat,35.444885,13.005153
CLIP ViT-B/32,Clean,1263,3,cat,33.431965,7.9910026
CLIP ViT-B/32,Clean,1370,3,cat,27.818907,23.129692
CLIP ViT-B/32,Clean,1401,3,cat,36.600597,22.381723
CLIP ViT-B/32,Clean,1431,3,cat,28.996746,25.063072
CLIP ViT-B/32,Clean,1531,3,cat,33.9413,6.812312
CLIP ViT-B/32,Clean,1563,3,cat,35.881268,8.371919
CLIP ViT-B/32,Clean,2028,3,cat,33.305172,8.845172
CLIP ViT-B/32,Clean,2291,3,cat,35.61969,8.636366
CLIP ViT-B/32,Clean,2536,3,cat,36.663338,11.94531
CLIP ViT-B/32,Clean,2539,3,cat,35.3175,14.844703
CLIP ViT-B/32,Clean,2754,3,cat,37.67857,12.9811535
CLIP ViT-B/32,Clean,2861,3,cat,32.563183,25.185928
CLIP ViT-B/32,Clean,3276,3,cat,32.57994,6.347973
CLIP ViT-B/32,Clean,3375,3,cat,34.259537,7.6041846
CLIP ViT-B/32,Clean,3383,3,cat,36.44361,11.988266
CLIP ViT-B/32,Clean,3562,3,cat,16.145342,8.755458
CLIP ViT-B/32,Clean,3778,3,cat,34.847088,24.734392
CLIP ViT-B/32,Clean,3851,3,cat,29.513994,27.159546
CLIP ViT-B/32,Clean,3914,3,cat,37.7262,13.305122
CLIP ViT-B/32,Clean,4023,3,cat,34.77393,7.2416463
CLIP ViT-B/32,Clean,4168,3,cat,31.127502,19.593056
CLIP ViT-B/32,Clean,4215,3,cat,32.159206,19.80611
CLIP ViT-B/32,Clean,4229,3,cat,36.87004,13.724104
CLIP ViT-B/32,Clean,4323,3,cat,28.67503,23.622715
CLIP ViT-B/32,Clean,4330,3,cat,25.300587,10.558678
CLIP ViT-B/32,Clean,4463,3,cat,35.73474,20.820374
CLIP ViT-B/32,Clean,4531,3,cat,33.776524,8.038181
CLIP ViT-B/32,Clean,4590,3,cat,33.81261,23.851517
CLIP ViT-B/32,Clean,4609,3,cat,28.962357,2.991353
CLIP ViT-B/32,Clean,4821,3,cat,28.428478,21.871193
CLIP ViT-B/32,Clean,4881,3,cat,36.84896,11.672117
CLIP ViT-B/32,Clean,4908,3,cat,26.995827,21.438948
CLIP ViT-B/32,Clean,5528,3,cat,26.08415,22.150078
CLIP ViT-B/32,Clean,6490,3,cat,36.198505,12.317337
CLIP ViT-B/32,Clean,6952,3,cat,27.979202,22.413237
CLIP ViT-B/32,Clean,7416,3,cat,28.233583,23.07681
CLIP ViT-B/32,Clean,7744,3,cat,27.991613,25.150158
CLIP ViT-B/32,Clean,7793,3,cat,26.334366,24.326612
CLIP ViT-B/32,Clean,7797,3,cat,38.36824,12.423216
CLIP ViT-B/32,Clean,171,4,deer,3.527492,-17.73992
CLIP ViT-B/32,Clean,506,4,deer,1.8895481,-19.867817
CLIP ViT-B/32,Clean,691,4,deer,4.0338416,-18.88494
CLIP ViT-B/32,Clean,766,4,deer,12.293283,7.591783
CLIP ViT-B/32,Clean,855,4,deer,8.038755,-18.69718
CLIP ViT-B/32,Clean,1111,4,deer,-0.5767692,-16.991823
CLIP ViT-B/32,Clean,1124,4,deer,4.793169,-16.907646
CLIP ViT-B/32,Clean,1211,4,deer,1.4335265,-16.922953
CLIP ViT-B/32,Clean,1266,4,deer,4.0511303,-17.053886
CLIP ViT-B/32,Clean,1429,4,deer,8.451385,-13.312731
CLIP ViT-B/32,Clean,1960,4,deer,6.4272637,-16.132086
CLIP ViT-B/32,Clean,2399,4,deer,-3.997666,-18.531706
CLIP ViT-B/32,Clean,2704,4,deer,2.812218,-17.219252
CLIP ViT-B/32,Clean,2757,4,deer,6.622754,-26.478987
CLIP ViT-B/32,Clean,2898,4,deer,0.79628897,-18.006857
CLIP ViT-B/32,Clean,3034,4,deer,1.1075449,-16.03501
CLIP ViT-B/32,Clean,3078,4,deer,1.5688621,-21.122015
CLIP ViT-B/32,Clean,3122,4,deer,5.561542,-18.320145
CLIP ViT-B/32,Clean,3179,4,deer,-1.4055083,-19.564308
CLIP ViT-B/32,Clean,3287,4,deer,0.6364422,-18.004967
CLIP ViT-B/32,Clean,3365,4,deer,-3.1272264,-19.348827
CLIP ViT-B/32,Clean,3458,4,deer,-0.77192366,-18.044699
CLIP ViT-B/32,Clean,3512,4,deer,4.4699755,-17.400696
CLIP ViT-B/32,Clean,3763,4,deer,-2.3128316,-16.986097
CLIP ViT-B/32,Clean,3891,4,deer,3.4945588,-16.765226
CLIP ViT-B/32,Clean,3994,4,deer,3.8493114,-16.663546
CLIP ViT-B/32,Clean,4054,4,deer,-2.6501126,-17.558392
CLIP ViT-B/32,Clean,4629,4,deer,1.9726952,-18.507393
CLIP ViT-B/32,Clean,4642,4,deer,2.843693,-17.08805
CLIP ViT-B/32,Clean,4740,4,deer,0.9893285,-16.50739
CLIP ViT-B/32,Clean,5062,4,deer,2.4578094,-17.267033
CLIP ViT-B/32,Clean,5077,4,deer,-1.3224593,-16.877018
CLIP ViT-B/32,Clean,5135,4,deer,8.191471,-16.950657
CLIP ViT-B/32,Clean,5213,4,deer,-2.843624,-16.197927
CLIP ViT-B/32,Clean,5402,4,deer,-2.5783768,-17.242682
CLIP ViT-B/32,Clean,5467,4,deer,-1.8915981,-16.721592
CLIP ViT-B/32,Clean,5556,4,deer,-0.8950945,-17.394697
CLIP ViT-B/32,Clean,5623,4,deer,-1.976044,-18.890999
CLIP ViT-B/32,Clean,5789,4,deer,-2.9917405,-18.29266
CLIP ViT-B/32,Clean,6033,4,deer,2.4440813,-18.815454
CLIP ViT-B/32,Clean,6097,4,deer,-2.357396,-17.486544
CLIP ViT-B/32,Clean,6288,4,deer,4.9401507,-19.337729
CLIP ViT-B/32,Clean,6508,4,deer,-1.4447256,-15.216224
CLIP ViT-B/32,Clean,6528,4,deer,8.16049,-20.824705
CLIP ViT-B/32,Clean,7475,4,deer,-2.6640227,-18.219152
CLIP ViT-B/32,Clean,7610,4,deer,4.9390974,-19.166132
CLIP ViT-B/32,Clean,7692,4,deer,1.9648798,-20.616346
CLIP ViT-B/32,Clean,7864,4,deer,-2.2602315,-17.544075
CLIP ViT-B/32,Clean,7940,4,deer,3.7004962,-17.372936
CLIP ViT-B/32,Clean,7944,4,deer,5.3908587,-17.076864
CLIP ViT-B/32,Clean,97,5,dog,16.20727,26.789762
CLIP ViT-B/32,Clean,319,5,dog,18.048002,21.66197
CLIP ViT-B/32,Clean,378,5,dog,17.480156,26.262337
CLIP ViT-B/32,Clean,568,5,dog,17.972729,30.864685
CLIP ViT-B/32,Clean,645,5,dog,11.794245,22.470652
CLIP ViT-B/32,Clean,685,5,dog,19.142807,25.401873
CLIP ViT-B/32,Clean,1095,5,dog,18.107477,24.748768
CLIP ViT-B/32,Clean,1552,5,dog,8.908451,20.728102
CLIP ViT-B/32,Clean,1626,5,dog,15.120024,27.681538
CLIP ViT-B/32,Clean,1644,5,dog,11.801475,23.691471
CLIP ViT-B/32,Clean,1877,5,dog,10.203854,21.897629
CLIP ViT-B/32,Clean,2265,5,dog,10.566115,22.573185
CLIP ViT-B/32,Clean,2268,5,dog,19.135967,27.373692
CLIP ViT-B/32,Clean,2334,5,dog,10.871887,23.339678
CLIP ViT-B/32,Clean,2391,5,dog,10.245721,19.55313
CLIP ViT-B/32,Clean,2427,5,dog,10.996519,24.034336
CLIP ViT-B/32,Clean,2458,5,dog,13.012612,24.350655
CLIP ViT-B/32,Clean,2623,5,dog,20.358128,24.895847
CLIP ViT-B/32,Clean,2766,5,dog,16.930235,29.329288
CLIP ViT-B/32,Clean,2807,5,dog,23.951954,-3.1675007
CLIP ViT-B/32,Clean,2950,5,dog,15.5699,25.132477
CLIP ViT-B/32,Clean,3353,5,dog,20.866707,10.998675
CLIP ViT-B/32,Clean,3852,5,dog,20.158348,21.721292
CLIP ViT-B/32,Clean,3863,5,dog,10.52116,25.562166
CLIP ViT-B/32,Clean,3889,5,dog,15.340631,28.636694
CLIP ViT-B/32,Clean,4106,5,dog,11.624603,18.336203
CLIP ViT-B/32,Clean,4290,5,dog,9.834816,19.326643
CLIP ViT-B/32,Clean,4547,5,dog,18.853241,23.171707
CLIP ViT-B/32,Clean,4570,5,dog,10.220507,23.872099
CLIP ViT-B/32,Clean,4850,5,dog,19.94585,25.01107
CLIP ViT-B/32,Clean,4953,5,dog,18.14296,16.537907
CLIP ViT-B/32,Clean,4966,5,dog,19.207695,20.8699
CLIP ViT-B/32,Clean,5101,5,dog,14.290896,23.5139
CLIP ViT-B/32,Clean,5332,5,dog,10.867723,20.526663
CLIP ViT-B/32,Clean,5381,5,dog,13.850668,21.961832
CLIP ViT-B/32,Clean,5496,5,dog,16.934282,22.82741
CLIP ViT-B/32,Clean,5701,5,dog,19.252798,29.50002
CLIP ViT-B/32,Clean,5924,5,dog,7.451947,19.356768
CLIP ViT-B/32,Clean,6224,5,dog,8.986486,24.364452
CLIP ViT-B/32,Clean,6358,5,dog,20.391214,9.600603
CLIP ViT-B/32,Clean,6414,5,dog,21.99679,23.665266
CLIP ViT-B/32,Clean,6716,5,dog,16.98167,14.942653
CLIP ViT-B/32,Clean,6922,5,dog,11.794983,23.080622
CLIP ViT-B/32,Clean,6989,5,dog,8.679084,26.137987
CLIP ViT-B/32,Clean,7041,5,dog,19.162851,11.875183
CLIP ViT-B/32,Clean,7130,5,dog,11.135728,24.917126
CLIP ViT-B/32,Clean,7413,5,dog,28.211271,5.732047
CLIP ViT-B/32,Clean,7474,5,dog,11.931195,21.444122
CLIP ViT-B/32,Clean,7706,5,dog,20.080704,18.494028
CLIP ViT-B/32,Clean,7776,5,dog,9.65442,23.805616
CLIP ViT-B/32,Clean,449,6,horse,-2.3264337,3.717683
CLIP ViT-B/32,Clean,545,6,horse,-5.6905575,12.508289
CLIP ViT-B/32,Clean,873,6,horse,-5.047476,-3.2572215
CLIP ViT-B/32,Clean,890,6,horse,-1.2159349,3.4806743
CLIP ViT-B/32,Clean,920,6,horse,-2.459546,0.53286564
CLIP ViT-B/32,Clean,929,6,horse,0.5410737,6.716439
CLIP ViT-B/32,Clean,964,6,horse,2.2651048,12.0064125
CLIP ViT-B/32,Clean,977,6,horse,0.019674707,4.4593544
CLIP ViT-B/32,Clean,1534,6,horse,-7.8340626,11.845665
CLIP ViT-B/32,Clean,1667,6,horse,-3.9241858,10.060707
CLIP ViT-B/32,Clean,2003,6,horse,1.2696772,6.358406
CLIP ViT-B/32,Clean,2610,6,horse,7.2084527,7.3688903
CLIP ViT-B/32,Clean,2676,6,horse,5.6897836,11.3460245
CLIP ViT-B/32,Clean,2958,6,horse,-0.469842,4.5122757
CLIP ViT-B/32,Clean,3191,6,horse,-5.810423,11.881445
CLIP ViT-B/32,Clean,3292,6,horse,3.5055802,10.286383
CLIP ViT-B/32,Clean,3418,6,horse,-0.44813237,5.5198383
CLIP ViT-B/32,Clean,3494,6,horse,1.6012154,8.60467
CLIP ViT-B/32,Clean,3515,6,horse,-2.2472336,0.55386806
CLIP ViT-B/32,Clean,3777,6,horse,-1.8195568,3.613104
CLIP ViT-B/32,Clean,3779,6,horse,-2.8422525,2.5044162
CLIP ViT-B/32,Clean,3844,6,horse,-1.2625481,1.8878884
CLIP ViT-B/32,Clean,3962,6,horse,-0.516133,0.97677374
CLIP ViT-B/32,Clean,4011,6,horse,0.13104345,8.026861
CLIP ViT-B/32,Clean,4093,6,horse,2.093569,11.42833
CLIP ViT-B/32,Clean,4254,6,horse,-1.2630606,0.12465611
CLIP ViT-B/32,Clean,4341,6,horse,-1.0429009,3.4366622
CLIP ViT-B/32,Clean,4411,6,horse,0.47386253,11.684683
CLIP ViT-B/32,Clean,4620,6,horse,2.9970071,9.944933
CLIP ViT-B/32,Clean,4731,6,horse,-0.05317618,4.7828474
CLIP ViT-B/32,Clean,4746,6,horse,-1.827057,-0.5206216
CLIP ViT-B/32,Clean,4754,6,horse,-0.27203813,2.0711887
CLIP ViT-B/32,Clean,4827,6,horse,4.3610225,7.930497
CLIP ViT-B/32,Clean,5082,6,horse,-0.1993174,5.1527667
CLIP ViT-B/32,Clean,5382,6,horse,-2.8454928,13.365561
CLIP ViT-B/32,Clean,5408,6,horse,-1.3405372,0.77196914
CLIP ViT-B/32,Clean,5580,6,horse,1.126374,5.2454805
CLIP ViT-B/32,Clean,5729,6,horse,-1.226133,3.9437113
CLIP ViT-B/32,Clean,5857,6,horse,-7.571028,7.4196754
CLIP ViT-B/32,Clean,5858,6,horse,-0.852002,-0.8120349
CLIP ViT-B/32,Clean,6381,6,horse,-3.371491,12.578589
CLIP ViT-B/32,Clean,6713,6,horse,-4.7374973,12.593078
CLIP ViT-B/32,Clean,7108,6,horse,-1.574165,2.6698408
CLIP ViT-B/32,Clean,7338,6,horse,-6.3360796,7.661518
CLIP ViT-B/32,Clean,7555,6,horse,-5.775742,11.42645
CLIP ViT-B/32,Clean,7600,6,horse,4.6821575,7.9394684
CLIP ViT-B/32,Clean,7726,6,horse,0.095830195,2.8253145
CLIP ViT-B/32,Clean,7779,6,horse,2.4532588,9.183243
CLIP ViT-B/32,Clean,7781,6,horse,-2.3236854,-1.0431802
CLIP ViT-B/32,Clean,7996,6,horse,1.3901294,7.516052
CLIP ViT-B/32,Clean,29,7,monkey,39.842716,-8.399302
CLIP ViT-B/32,Clean,269,7,monkey,44.951782,-4.861746
CLIP ViT-B/32,Clean,323,7,monkey,43.26627,-7.0894823
CLIP ViT-B/32,Clean,370,7,monkey,42.50218,0.28366628
CLIP ViT-B/32,Clean,1032,7,monkey,46.467503,-1.6543967
CLIP ViT-B/32,Clean,1048,7,monkey,46.74781,1.2282592
CLIP ViT-B/32,Clean,1220,7,monkey,42.465214,3.3765185
CLIP ViT-B/32,Clean,1287,7,monkey,40.766056,5.1636467
CLIP ViT-B/32,Clean,1296,7,monkey,42.871845,2.485988
CLIP ViT-B/32,Clean,1440,7,monkey,43.382744,2.8857589
CLIP ViT-B/32,Clean,1473,7,monkey,41.67402,-1.3359733
CLIP ViT-B/32,Clean,1579,7,monkey,45.379913,6.9525404
CLIP ViT-B/32,Clean,1703,7,monkey,40.272514,4.268563
CLIP ViT-B/32,Clean,1711,7,monkey,46.295944,5.232862
CLIP ViT-B/32,Clean,1771,7,monkey,30.387192,-4.5366783
CLIP ViT-B/32,Clean,1884,7,monkey,44.527107,-2.6664503
CLIP ViT-B/32,Clean,1927,7,monkey,40.48052,1.0451912
CLIP ViT-B/32,Clean,1956,7,monkey,38.61736,4.493782
CLIP ViT-B/32,Clean,2501,7,monkey,42.81631,-0.929073
CLIP ViT-B/32,Clean,2668,7,monkey,41.663498,3.311466
CLIP ViT-B/32,Clean,2746,7,monkey,40.987064,1.9649856
CLIP ViT-B/32,Clean,2854,7,monkey,41.66972,2.7959547
CLIP ViT-B/32,Clean,3153,7,monkey,41.46962,4.06625
CLIP ViT-B/32,Clean,3288,7,monkey,42.629875,1.980924
CLIP ViT-B/32,Clean,3404,7,monkey,42.370388,0.0709933
CLIP ViT-B/32,Clean,3446,7,monkey,45.293285,0.19198819
CLIP ViT-B/32,Clean,3467,7,monkey,33.90375,-1.2306974
CLIP ViT-B/32,Clean,3542,7,monkey,41.52751,0.49402907
CLIP ViT-B/32,Clean,3867,7,monkey,42.842075,-0.17884171
CLIP ViT-B/32,Clean,4172,7,monkey,41.341583,3.7445142
CLIP ViT-B/32,Clean,4236,7,monkey,44.113487,0.3883145
CLIP ViT-B/32,Clean,4308,7,monkey,45.761482,1.8406605
CLIP ViT-B/32,Clean,4403,7,monkey,42.71835,1.5306373
CLIP ViT-B/32,Clean,4661,7,monkey,42.40481,3.9582868
CLIP ViT-B/32,Clean,4704,7,monkey,43.86751,1.9443997
CLIP ViT-B/32,Clean,4748,7,monkey,43.681362,0.49022058
CLIP ViT-B/32,Clean,4791,7,monkey,43.41806,1.0909721
CLIP ViT-B/32,Clean,5436,7,monkey,41.91409,2.3568418
CLIP ViT-B/32,Clean,5450,7,monkey,44.137516,-0.7407496
CLIP ViT-B/32,Clean,5719,7,monkey,40.92795,-1.8657482
CLIP ViT-B/32,Clean,5848,7,monkey,42.96314,2.1972337
CLIP ViT-B/32,Clean,5977,7,monkey,46.154186,-0.88750947
CLIP ViT-B/32,Clean,6084,7,monkey,46.432873,-2.3680625
CLIP ViT-B/32,Clean,6190,7,monkey,41.639572,2.13622
CLIP ViT-B/32,Clean,6650,7,monkey,44.096542,-2.2571337
CLIP ViT-B/32,Clean,6726,7,monkey,36.092556,-2.9642615
CLIP ViT-B/32,Clean,6772,7,monkey,43.957993,-2.2350948
CLIP ViT-B/32,Clean,7081,7,monkey,43.2664,-3.3165853
CLIP ViT-B/32,Clean,7270,7,monkey,37.290318,3.4351435
CLIP ViT-B/32,Clean,7835,7,monkey,44.679375,0.67826015
CLIP ViT-B/32,Clean,151,8,ship,-55.662266,-5.121967
CLIP ViT-B/32,Clean,194,8,ship,-54.50957,-6.506143
CLIP ViT-B/32,Clean,667,8,ship,-54.841434,-10.647947
CLIP ViT-B/32,Clean,706,8,ship,-44.41253,-10.120406
CLIP ViT-B/32,Clean,716,8,ship,-55.59182,-4.333293
CLIP ViT-B/32,Clean,739,8,ship,-54.6,-5.0364075
CLIP ViT-B/32,Clean,962,8,ship,-55.780777,-6.1602936
CLIP ViT-B/32,Clean,1129,8,ship,-47.270504,-12.503546
CLIP ViT-B/32,Clean,1247,8,ship,-53.7806,-3.3970675
CLIP ViT-B/32,Clean,1640,8,ship,-54.82339,-8.04692
CLIP ViT-B/32,Clean,1783,8,ship,-56.09701,-7.9119325
CLIP ViT-B/32,Clean,1833,8,ship,-55.237488,-4.200529
CLIP ViT-B/32,Clean,1954,8,ship,-48.07343,-13.599265
CLIP ViT-B/32,Clean,2109,8,ship,-45.925808,-11.941448
CLIP ViT-B/32,Clean,2191,8,ship,-54.667286,-9.900348
CLIP ViT-B/32,Clean,2230,8,ship,-56.72687,-5.5760603
CLIP ViT-B/32,Clean,2340,8,ship,-56.175484,-6.9254193
CLIP ViT-B/32,Clean,2342,8,ship,-54.934658,-8.147388
CLIP ViT-B/32,Clean,2745,8,ship,-54.846355,-6.3166404
CLIP ViT-B/32,Clean,2844,8,ship,-43.786766,-13.162993
CLIP ViT-B/32,Clean,3015,8,ship,-55.647514,-6.7152653
CLIP ViT-B/32,Clean,3157,8,ship,-55.947918,-6.196408
CLIP ViT-B/32,Clean,3412,8,ship,-55.034264,-10.331862
CLIP ViT-B/32,Clean,3905,8,ship,-43.573425,-11.704433
CLIP ViT-B/32,Clean,3948,8,ship,-44.17492,-12.092655
CLIP ViT-B/32,Clean,4069,8,ship,-38.340202,-9.520873
CLIP ViT-B/32,Clean,4170,8,ship,-52.890762,-9.382276
CLIP ViT-B/32,Clean,4177,8,ship,-55.2871,-5.8756595
CLIP ViT-B/32,Clean,4242,8,ship,-55.041965,-4.8524795
CLIP ViT-B/32,Clean,4311,8,ship,-55.66427,-7.0426464
CLIP ViT-B/32,Clean,4355,8,ship,-53.221443,-6.26038
CLIP ViT-B/32,Clean,4552,8,ship,-53.65204,-4.7022743
CLIP ViT-B/32,Clean,4662,8,ship,-54.542088,-7.452257
CLIP ViT-B/32,Clean,4676,8,ship,-54.868366,-6.5131006
CLIP ViT-B/32,Clean,4990,8,ship,-56.478226,-4.470009
CLIP ViT-B/32,Clean,5000,8,ship,-52.217228,-7.545362
CLIP ViT-B/32,Clean,5451,8,ship,-54.50301,-10.526186
CLIP ViT-B/32,Clean,5525,8,ship,-47.206696,-12.324902
CLIP ViT-B/32,Clean,5694,8,ship,-43.444508,-11.688783
CLIP ViT-B/32,Clean,5705,8,ship,-55.635754,-7.532608
CLIP ViT-B/32,Clean,6434,8,ship,-54.912376,-11.478261
CLIP ViT-B/32,Clean,6689,8,ship,-53.08184,-9.216483
CLIP ViT-B/32,Clean,7138,8,ship,-55.5804,-9.540103
CLIP ViT-B/32,Clean,7446,8,ship,-45.60086,-11.924049
CLIP ViT-B/32,Clean,7460,8,ship,-45.2833,-11.096748
CLIP ViT-B/32,Clean,7476,8,ship,-46.42856,-15.453462
CLIP ViT-B/32,Clean,7810,8,ship,-53.604862,-10.858344
CLIP ViT-B/32,Clean,7818,8,ship,-51.433674,-4.09997
CLIP ViT-B/32,Clean,7875,8,ship,-44.979595,-10.825419
CLIP ViT-B/32,Clean,7999,8,ship,-53.296825,-11.35885
CLIP ViT-B/32,Clean,131,9,truck,-30.11487,9.525116
CLIP ViT-B/32,Clean,191,9,truck,-26.035007,28.588821
CLIP ViT-B/32,Clean,239,9,truck,-29.285706,11.668519
CLIP ViT-B/32,Clean,276,9,truck,-27.451492,8.74621
CLIP ViT-B/32,Clean,303,9,truck,-35.58626,15.950229
CLIP ViT-B/32,Clean,419,9,truck,-29.182386,11.730648
CLIP ViT-B/32,Clean,603,9,truck,-32.955925,9.419075
CLIP ViT-B/32,Clean,805,9,truck,-26.793856,7.657697
CLIP ViT-B/32,Clean,852,9,truck,-34.7762,15.241392
CLIP ViT-B/32,Clean,1022,9,truck,-31.87192,8.23072
CLIP ViT-B/32,Clean,1411,9,truck,-35.663574,14.423354
CLIP ViT-B/32,Clean,1430,9,truck,-28.059652,7.1541467
CLIP ViT-B/32,Clean,1468,9,truck,-23.246336,16.393787
CLIP ViT-B/32,Clean,1515,9,truck,-31.118895,18.119015
CLIP ViT-B/32,Clean,1654,9,truck,-30.644215,9.815462
CLIP ViT-B/32,Clean,1836,9,truck,-34.12836,12.760273
CLIP ViT-B/32,Clean,2011,9,truck,-32.742172,12.706533
CLIP ViT-B/32,Clean,2062,9,truck,-35.67198,16.557035
CLIP ViT-B/32,Clean,2114,9,truck,-23.49366,16.546648
CLIP ViT-B/32,Clean,2167,9,truck,-34.35829,14.00742
CLIP ViT-B/32,Clean,2351,9,truck,-34.207916,15.809585
CLIP ViT-B/32,Clean,2414,9,truck,-27.344988,4.4425178
CLIP ViT-B/32,Clean,2655,9,truck,-22.163559,6.3809433
CLIP ViT-B/32,Clean,3318,9,truck,-22.047606,8.155534
CLIP ViT-B/32,Clean,3893,9,truck,-27.326263,18.73753
CLIP ViT-B/32,Clean,3942,9,truck,-24.505068,5.0462217
CLIP ViT-B/32,Clean,3996,9,truck,-36.807613,18.828247
CLIP ViT-B/32,Clean,4094,9,truck,-36.92697,15.723443
CLIP ViT-B/32,Clean,4449,9,truck,-27.980545,9.82691
CLIP ViT-B/32,Clean,4723,9,truck,-26.780079,5.6773186
CLIP ViT-B/32,Clean,5284,9,truck,-28.674597,9.208338
CLIP ViT-B/32,Clean,5301,9,truck,-28.650005,10.628748
CLIP ViT-B/32,Clean,5360,9,truck,-22.937849,16.80198
CLIP ViT-B/32,Clean,5447,9,truck,-32.386436,17.7788
CLIP ViT-B/32,Clean,5452,9,truck,-30.901667,11.898151
CLIP ViT-B/32,Clean,5508,9,truck,-36.686195,13.258239
CLIP ViT-B/32,Clean,5572,9,truck,-30.204115,7.8037996
CLIP ViT-B/32,Clean,5590,9,truck,-37.707344,16.3564
CLIP ViT-B/32,Clean,5788,9,truck,-23.315014,16.834763
CLIP ViT-B/32,Clean,5851,9,truck,-35.389526,15.589467
CLIP ViT-B/32,Clean,5915,9,truck,-28.281776,9.404129
CLIP ViT-B/32,Clean,5981,9,truck,-32.58214,11.6080675
CLIP ViT-B/32,Clean,6931,9,truck,-26.570665,5.992784
CLIP ViT-B/32,Clean,7047,9,truck,-35.880928,15.493756
CLIP ViT-B/32,Clean,7266,9,truck,-28.891312,7.919947
CLIP ViT-B/32,Clean,7380,9,truck,-35.560898,15.979507
CLIP ViT-B/32,Clean,7544,9,truck,-23.055094,16.22208
CLIP ViT-B/32,Clean,7752,9,truck,-23.486826,17.061703
CLIP ViT-B/32,Clean,7938,9,truck,-29.523705,8.632882
CLIP ViT-B/32,Clean,7995,9,truck,-31.099417,19.664913
CLIP ViT-B/32,Grayscale,3,0,airplane,-13.151246,-48.176514
CLIP ViT-B/32,Grayscale,42,0,airplane,-15.545038,-42.756546
CLIP ViT-B/32,Grayscale,81,0,airplane,-16.297333,-39.413742
CLIP ViT-B/32,Grayscale,484,0,airplane,-25.80712,-33.536972
CLIP ViT-B/32,Grayscale,562,0,airplane,-20.875525,-37.43107
CLIP ViT-B/32,Grayscale,1175,0,airplane,-19.23643,-43.70923
CLIP ViT-B/32,Grayscale,1389,0,airplane,-20.122334,-42.49907
CLIP ViT-B/32,Grayscale,1553,0,airplane,-13.349347,-46.84921
CLIP ViT-B/32,Grayscale,1596,0,airplane,-26.783974,-32.70923
CLIP ViT-B/32,Grayscale,1648,0,airplane,-15.949905,-45.299923
CLIP ViT-B/32,Grayscale,1977,0,airplane,-15.641604,-40.483135
CLIP ViT-B/32,Grayscale,2024,0,airplane,-22.497683,-34.582752
CLIP ViT-B/32,Grayscale,2242,0,airplane,-26.528069,-32.234943
CLIP ViT-B/32,Grayscale,2750,0,airplane,-37.095253,-11.083223
CLIP ViT-B/32,Grayscale,2888,0,airplane,-13.264348,-47.358395
CLIP ViT-B/32,Grayscale,3025,0,airplane,-25.536081,-42.00983
CLIP ViT-B/32,Grayscale,3083,0,airplane,-26.990896,-33.61214
CLIP ViT-B/32,Grayscale,3347,0,airplane,-24.513073,-39.535416
CLIP ViT-B/32,Grayscale,3437,0,airplane,-24.708252,-30.408005
CLIP ViT-B/32,Grayscale,3455,0,airplane,-27.16075,-41.858303
CLIP ViT-B/32,Grayscale,3876,0,airplane,-28.354906,-33.497616
CLIP ViT-B/32,Grayscale,3965,0,airplane,-15.506522,-46.142673
CLIP ViT-B/32,Grayscale,4130,0,airplane,-24.835632,-39.93403
CLIP ViT-B/32,Grayscale,4399,0,airplane,-24.435751,-41.721874
CLIP ViT-B/32,Grayscale,4539,0,airplane,-24.163382,-39.203606
CLIP ViT-B/32,Grayscale,4615,0,airplane,-19.96015,-41.73261
CLIP ViT-B/32,Grayscale,4617,0,airplane,-25.22668,-38.414062
CLIP ViT-B/32,Grayscale,4675,0,airplane,-16.404541,-44.190136
CLIP ViT-B/32,Grayscale,4785,0,airplane,-14.085691,-47.17834
CLIP ViT-B/32,Grayscale,4819,0,airplane,-25.57826,-38.18658
CLIP ViT-B/32,Grayscale,4893,0,airplane,-18.360315,-45.429802
CLIP ViT-B/32,Grayscale,5117,0,airplane,-15.481317,-40.21375
CLIP ViT-B/32,Grayscale,5478,0,airplane,-22.294088,-34.25452
CLIP ViT-B/32,Grayscale,5912,0,airplane,-21.687576,-36.2492
CLIP ViT-B/32,Grayscale,5918,0,airplane,-22.943577,-36.460434
CLIP ViT-B/32,Grayscale,5999,0,airplane,-18.27729,-39.52189
CLIP ViT-B/32,Grayscale,6437,0,airplane,-15.228446,-47.24321
CLIP ViT-B/32,Grayscale,6455,0,airplane,-21.869455,-34.750687
CLIP ViT-B/32,Grayscale,6609,0,airplane,-26.971949,-37.93787
CLIP ViT-B/32,Grayscale,6844,0,airplane,-15.241311,-39.956905
CLIP ViT-B/32,Grayscale,6986,0,airplane,-25.727764,-33.554295
CLIP ViT-B/32,Grayscale,7009,0,airplane,-22.860128,-45.118984
CLIP ViT-B/32,Grayscale,7150,0,airplane,-17.269701,-43.992622
CLIP ViT-B/32,Grayscale,7262,0,airplane,-24.86865,-38.44993
CLIP ViT-B/32,Grayscale,7309,0,airplane,-14.139054,-46.878216
CLIP ViT-B/32,Grayscale,7320,0,airplane,-24.53937,-40.950607
CLIP ViT-B/32,Grayscale,7372,0,airplane,-15.784815,-46.150833
CLIP ViT-B/32,Grayscale,7373,0,airplane,-14.069601,-46.293114
CLIP ViT-B/32,Grayscale,7465,0,airplane,-16.667097,-40.16644
CLIP ViT-B/32,Grayscale,7634,0,airplane,-21.94237,-39.224228
CLIP ViT-B/32,Grayscale,95,1,bird,29.876553,-19.917887
CLIP ViT-B/32,Grayscale,116,1,bird,27.44796,-18.056538
CLIP ViT-B/32,Grayscale,198,1,bird,30.252739,-18.088093
CLIP ViT-B/32,Grayscale,261,1,bird,22.71472,-28.642998
CLIP ViT-B/32,Grayscale,304,1,bird,21.379652,-11.985417
CLIP ViT-B/32,Grayscale,825,1,bird,21.970459,-27.8622
CLIP ViT-B/32,Grayscale,1090,1,bird,21.778439,-27.978481
CLIP ViT-B/32,Grayscale,1109,1,bird,21.37508,-27.582388
CLIP ViT-B/32,Grayscale,1115,1,bird,27.74785,-19.053421
CLIP ViT-B/32,Grayscale,1230,1,bird,32.74851,-7.555774
CLIP ViT-B/32,Grayscale,1436,1,bird,29.38934,-20.522095
CLIP ViT-B/32,Grayscale,1568,1,bird,32.150444,-18.369423
CLIP ViT-B/32,Grayscale,1852,1,bird,32.483646,-19.910042
CLIP ViT-B/32,Grayscale,1871,1,bird,27.827436,-17.254837
CLIP ViT-B/32,Grayscale,1986,1,bird,27.632696,-15.480441
CLIP ViT-B/32,Grayscale,1993,1,bird,29.185608,-19.289974
CLIP ViT-B/32,Grayscale,2070,1,bird,30.52161,-15.33435
CLIP ViT-B/32,Grayscale,2095,1,bird,36.682655,-22.638279
CLIP ViT-B/32,Grayscale,2116,1,bird,37.04208,-23.38457
CLIP ViT-B/32,Grayscale,2157,1,bird,28.861925,-18.373323
CLIP ViT-B/32,Grayscale,2178,1,bird,26.438633,-18.803701
CLIP ViT-B/32,Grayscale,2687,1,bird,29.725168,-18.852158
CLIP ViT-B/32,Grayscale,2690,1,bird,29.775816,-19.367006
CLIP ViT-B/32,Grayscale,3079,1,bird,29.544405,-20.615253
CLIP ViT-B/32,Grayscale,3413,1,bird,31.521517,-20.648808
CLIP ViT-B/32,Grayscale,3491,1,bird,32.377464,-19.713068
CLIP ViT-B/32,Grayscale,3550,1,bird,23.063797,-27.446
CLIP ViT-B/32,Grayscale,3937,1,bird,30.683666,-20.115192
CLIP ViT-B/32,Grayscale,4298,1,bird,31.591492,-20.809847
CLIP ViT-B/32,Grayscale,4640,1,bird,31.033371,-13.99004
CLIP ViT-B/32,Grayscale,5092,1,bird,31.085705,-18.925472
CLIP ViT-B/32,Grayscale,5123,1,bird,30.882454,-16.1841
CLIP ViT-B/32,Grayscale,5220,1,bird,21.053585,2.3192205
CLIP ViT-B/32,Grayscale,5256,1,bird,28.794893,-18.318308
CLIP ViT-B/32,Grayscale,5488,1,bird,38.421272,-20.43453
CLIP ViT-B/32,Grayscale,5560,1,bird,27.354633,-16.817165
CLIP ViT-B/32,Grayscale,6076,1,bird,29.555414,-21.06273
CLIP ViT-B/32,Grayscale,6169,1,bird,16.021286,-0.6893427
CLIP ViT-B/32,Grayscale,6349,1,bird,31.058311,-14.386307
CLIP ViT-B/32,Grayscale,6594,1,bird,20.671232,-27.660772
CLIP ViT-B/32,Grayscale,6733,1,bird,27.675503,-15.539447
CLIP ViT-B/32,Grayscale,6805,1,bird,21.108109,-28.063822
CLIP ViT-B/32,Grayscale,6836,1,bird,30.432192,-14.544004
CLIP ViT-B/32,Grayscale,6938,1,bird,29.769127,-20.362934
CLIP ViT-B/32,Grayscale,6954,1,bird,36.584812,-22.418955
CLIP ViT-B/32,Grayscale,7029,1,bird,30.594997,-19.75376
CLIP ViT-B/32,Grayscale,7033,1,bird,31.329224,-14.821978
CLIP ViT-B/32,Grayscale,7202,1,bird,28.572006,-17.605886
CLIP ViT-B/32,Grayscale,7390,1,bird,23.070082,-25.900515
CLIP ViT-B/32,Grayscale,7955,1,bird,30.169544,-17.540367
CLIP ViT-B/32,Grayscale,35,2,car,-27.18367,13.116336
CLIP ViT-B/32,Grayscale,49,2,car,-26.484943,36.794487
CLIP ViT-B/32,Grayscale,317,2,car,-21.994898,44.160286
CLIP ViT-B/32,Grayscale,409,2,car,-21.78327,43.774693
CLIP ViT-B/32,Grayscale,470,2,car,-20.946648,45.39659
CLIP ViT-B/32,Grayscale,483,2,car,-25.182516,33.47548
CLIP ViT-B/32,Grayscale,714,2,car,-23.393728,26.858963
CLIP ViT-B/32,Grayscale,981,2,car,-21.506842,37.43629
CLIP ViT-B/32,Grayscale,1202,2,car,-20.232697,46.154987
CLIP ViT-B/32,Grayscale,1403,2,car,-18.16775,30.348667
CLIP ViT-B/32,Grayscale,1520,2,car,-28.58028,31.052488
CLIP ViT-B/32,Grayscale,1586,2,car,-19.588736,35.60809
CLIP ViT-B/32,Grayscale,1814,2,car,-26.634037,37.038563
CLIP ViT-B/32,Grayscale,1839,2,car,-21.36665,37.769722
CLIP ViT-B/32,Grayscale,2082,2,car,-28.512749,32.084385
CLIP ViT-B/32,Grayscale,2392,2,car,-24.721088,39.07151
CLIP ViT-B/32,Grayscale,2502,2,car,-21.068983,48.733707
CLIP ViT-B/32,Grayscale,3024,2,car,-31.984419,31.97961
CLIP ViT-B/32,Grayscale,3067,2,car,-25.24379,38.439606
CLIP ViT-B/32,Grayscale,3163,2,car,-16.960669,32.03478
CLIP ViT-B/32,Grayscale,3362,2,car,-21.947283,44.386307
CLIP ViT-B/32,Grayscale,3454,2,car,-18.875948,33.68928
CLIP ViT-B/32,Grayscale,3755,2,car,-17.353539,33.1487
CLIP ViT-B/32,Grayscale,4065,2,car,-21.89342,30.309742
CLIP ViT-B/32,Grayscale,4735,2,car,-30.818977,34.105152
CLIP ViT-B/32,Grayscale,4913,2,car,-28.714062,35.73928
CLIP ViT-B/32,Grayscale,4921,2,car,-15.651279,35.689976
CLIP ViT-B/32,Grayscale,5030,2,car,-20.943422,45.94713
CLIP ViT-B/32,Grayscale,5183,2,car,-23.644224,44.537567
CLIP ViT-B/32,Grayscale,5218,2,car,-21.879505,45.33171
CLIP ViT-B/32,Grayscale,5237,2,car,-27.359808,34.198956
CLIP ViT-B/32,Grayscale,5318,2,car,-22.840914,26.464674
CLIP ViT-B/32,Grayscale,5333,2,car,-25.421707,36.7532
CLIP ViT-B/32,Grayscale,5395,2,car,-18.653534,31.397877
CLIP ViT-B/32,Grayscale,5512,2,car,-24.000645,10.563317
CLIP ViT-B/32,Grayscale,5677,2,car,-18.239296,30.61945
CLIP ViT-B/32,Grayscale,5756,2,car,-17.947248,35.361057
CLIP ViT-B/32,Grayscale,5824,2,car,-22.264532,23.652254
CLIP ViT-B/32,Grayscale,6028,2,car,-20.721403,37.07742
CLIP ViT-B/32,Grayscale,6244,2,car,-21.484497,33.523552
CLIP ViT-B/32,Grayscale,6264,2,car,-16.792334,36.90036
CLIP ViT-B/32,Grayscale,6271,2,car,-20.595417,46.176105
CLIP ViT-B/32,Grayscale,6332,2,car,-31.374578,34.108566
CLIP ViT-B/32,Grayscale,6354,2,car,-25.2945,29.398262
CLIP ViT-B/32,Grayscale,6426,2,car,-20.123281,38.479908
CLIP ViT-B/32,Grayscale,6503,2,car,-27.75178,32.664677
CLIP ViT-B/32,Grayscale,6616,2,car,-25.466784,33.75175
CLIP ViT-B/32,Grayscale,6692,2,car,-30.267935,34.143288
CLIP ViT-B/32,Grayscale,7084,2,car,-15.279986,34.036846
CLIP ViT-B/32,Grayscale,7425,2,car,-18.197338,37.294067
CLIP ViT-B/32,Grayscale,176,3,cat,33.04083,13.198108
CLIP ViT-B/32,Grayscale,365,3,cat,28.701721,19.14372
CLIP ViT-B/32,Grayscale,372,3,cat,27.453888,18.66013
CLIP ViT-B/32,Grayscale,391,3,cat,29.541197,9.714273
CLIP ViT-B/32,Grayscale,632,3,cat,33.96176,13.814073
CLIP ViT-B/32,Grayscale,672,3,cat,33.33338,10.395134
CLIP ViT-B/32,Grayscale,677,3,cat,32.664913,23.458666
CLIP ViT-B/32,Grayscale,738,3,cat,30.586536,23.710821
CLIP ViT-B/32,Grayscale,791,3,cat,33.06222,22.498829
CLIP ViT-B/32,Grayscale,979,3,cat,31.333498,19.100237
CLIP ViT-B/32,Grayscale,1204,3,cat,31.58455,13.901544
CLIP ViT-B/32,Grayscale,1263,3,cat,31.45392,7.7716436
CLIP ViT-B/32,Grayscale,1370,3,cat,28.472166,19.286566
CLIP ViT-B/32,Grayscale,1401,3,cat,36.53875,22.329271
CLIP ViT-B/32,Grayscale,1431,3,cat,29.470238,25.26766
CLIP ViT-B/32,Grayscale,1531,3,cat,31.236515,7.295198
CLIP ViT-B/32,Grayscale,1563,3,cat,28.664038,6.8603983
CLIP ViT-B/32,Grayscale,2028,3,cat,29.681871,14.050322
CLIP ViT-B/32,Grayscale,2291,3,cat,30.548134,5.316357
CLIP ViT-B/32,Grayscale,2536,3,cat,33.614784,11.909211
CLIP ViT-B/32,Grayscale,2539,3,cat,33.07178,13.51659
CLIP ViT-B/32,Grayscale,2754,3,cat,32.19831,16.331985
CLIP ViT-B/32,Grayscale,2861,3,cat,32.562515,25.1866
CLIP ViT-B/32,Grayscale,3276,3,cat,31.89938,6.0955048
CLIP ViT-B/32,Grayscale,3375,3,cat,31.297485,7.3607445
CLIP ViT-B/32,Grayscale,3383,3,cat,33.776104,11.83704
CLIP ViT-B/32,Grayscale,3562,3,cat,16.281097,8.954591
CLIP ViT-B/32,Grayscale,3778,3,cat,34.713364,24.806156
CLIP ViT-B/32,Grayscale,3851,3,cat,29.625137,27.17948
CLIP ViT-B/32,Grayscale,3914,3,cat,37.37001,13.353362
CLIP ViT-B/32,Grayscale,4023,3,cat,30.816181,5.513176
CLIP ViT-B/32,Grayscale,4168,3,cat,29.1881,18.957638
CLIP ViT-B/32,Grayscale,4215,3,cat,21.325373,0.5211602
CLIP ViT-B/32,Grayscale,4229,3,cat,33.16864,14.759999
CLIP ViT-B/32,Grayscale,4323,3,cat,29.27324,23.622929
CLIP ViT-B/32,Grayscale,4330,3,cat,25.668478,10.112694
CLIP ViT-B/32,Grayscale,4463,3,cat,35.633,21.38883
CLIP ViT-B/32,Grayscale,4531,3,cat,31.283178,8.040008
CLIP ViT-B/32,Grayscale,4590,3,cat,33.678806,24.294363
CLIP ViT-B/32,Grayscale,4609,3,cat,33.815804,-4.536339
CLIP ViT-B/32,Grayscale,4821,3,cat,30.191437,13.671682
CLIP ViT-B/32,Grayscale,4881,3,cat,30.916624,-11.134536
CLIP ViT-B/32,Grayscale,4908,3,cat,33.230698,11.991907
CLIP ViT-B/32,Grayscale,5528,3,cat,26.452332,22.154112
CLIP ViT-B/32,Grayscale,6490,3,cat,32.310173,12.288727
CLIP ViT-B/32,Grayscale,6952,3,cat,28.158285,20.80975
CLIP ViT-B/32,Grayscale,7416,3,cat,28.846487,20.405
CLIP ViT-B/32,Grayscale,7744,3,cat,28.26948,25.212524
CLIP ViT-B/32,Grayscale,7793,3,cat,26.18055,23.219707
CLIP ViT-B/32,Grayscale,7797,3,cat,32.256638,14.600282
CLIP ViT-B/32,Grayscale,171,4,deer,5.3987427,-23.117609
CLIP ViT-B/32,Grayscale,506,4,deer,3.0300004,-24.11481
CLIP ViT-B/32,Grayscale,691,4,deer,3.3337731,-25.711351
CLIP ViT-B/32,Grayscale,766,4,deer,15.870342,10.211037
CLIP ViT-B/32,Grayscale,855,4,deer,8.169455,-18.795815
CLIP ViT-B/32,Grayscale,1111,4,deer,0.6227512,-26.588495
CLIP ViT-B/32,Grayscale,1124,4,deer,5.8705044,-23.03627
CLIP ViT-B/32,Grayscale,1211,4,deer,4.002141,-24.11151
CLIP ViT-B/32,Grayscale,1266,4,deer,3.000718,-23.553957
CLIP ViT-B/32,Grayscale,1429,4,deer,9.792597,-13.240513
CLIP ViT-B/32,Grayscale,1960,4,deer,4.657654,-27.691763
CLIP ViT-B/32,Grayscale,2399,4,deer,5.761601,-24.567656
CLIP ViT-B/32,Grayscale,2704,4,deer,5.2885504,-21.973566
CLIP ViT-B/32,Grayscale,2757,4,deer,1.2309413,-26.919867
CLIP ViT-B/32,Grayscale,2898,4,deer,0.18672128,-24.051102
CLIP ViT-B/32,Grayscale,3034,4,deer,1.4432954,-24.635841
CLIP ViT-B/32,Grayscale,3078,4,deer,1.7233993,-21.955185
CLIP ViT-B/32,Grayscale,3122,4,deer,4.2140737,-24.204067
CLIP ViT-B/32,Grayscale,3179,4,deer,0.50557566,-21.855446
CLIP ViT-B/32,Grayscale,3287,4,deer,0.6464679,-23.817207
CLIP ViT-B/32,Grayscale,3365,4,deer,-1.6726941,-23.340504
CLIP ViT-B/32,Grayscale,3458,4,deer,0.15277979,-23.180546
CLIP ViT-B/32,Grayscale,3512,4,deer,3.099576,-27.019966
CLIP ViT-B/32,Grayscale,3763,4,deer,-0.40003684,-23.75354
CLIP ViT-B/32,Grayscale,3891,4,deer,4.128277,-24.767582
CLIP ViT-B/32,Grayscale,3994,4,deer,2.6153224,-23.165571
CLIP ViT-B/32,Grayscale,4054,4,deer,2.947828,-24.872656
CLIP ViT-B/32,Grayscale,4629,4,deer,2.8203287,-22.806604
CLIP ViT-B/32,Grayscale,4642,4,deer,2.821704,-26.274206
CLIP ViT-B/32,Grayscale,4740,4,deer,2.018709,-24.71109
CLIP ViT-B/32,Grayscale,5062,4,deer,5.2200074,-22.041754
CLIP ViT-B/32,Grayscale,5077,4,deer,2.2458231,-25.698786
CLIP ViT-B/32,Grayscale,5135,4,deer,8.485815,-17.099909
CLIP ViT-B/32,Grayscale,5213,4,deer,2.8501003,-27.098375
CLIP ViT-B/32,Grayscale,5402,4,deer,0.012986102,-26.291594
CLIP ViT-B/32,Grayscale,5467,4,deer,1.7234112,-25.962767
CLIP ViT-B/32,Grayscale,5556,4,deer,-0.7648461,-22.39117
CLIP ViT-B/32,Grayscale,5623,4,deer,1.8069545,-23.601847
CLIP ViT-B/32,Grayscale,5789,4,deer,-0.75266796,-24.61454
CLIP ViT-B/32,Grayscale,6033,4,deer,29.601057,-11.309039
CLIP ViT-B/32,Grayscale,6097,4,deer,-1.5639377,-21.212557
CLIP ViT-B/32,Grayscale,6288,4,deer,3.6768086,-26.704607
CLIP ViT-B/32,Grayscale,6508,4,deer,-0.25734478,-24.97908
CLIP ViT-B/32,Grayscale,6528,4,deer,8.100985,-20.894936
CLIP ViT-B/32,Grayscale,7475,4,deer,0.39573622,-25.115555
CLIP ViT-B/32,Grayscale,7610,4,deer,2.761841,-27.161455
CLIP ViT-B/32,Grayscale,7692,4,deer,2.5700307,-21.913927
CLIP ViT-B/32,Grayscale,7864,4,deer,0.96611613,-23.381243
CLIP ViT-B/32,Grayscale,7940,4,deer,3.8118544,-23.346952
CLIP ViT-B/32,Grayscale,7944,4,deer,4.8945823,-27.403461
CLIP ViT-B/32,Grayscale,97,5,dog,27.484188,6.901877
CLIP ViT-B/32,Grayscale,319,5,dog,18.103004,22.364008
CLIP ViT-B/32,Grayscale,378,5,dog,17.654627,26.147715
CLIP ViT-B/32,Grayscale,568,5,dog,18.018324,30.871706
CLIP ViT-B/32,Grayscale,645,5,dog,12.7072735,26.339714
CLIP ViT-B/32,Grayscale,685,5,dog,19.27624,25.216385
CLIP ViT-B/32,Grayscale,1095,5,dog,17.488644,23.866182
CLIP ViT-B/32,Grayscale,1552,5,dog,4.187634,-27.493666
CLIP ViT-B/32,Grayscale,1626,5,dog,13.741655,26.552137
CLIP ViT-B/32,Grayscale,1644,5,dog,11.841964,27.345617
CLIP ViT-B/32,Grayscale,1877,5,dog,29.419683,-11.882361
CLIP ViT-B/32,Grayscale,2265,5,dog,12.653409,26.13105
CLIP ViT-B/32,Grayscale,2268,5,dog,19.2194,27.2385
CLIP ViT-B/32,Grayscale,2334,5,dog,14.008842,25.504778
CLIP ViT-B/32,Grayscale,2391,5,dog,29.81992,-10.252203
CLIP ViT-B/32,Grayscale,2427,5,dog,11.466881,26.849434
CLIP ViT-B/32,Grayscale,2458,5,dog,13.10482,25.123507
CLIP ViT-B/32,Grayscale,2623,5,dog,9.626542,-17.82512
CLIP ViT-B/32,Grayscale,2766,5,dog,17.050005,29.21689
CLIP ViT-B/32,Grayscale,2807,5,dog,31.36257,-10.058642
CLIP ViT-B/32,Grayscale,2950,5,dog,15.747473,24.9496
CLIP ViT-B/32,Grayscale,3353,5,dog,20.623304,9.941707
CLIP ViT-B/32,Grayscale,3852,5,dog,20.15316,22.01657
CLIP ViT-B/32,Grayscale,3863,5,dog,10.98932,26.115587
CLIP ViT-B/32,Grayscale,3889,5,dog,15.196103,28.842117
CLIP ViT-B/32,Grayscale,4106,5,dog,11.911803,17.530447
CLIP ViT-B/32,Grayscale,4290,5,dog,29.794859,-12.352516
CLIP ViT-B/32,Grayscale,4547,5,dog,18.228748,23.042797
CLIP ViT-B/32,Grayscale,4570,5,dog,11.231681,27.040518
CLIP ViT-B/32,Grayscale,4850,5,dog,19.654617,24.941204
CLIP ViT-B/32,Grayscale,4953,5,dog,18.329708,16.289394
CLIP ViT-B/32,Grayscale,4966,5,dog,18.83036,21.534748
CLIP ViT-B/32,Grayscale,5101,5,dog,14.49698,23.479284
CLIP ViT-B/32,Grayscale,5332,5,dog,14.006944,10.904974
CLIP ViT-B/32,Grayscale,5381,5,dog,13.953254,22.205816
CLIP ViT-B/32,Grayscale,5496,5,dog,17.155624,22.840229
CLIP ViT-B/32,Grayscale,5701,5,dog,19.526188,29.539356
CLIP ViT-B/32,Grayscale,5924,5,dog,7.1449933,19.103937
CLIP ViT-B/32,Grayscale,6224,5,dog,10.387111,27.394402
CLIP ViT-B/32,Grayscale,6358,5,dog,20.326338,9.473596
CLIP ViT-B/32,Grayscale,6414,5,dog,21.363081,2.3457377
CLIP ViT-B/32,Grayscale,6716,5,dog,17.191097,14.5112095
CLIP ViT-B/32,Grayscale,6922,5,dog,11.837848,25.98312
CLIP ViT-B/32,Grayscale,6989,5,dog,9.585092,26.824524
CLIP ViT-B/32,Grayscale,7041,5,dog,20.550821,0.7014571
CLIP ViT-B/32,Grayscale,7130,5,dog,11.589102,27.134945
CLIP ViT-B/32,Grayscale,7413,5,dog,28.292183,6.1446114
CLIP ViT-B/32,Grayscale,7474,5,dog,12.618025,26.85861
CLIP ViT-B/32,Grayscale,7706,5,dog,19.893667,18.556862
CLIP ViT-B/32,Grayscale,7776,5,dog,16.150965,10.746232
CLIP ViT-B/32,Grayscale,449,6,horse,-4.479757,4.6545134
CLIP ViT-B/32,Grayscale,545,6,horse,-5.38701,13.4419155
CLIP ViT-B/32,Grayscale,873,6,horse,-5.0554404,-3.1418622
CLIP ViT-B/32,Grayscale,890,6,horse,-4.167987,3.7062497
CLIP ViT-B/32,Grayscale,920,6,horse,-4.8082604,1.6713371
CLIP ViT-B/32,Grayscale,929,6,horse,-0.029624034,7.2132473
CLIP ViT-B/32,Grayscale,964,6,horse,1.8829058,12.246543
CLIP ViT-B/32,Grayscale,977,6,horse,-2.1090553,6.081872
CLIP ViT-B/32,Grayscale,1534,6,horse,-7.805137,11.873406
CLIP ViT-B/32,Grayscale,1667,6,horse,-3.924032,10.060543
CLIP ViT-B/32,Grayscale,2003,6,horse,-0.84883964,9.067798
CLIP ViT-B/32,Grayscale,2610,6,horse,-2.0777426,10.875347
CLIP ViT-B/32,Grayscale,2676,6,horse,5.796053,11.530159
CLIP ViT-B/32,Grayscale,2958,6,horse,-1.9673762,5.806529
CLIP ViT-B/32,Grayscale,3191,6,horse,-7.181646,11.02182
CLIP ViT-B/32,Grayscale,3292,6,horse,-1.6777898,11.396962
CLIP ViT-B/32,Grayscale,3418,6,horse,-1.0589312,6.374458
CLIP ViT-B/32,Grayscale,3494,6,horse,1.1656382,8.90957
CLIP ViT-B/32,Grayscale,3515,6,horse,-4.699592,2.5160758
CLIP ViT-B/32,Grayscale,3777,6,horse,-4.6558504,4.6751814
CLIP ViT-B/32,Grayscale,3779,6,horse,-4.4424977,3.205382
CLIP ViT-B/32,Grayscale,3844,6,horse,-6.3246474,5.324482
CLIP ViT-B/32,Grayscale,3962,6,horse,-4.06608,2.0097246
CLIP ViT-B/32,Grayscale,4011,6,horse,-0.06316009,8.130555
CLIP ViT-B/32,Grayscale,4093,6,horse,1.2468339,11.776308
CLIP ViT-B/32,Grayscale,4254,6,horse,-4.846155,1.4542793
CLIP ViT-B/32,Grayscale,4341,6,horse,-4.9274235,2.9963357
CLIP ViT-B/32,Grayscale,4411,6,horse,0.37634984,11.746692
CLIP ViT-B/32,Grayscale,4620,6,horse,0.08842658,9.581089
CLIP ViT-B/32,Grayscale,4731,6,horse,-1.4536365,5.9847794
CLIP ViT-B/32,Grayscale,4746,6,horse,-3.8147848,0.7151931
CLIP ViT-B/32,Grayscale,4754,6,horse,-5.657245,1.8289565
CLIP ViT-B/32,Grayscale,4827,6,horse,3.874223,8.056451
CLIP ViT-B/32,Grayscale,5082,6,horse,-1.7518202,7.167363
CLIP ViT-B/32,Grayscale,5382,6,horse,-2.4147818,13.218868
CLIP ViT-B/32,Grayscale,5408,6,horse,-4.494796,0.9762811
CLIP ViT-B/32,Grayscale,5580,6,horse,2.5377867,5.481916
CLIP ViT-B/32,Grayscale,5729,6,horse,-3.5748606,5.787816
CLIP ViT-B/32,Grayscale,5857,6,horse,-6.015028,7.514697
CLIP ViT-B/32,Grayscale,5858,6,horse,-6.2222977,3.9700367
CLIP ViT-B/32,Grayscale,6381,6,horse,-3.2184367,11.871255
CLIP ViT-B/32,Grayscale,6713,6,horse,-4.442705,12.362354
CLIP ViT-B/32,Grayscale,7108,6,horse,-6.1599984,5.0281153
CLIP ViT-B/32,Grayscale,7338,6,horse,-5.9373546,7.626093
CLIP ViT-B/32,Grayscale,7555,6,horse,-6.001512,10.330161
CLIP ViT-B/32,Grayscale,7600,6,horse,0.7027006,8.783038
CLIP ViT-B/32,Grayscale,7726,6,horse,-4.0154405,3.1034071
CLIP ViT-B/32,Grayscale,7779,6,horse,-5.0970902,8.338378
CLIP ViT-B/32,Grayscale,7781,6,horse,-2.9362123,-0.53496003
CLIP ViT-B/32,Grayscale,7996,6,horse,0.24662678,9.088465
CLIP ViT-B/32,Grayscale,29,7,monkey,39.842903,-8.399278
CLIP ViT-B/32,Grayscale,269,7,monkey,34.083862,-4.9384136
CLIP ViT-B/32,Grayscale,323,7,monkey,39.62995,-6.523941
CLIP ViT-B/32,Grayscale,370,7,monkey,40.092285,-5.103814
CLIP ViT-B/32,Grayscale,1032,7,monkey,30.990635,-10.29819
CLIP ViT-B/32,Grayscale,1048,7,monkey,31.219234,-9.117245
CLIP ViT-B/32,Grayscale,1220,7,monkey,37.518097,-7.4674773
CLIP ViT-B/32,Grayscale,1287,7,monkey,35.245583,-9.06966
CLIP ViT-B/32,Grayscale,1296,7,monkey,30.80336,-10.193104
CLIP ViT-B/32,Grayscale,1440,7,monkey,37.68522,-7.374196
CLIP ViT-B/32,Grayscale,1473,7,monkey,38.788006,-4.4977803
CLIP ViT-B/32,Grayscale,1579,7,monkey,45.30144,7.4136887
CLIP ViT-B/32,Grayscale,1703,7,monkey,34.881058,-6.2194595
CLIP ViT-B/32,Grayscale,1711,7,monkey,46.364643,5.2863116
CLIP ViT-B/32,Grayscale,1771,7,monkey,30.372541,-4.5395226
CLIP ViT-B/32,Grayscale,1884,7,monkey,33.59635,-7.2719355
CLIP ViT-B/32,Grayscale,1927,7,monkey,40.442368,-5.324149
CLIP ViT-B/32,Grayscale,1956,7,monkey,24.77568,9.0793085
CLIP ViT-B/32,Grayscale,2501,7,monkey,41.139175,-5.126669
CLIP ViT-B/32,Grayscale,2668,7,monkey,37.001804,-8.069789
CLIP ViT-B/32,Grayscale,2746,7,monkey,39.672577,-4.9937625
CLIP ViT-B/32,Grayscale,2854,7,monkey,36.069427,-7.3890085
CLIP ViT-B/32,Grayscale,3153,7,monkey,35.16205,-7.6090097
CLIP ViT-B/32,Grayscale,3288,7,monkey,39.051205,-6.188944
CLIP ViT-B/32,Grayscale,3404,7,monkey,39.74445,-4.420723
CLIP ViT-B/32,Grayscale,3446,7,monkey,35.71079,-8.486823
CLIP ViT-B/32,Grayscale,3467,7,monkey,33.652534,-3.5407643
CLIP ViT-B/32,Grayscale,3542,7,monkey,38.618706,-8.627145
CLIP ViT-B/32,Grayscale,3867,7,monkey,39.668056,-5.6115775
CLIP ViT-B/32,Grayscale,4172,7,monkey,35.356506,-6.9772167
CLIP ViT-B/32,Grayscale,4236,7,monkey,30.66704,-0.35168335
CLIP ViT-B/32,Grayscale,4308,7,monkey,30.64673,-0.37159815
CLIP ViT-B/32,Grayscale,4403,7,monkey,38.464996,-7.7190433
CLIP ViT-B/32,Grayscale,4661,7,monkey,38.64509,-6.676305
CLIP ViT-B/32,Grayscale,4704,7,monkey,37.17926,-5.8731947
CLIP ViT-B/32,Grayscale,4748,7,monkey,38.992996,-4.0744886
CLIP ViT-B/32,Grayscale,4791,7,monkey,38.528564,-4.129616
CLIP ViT-B/32,Grayscale,5436,7,monkey,37.435364,-8.803828
CLIP ViT-B/32,Grayscale,5450,7,monkey,39.710537,-3.3390803
CLIP ViT-B/32,Grayscale,5719,7,monkey,36.16153,-6.420839
CLIP ViT-B/32,Grayscale,5848,7,monkey,37.460384,-6.0964065
CLIP ViT-B/32,Grayscale,5977,7,monkey,40.858234,-7.3917475
CLIP ViT-B/32,Grayscale,6084,7,monkey,46.26882,-3.4254465
CLIP ViT-B/32,Grayscale,6190,7,monkey,38.34253,-7.5347323
CLIP ViT-B/32,Grayscale,6650,7,monkey,41.589317,-5.040164
CLIP ViT-B/32,Grayscale,6726,7,monkey,37.07245,-8.272859
CLIP ViT-B/32,Grayscale,6772,7,monkey,30.843723,-9.00648
CLIP ViT-B/32,Grayscale,7081,7,monkey,33.62177,-7.3775373
CLIP ViT-B/32,Grayscale,7270,7,monkey,22.006031,1.9034557
CLIP ViT-B/32,Grayscale,7835,7,monkey,36.286057,-8.104723
CLIP ViT-B/32,Grayscale,151,8,ship,-48.59485,-3.6326602
CLIP ViT-B/32,Grayscale,194,8,ship,-49.158382,-5.4502354
CLIP ViT-B/32,Grayscale,667,8,ship,-50.794643,-10.668845
CLIP ViT-B/32,Grayscale,706,8,ship,-44.472183,-9.815308
CLIP ViT-B/32,Grayscale,716,8,ship,-51.43999,-5.0568886
CLIP ViT-B/32,Grayscale,739,8,ship,-48.306583,-3.7750127
CLIP ViT-B/32,Grayscale,962,8,ship,-48.82683,-3.9850075
CLIP ViT-B/32,Grayscale,1129,8,ship,-46.658566,-10.816662
CLIP ViT-B/32,Grayscale,1247,8,ship,-49.90721,-3.7304912
CLIP ViT-B/32,Grayscale,1640,8,ship,-48.552265,-6.9910736
CLIP ViT-B/32,Grayscale,1783,8,ship,-49.946285,-7.7583528
CLIP ViT-B/32,Grayscale,1833,8,ship,-50.109497,-4.6829834
CLIP ViT-B/32,Grayscale,1954,8,ship,-47.041187,-14.090764
CLIP ViT-B/32,Grayscale,2109,8,ship,-46.302437,-10.462727
CLIP ViT-B/32,Grayscale,2191,8,ship,-50.66525,-9.362657
CLIP ViT-B/32,Grayscale,2230,8,ship,-46.570522,-7.2314854
CLIP ViT-B/32,Grayscale,2340,8,ship,-50.46926,-6.209156
CLIP ViT-B/32,Grayscale,2342,8,ship,-49.461124,-7.89779
CLIP ViT-B/32,Grayscale,2745,8,ship,-49.335197,-6.2854013
CLIP ViT-B/32,Grayscale,2844,8,ship,-43.975292,-13.445308
CLIP ViT-B/32,Grayscale,3015,8,ship,-49.59762,-5.6570587
CLIP ViT-B/32,Grayscale,3157,8,ship,-48.266926,-3.7742307
CLIP ViT-B/32,Grayscale,3412,8,ship,-50.4682,-10.281131
CLIP ViT-B/32,Grayscale,3905,8,ship,-45.956482,-7.7851186
CLIP ViT-B/32,Grayscale,3948,8,ship,-46.834217,-8.125965
CLIP ViT-B/32,Grayscale,4069,8,ship,-36.071278,-10.498989
CLIP ViT-B/32,Grayscale,4170,8,ship,-47.56773,-4.2502847
CLIP ViT-B/32,Grayscale,4177,8,ship,-50.892742,-6.167686
CLIP ViT-B/32,Grayscale,4242,8,ship,-48.795387,-4.9911885
CLIP ViT-B/32,Grayscale,4311,8,ship,-50.76707,-10.537659
CLIP ViT-B/32,Grayscale,4355,8,ship,-48.168938,-5.5687113
CLIP ViT-B/32,Grayscale,4552,8,ship,-47.771927,-2.036113
CLIP ViT-B/32,Grayscale,4662,8,ship,-51.122116,-6.926854
CLIP ViT-B/32,Grayscale,4676,8,ship,-49.06231,-4.710442
CLIP ViT-B/32,Grayscale,4990,8,ship,-48.834324,-2.6829808
CLIP ViT-B/32,Grayscale,5000,8,ship,-51.35204,-7.99809
CLIP ViT-B/32,Grayscale,5451,8,ship,-49.977203,-10.115263
CLIP ViT-B/32,Grayscale,5525,8,ship,-46.954914,-11.289878
CLIP ViT-B/32,Grayscale,5694,8,ship,-45.550922,-8.073996
CLIP ViT-B/32,Grayscale,5705,8,ship,-50.56978,-6.643954
CLIP ViT-B/32,Grayscale,6434,8,ship,-50.172783,-9.5861025
CLIP ViT-B/32,Grayscale,6689,8,ship,-47.495747,-3.125941
CLIP ViT-B/32,Grayscale,7138,8,ship,-49.358643,-12.791846
CLIP ViT-B/32,Grayscale,7446,8,ship,-46.6864,-9.191624
CLIP ViT-B/32,Grayscale,7460,8,ship,-46.64229,-2.3658688
CLIP ViT-B/32,Grayscale,7476,8,ship,-46.537403,-15.049431
CLIP ViT-B/32,Grayscale,7810,8,ship,-47.78446,-9.557637
CLIP ViT-B/32,Grayscale,7818,8,ship,-50.02298,-4.2287917
CLIP ViT-B/32,Grayscale,7875,8,ship,-46.876125,-9.692535
CLIP ViT-B/32,Grayscale,7999,8,ship,-49.604683,-10.437442
CLIP ViT-B/32,Grayscale,131,9,truck,-26.507153,11.273344
CLIP ViT-B/32,Grayscale,191,9,truck,-26.005053,28.653273
CLIP ViT-B/32,Grayscale,239,9,truck,-29.37972,13.864847
CLIP ViT-B/32,Grayscale,276,9,truck,-24.492767,10.3100605
CLIP ViT-B/32,Grayscale,303,9,truck,-35.637268,15.316795
CLIP ViT-B/32,Grayscale,419,9,truck,-28.410282,14.605289
CLIP ViT-B/32,Grayscale,603,9,truck,-33.06835,9.503575
CLIP ViT-B/32,Grayscale,805,9,truck,-24.849419,8.369336
CLIP ViT-B/32,Grayscale,852,9,truck,-32.695465,15.386005
CLIP ViT-B/32,Grayscale,1022,9,truck,-26.467813,26.511263
CLIP ViT-B/32,Grayscale,1411,9,truck,-31.565193,14.344894
CLIP ViT-B/32,Grayscale,1430,9,truck,-24.976196,8.415013
CLIP ViT-B/32,Grayscale,1468,9,truck,-24.286606,15.168886
CLIP ViT-B/32,Grayscale,1515,9,truck,-30.092731,15.698992
CLIP ViT-B/32,Grayscale,1654,9,truck,-28.996376,13.610225
CLIP ViT-B/32,Grayscale,1836,9,truck,-33.9172,12.596338
CLIP ViT-B/32,Grayscale,2011,9,truck,-31.536005,13.789542
CLIP ViT-B/32,Grayscale,2062,9,truck,-31.732655,15.626267
CLIP ViT-B/32,Grayscale,2114,9,truck,-24.433435,15.245013
CLIP ViT-B/32,Grayscale,2167,9,truck,-32.227924,13.821223
CLIP ViT-B/32,Grayscale,2351,9,truck,-32.250244,15.760235
CLIP ViT-B/32,Grayscale,2414,9,truck,-27.70182,3.5901825
CLIP ViT-B/32,Grayscale,2655,9,truck,-22.266924,6.4521675
CLIP ViT-B/32,Grayscale,3318,9,truck,-24.933867,11.16716
CLIP ViT-B/32,Grayscale,3893,9,truck,-26.42832,14.4184475
CLIP ViT-B/32,Grayscale,3942,9,truck,-24.260826,5.107854
CLIP ViT-B/32,Grayscale,3996,9,truck,-36.887104,18.797102
CLIP ViT-B/32,Grayscale,4094,9,truck,-31.1638,14.515143
CLIP ViT-B/32,Grayscale,4449,9,truck,-27.188532,11.50238
CLIP ViT-B/32,Grayscale,4723,9,truck,-25.663128,6.7591867
CLIP ViT-B/32,Grayscale,5284,9,truck,-24.656342,9.988071
CLIP ViT-B/32,Grayscale,5301,9,truck,-26.789726,11.739137
CLIP ViT-B/32,Grayscale,5360,9,truck,-24.874222,15.194973
CLIP ViT-B/32,Grayscale,5447,9,truck,-32.115562,17.430326
CLIP ViT-B/32,Grayscale,5452,9,truck,-30.365957,12.800614
CLIP ViT-B/32,Grayscale,5508,9,truck,-35.942913,13.039278
CLIP ViT-B/32,Grayscale,5572,9,truck,-25.21028,11.613157
CLIP ViT-B/32,Grayscale,5590,9,truck,-38.20019,16.347937
CLIP ViT-B/32,Grayscale,5788,9,truck,-25.588232,15.9711
CLIP ViT-B/32,Grayscale,5851,9,truck,-35.006844,15.445602
CLIP ViT-B/32,Grayscale,5915,9,truck,-25.45675,10.532075
CLIP ViT-B/32,Grayscale,5981,9,truck,-29.966784,13.195171
CLIP ViT-B/32,Grayscale,6931,9,truck,-25.015013,7.5259485
CLIP ViT-B/32,Grayscale,7047,9,truck,-30.191383,13.766074
CLIP ViT-B/32,Grayscale,7266,9,truck,-25.404196,10.147604
CLIP ViT-B/32,Grayscale,7380,9,truck,-32.034,15.572466
CLIP ViT-B/32,Grayscale,7544,9,truck,-24.333393,14.143582
CLIP ViT-B/32,Grayscale,7752,9,truck,-24.05325,15.305301
CLIP ViT-B/32,Grayscale,7938,9,truck,-25.537401,11.471295
CLIP ViT-B/32,Grayscale,7995,9,truck,-27.480303,32.181904
CLIP ViT-B/32,Hue rotation,3,0,airplane,-17.896172,-49.5182
CLIP ViT-B/32,Hue rotation,42,0,airplane,-15.403982,-42.696808
CLIP ViT-B/32,Hue rotation,81,0,airplane,-16.296923,-39.41412
CLIP ViT-B/32,Hue rotation,484,0,airplane,-24.170454,-32.153507
CLIP ViT-B/32,Hue rotation,562,0,airplane,-21.09081,-37.51841
CLIP ViT-B/32,Hue rotation,1175,0,airplane,-19.439775,-43.587067
CLIP ViT-B/32,Hue rotation,1389,0,airplane,-20.046356,-42.812103
CLIP ViT-B/32,Hue rotation,1553,0,airplane,-17.608734,-49.00818
CLIP ViT-B/32,Hue rotation,1596,0,airplane,-25.662497,-31.611116
CLIP ViT-B/32,Hue rotation,1648,0,airplane,-16.643616,-45.174126
CLIP ViT-B/32,Hue rotation,1977,0,airplane,-16.773258,-41.113304
CLIP ViT-B/32,Hue rotation,2024,0,airplane,-20.244299,-33.885857
CLIP ViT-B/32,Hue rotation,2242,0,airplane,-25.460934,-31.45071
CLIP ViT-B/32,Hue rotation,2750,0,airplane,-37.92192,-10.232704
CLIP ViT-B/32,Hue rotation,2888,0,airplane,-16.988054,-48.559113
CLIP ViT-B/32,Hue rotation,3025,0,airplane,-25.53716,-42.009968
CLIP ViT-B/32,Hue rotation,3083,0,airplane,-23.40921,-31.227377
CLIP ViT-B/32,Hue rotation,3347,0,airplane,-24.312206,-37.723392
CLIP ViT-B/32,Hue rotation,3437,0,airplane,-24.307213,-30.338266
CLIP ViT-B/32,Hue rotation,3455,0,airplane,-27.323095,-41.829334
CLIP ViT-B/32,Hue rotation,3876,0,airplane,-28.793205,-33.13227
CLIP ViT-B/32,Hue rotation,3965,0,airplane,-16.963528,-46.9676
CLIP ViT-B/32,Hue rotation,4130,0,airplane,-25.622143,-39.17561
CLIP ViT-B/32,Hue rotation,4399,0,airplane,-23.014524,-41.734734
CLIP ViT-B/32,Hue rotation,4539,0,airplane,-23.602905,-39.16243
CLIP ViT-B/32,Hue rotation,4615,0,airplane,-18.844877,-41.39561
CLIP ViT-B/32,Hue rotation,4617,0,airplane,-24.026676,-37.79387
CLIP ViT-B/32,Hue rotation,4675,0,airplane,-17.44855,-43.00712
CLIP ViT-B/32,Hue rotation,4785,0,airplane,-17.740694,-49.429707
CLIP ViT-B/32,Hue rotation,4819,0,airplane,-23.262531,-37.693863
CLIP ViT-B/32,Hue rotation,4893,0,airplane,-19.197546,-45.862602
CLIP ViT-B/32,Hue rotation,5117,0,airplane,-17.552095,-41.31477
CLIP ViT-B/32,Hue rotation,5478,0,airplane,-19.964926,-33.329365
CLIP ViT-B/32,Hue rotation,5912,0,airplane,-23.053177,-37.577282
CLIP ViT-B/32,Hue rotation,5918,0,airplane,-22.117882,-37.23298
CLIP ViT-B/32,Hue rotation,5999,0,airplane,-18.610146,-40.367798
CLIP ViT-B/32,Hue rotation,6437,0,airplane,-16.053663,-48.06006
CLIP ViT-B/32,Hue rotation,6455,0,airplane,-20.690495,-33.94896
CLIP ViT-B/32,Hue rotation,6609,0,airplane,-26.75716,-37.243343
CLIP ViT-B/32,Hue rotation,6844,0,airplane,-17.248186,-42.08314
CLIP ViT-B/32,Hue rotation,6986,0,airplane,-24.450504,-32.05368
CLIP ViT-B/32,Hue rotation,7009,0,airplane,-22.904015,-45.139835
CLIP ViT-B/32,Hue rotation,7150,0,airplane,-17.604843,-42.895267
CLIP ViT-B/32,Hue rotation,7262,0,airplane,-23.178772,-37.715305
CLIP ViT-B/32,Hue rotation,7309,0,airplane,-17.351414,-48.23142
CLIP ViT-B/32,Hue rotation,7320,0,airplane,-20.101238,-39.984734
CLIP ViT-B/32,Hue rotation,7372,0,airplane,-16.142534,-48.07866
CLIP ViT-B/32,Hue rotation,7373,0,airplane,-16.710457,-49.79828
CLIP ViT-B/32,Hue rotation,7465,0,airplane,-17.962086,-42.814163
CLIP ViT-B/32,Hue rotation,7634,0,airplane,-21.858452,-39.303333
CLIP ViT-B/32,Hue rotation,95,1,bird,24.413408,-22.485193
CLIP ViT-B/32,Hue rotation,116,1,bird,24.30541,-19.59961
CLIP ViT-B/32,Hue rotation,198,1,bird,21.173012,-20.936821
CLIP ViT-B/32,Hue rotation,261,1,bird,22.619087,-22.179972
CLIP ViT-B/32,Hue rotation,304,1,bird,21.360964,-12.023467
CLIP ViT-B/32,Hue rotation,825,1,bird,21.15222,-25.13972
CLIP ViT-B/32,Hue rotation,1090,1,bird,20.958633,-24.74846
CLIP ViT-B/32,Hue rotation,1109,1,bird,20.446857,-25.32278
CLIP ViT-B/32,Hue rotation,1115,1,bird,18.342941,-4.938598
CLIP ViT-B/32,Hue rotation,1230,1,bird,20.681255,-1.5700096
CLIP ViT-B/32,Hue rotation,1436,1,bird,24.545132,-22.359749
CLIP ViT-B/32,Hue rotation,1568,1,bird,26.105362,-20.77564
CLIP ViT-B/32,Hue rotation,1852,1,bird,21.573698,-22.978182
CLIP ViT-B/32,Hue rotation,1871,1,bird,22.26041,-19.454014
CLIP ViT-B/32,Hue rotation,1986,1,bird,21.456991,-18.798264
CLIP ViT-B/32,Hue rotation,1993,1,bird,22.418507,-21.83965
CLIP ViT-B/32,Hue rotation,2070,1,bird,17.745737,-3.7034957
CLIP ViT-B/32,Hue rotation,2095,1,bird,37.15906,-22.59685
CLIP ViT-B/32,Hue rotation,2116,1,bird,37.308575,-23.306557
CLIP ViT-B/32,Hue rotation,2157,1,bird,22.534136,-21.599773
CLIP ViT-B/32,Hue rotation,2178,1,bird,23.789156,-19.807764
CLIP ViT-B/32,Hue rotation,2687,1,bird,20.57339,-20.677687
CLIP ViT-B/32,Hue rotation,2690,1,bird,20.970448,-21.639889
CLIP ViT-B/32,Hue rotation,3079,1,bird,24.3576,-24.25589
CLIP ViT-B/32,Hue rotation,3413,1,bird,25.324331,-23.992535
CLIP ViT-B/32,Hue rotation,3491,1,bird,21.192862,-22.75273
CLIP ViT-B/32,Hue rotation,3550,1,bird,23.70997,-27.551008
CLIP ViT-B/32,Hue rotation,3937,1,bird,25.213406,-24.612759
CLIP ViT-B/32,Hue rotation,4298,1,bird,25.259926,-24.184132
CLIP ViT-B/32,Hue rotation,4640,1,bird,20.63216,-21.714628
CLIP ViT-B/32,Hue rotation,5092,1,bird,22.97341,-23.394344
CLIP ViT-B/32,Hue rotation,5123,1,bird,23.538008,-22.704767
CLIP ViT-B/32,Hue rotation,5220,1,bird,18.74595,0.6030451
CLIP ViT-B/32,Hue rotation,5256,1,bird,22.67582,-20.39482
CLIP ViT-B/32,Hue rotation,5488,1,bird,38.506863,-20.377085
CLIP ViT-B/32,Hue rotation,5560,1,bird,23.126526,-18.11944
CLIP ViT-B/32,Hue rotation,6076,1,bird,25.760729,-24.94652
CLIP ViT-B/32,Hue rotation,6169,1,bird,16.537815,-1.5527328
CLIP ViT-B/32,Hue rotation,6349,1,bird,18.325706,-6.0704503
CLIP ViT-B/32,Hue rotation,6594,1,bird,20.294773,-25.624006
CLIP ViT-B/32,Hue rotation,6733,1,bird,21.420345,-18.82695
CLIP ViT-B/32,Hue rotation,6805,1,bird,20.836628,-24.960272
CLIP ViT-B/32,Hue rotation,6836,1,bird,24.652302,-21.973291
CLIP ViT-B/32,Hue rotation,6938,1,bird,25.106543,-22.767208
CLIP ViT-B/32,Hue rotation,6954,1,bird,36.98378,-22.498184
CLIP ViT-B/32,Hue rotation,7029,1,bird,23.617142,-23.739166
CLIP ViT-B/32,Hue rotation,7033,1,bird,18.288132,-6.115179
CLIP ViT-B/32,Hue rotation,7202,1,bird,23.814198,-21.269705
CLIP ViT-B/32,Hue rotation,7390,1,bird,22.28747,-24.112314
CLIP ViT-B/32,Hue rotation,7955,1,bird,25.937197,-22.717743
CLIP ViT-B/32,Hue rotation,35,2,car,-29.449987,32.695423
CLIP ViT-B/32,Hue rotation,49,2,car,-25.527899,35.757282
CLIP ViT-B/32,Hue rotation,317,2,car,-22.317108,46.393
CLIP ViT-B/32,Hue rotation,409,2,car,-22.045567,45.944187
CLIP ViT-B/32,Hue rotation,470,2,car,-21.297644,47.034286
CLIP ViT-B/32,Hue rotation,483,2,car,-23.991909,35.433754
CLIP ViT-B/32,Hue rotation,714,2,car,-21.189573,28.705185
CLIP ViT-B/32,Hue rotation,981,2,car,-21.895403,36.608162
CLIP ViT-B/32,Hue rotation,1202,2,car,-19.76769,47.021774
CLIP ViT-B/32,Hue rotation,1403,2,car,-19.543388,30.289585
CLIP ViT-B/32,Hue rotation,1520,2,car,-29.084995,31.003515
CLIP ViT-B/32,Hue rotation,1586,2,car,-20.011053,35.18667
CLIP ViT-B/32,Hue rotation,1814,2,car,-24.388725,37.012325
CLIP ViT-B/32,Hue rotation,1839,2,car,-21.539782,37.152332
CLIP ViT-B/32,Hue rotation,2082,2,car,-29.668901,31.54117
CLIP ViT-B/32,Hue rotation,2392,2,car,-24.001026,38.801945
CLIP ViT-B/32,Hue rotation,2502,2,car,-20.833803,48.64632
CLIP ViT-B/32,Hue rotation,3024,2,car,-31.414883,31.622522
CLIP ViT-B/32,Hue rotation,3067,2,car,-24.637705,37.851013
CLIP ViT-B/32,Hue rotation,3163,2,car,-17.633533,31.559723
CLIP ViT-B/32,Hue rotation,3362,2,car,-22.992107,46.78427
CLIP ViT-B/32,Hue rotation,3454,2,car,-19.031048,33.14476
CLIP ViT-B/32,Hue rotation,3755,2,car,-18.232967,32.835766
CLIP ViT-B/32,Hue rotation,4065,2,car,-21.190493,30.669104
CLIP ViT-B/32,Hue rotation,4735,2,car,-31.393589,33.00296
CLIP ViT-B/32,Hue rotation,4913,2,car,-28.529888,35.015327
CLIP ViT-B/32,Hue rotation,4921,2,car,-15.454948,35.708286
CLIP ViT-B/32,Hue rotation,5030,2,car,-20.667126,47.43568
CLIP ViT-B/32,Hue rotation,5183,2,car,-23.568068,45.60592
CLIP ViT-B/32,Hue rotation,5218,2,car,-21.86478,46.48383
CLIP ViT-B/32,Hue rotation,5237,2,car,-28.240522,34.431164
CLIP ViT-B/32,Hue rotation,5318,2,car,-22.563757,26.321383
CLIP ViT-B/32,Hue rotation,5333,2,car,-24.301123,36.028805
CLIP ViT-B/32,Hue rotation,5395,2,car,-19.654947,31.17247
CLIP ViT-B/32,Hue rotation,5512,2,car,-26.834225,9.200743
CLIP ViT-B/32,Hue rotation,5677,2,car,-19.524534,30.58544
CLIP ViT-B/32,Hue rotation,5756,2,car,-17.981974,35.41309
CLIP ViT-B/32,Hue rotation,5824,2,car,-28.181026,18.952066
CLIP ViT-B/32,Hue rotation,6028,2,car,-20.66526,36.378136
CLIP ViT-B/32,Hue rotation,6244,2,car,-22.21315,33.866528
CLIP ViT-B/32,Hue rotation,6264,2,car,-16.819214,36.39773
CLIP ViT-B/32,Hue rotation,6271,2,car,-20.393301,47.738308
CLIP ViT-B/32,Hue rotation,6332,2,car,-31.62482,33.457577
CLIP ViT-B/32,Hue rotation,6354,2,car,-24.990301,29.96117
CLIP ViT-B/32,Hue rotation,6426,2,car,-20.022413,38.481026
CLIP ViT-B/32,Hue rotation,6503,2,car,-28.979523,33.346073
CLIP ViT-B/32,Hue rotation,6616,2,car,-23.886776,33.74337
CLIP ViT-B/32,Hue rotation,6692,2,car,-30.607182,32.026226
CLIP ViT-B/32,Hue rotation,7084,2,car,-15.325063,34.09192
CLIP ViT-B/32,Hue rotation,7425,2,car,-18.196167,37.132217
CLIP ViT-B/32,Hue rotation,176,3,cat,35.239887,11.131616
CLIP ViT-B/32,Hue rotation,365,3,cat,30.865847,22.06607
CLIP ViT-B/32,Hue rotation,372,3,cat,18.559395,1.2864163
CLIP ViT-B/32,Hue rotation,391,3,cat,33.42549,17.373575
CLIP ViT-B/32,Hue rotation,632,3,cat,35.134197,16.972887
CLIP ViT-B/32,Hue rotation,672,3,cat,15.033605,-3.7006192
CLIP ViT-B/32,Hue rotation,677,3,cat,32.896774,23.296852
CLIP ViT-B/32,Hue rotation,738,3,cat,30.575134,22.875196
CLIP ViT-B/32,Hue rotation,791,3,cat,32.9542,22.10419
CLIP ViT-B/32,Hue rotation,979,3,cat,31.90872,19.805897
CLIP ViT-B/32,Hue rotation,1204,3,cat,20.305454,-4.6982765
CLIP ViT-B/32,Hue rotation,1263,3,cat,11.482536,-4.6596
CLIP ViT-B/32,Hue rotation,1370,3,cat,27.794125,23.20563
CLIP ViT-B/32,Hue rotation,1401,3,cat,36.58294,22.364492
CLIP ViT-B/32,Hue rotation,1431,3,cat,29.61884,24.80874
CLIP ViT-B/32,Hue rotation,1531,3,cat,10.853872,-3.6391323
CLIP ViT-B/32,Hue rotation,1563,3,cat,35.387096,10.101164
CLIP ViT-B/32,Hue rotation,2028,3,cat,29.169056,15.142442
CLIP ViT-B/32,Hue rotation,2291,3,cat,36.656933,9.658889
CLIP ViT-B/32,Hue rotation,2536,3,cat,35.185745,16.912113
CLIP ViT-B/32,Hue rotation,2539,3,cat,35.183506,15.097664
CLIP ViT-B/32,Hue rotation,2754,3,cat,32.742393,17.459915
CLIP ViT-B/32,Hue rotation,2861,3,cat,32.563087,25.185894
CLIP ViT-B/32,Hue rotation,3276,3,cat,12.415853,-5.2793
CLIP ViT-B/32,Hue rotation,3375,3,cat,12.272837,-3.6694667
CLIP ViT-B/32,Hue rotation,3383,3,cat,35.038834,11.567477
CLIP ViT-B/32,Hue rotation,3562,3,cat,14.804393,8.514337
CLIP ViT-B/32,Hue rotation,3778,3,cat,35.029976,24.47069
CLIP ViT-B/32,Hue rotation,3851,3,cat,29.508232,27.112307
CLIP ViT-B/32,Hue rotation,3914,3,cat,35.108257,17.814764
CLIP ViT-B/32,Hue rotation,4023,3,cat,14.765774,-3.5682533
CLIP ViT-B/32,Hue rotation,4168,3,cat,31.814936,20.912432
CLIP ViT-B/32,Hue rotation,4215,3,cat,32.507862,20.579208
CLIP ViT-B/32,Hue rotation,4229,3,cat,35.99646,17.2922
CLIP ViT-B/32,Hue rotation,4323,3,cat,29.315819,23.598648
CLIP ViT-B/32,Hue rotation,4330,3,cat,18.538034,-2.3308122
CLIP ViT-B/32,Hue rotation,4463,3,cat,35.710785,20.759562
CLIP ViT-B/32,Hue rotation,4531,3,cat,12.108833,-4.397784
CLIP ViT-B/32,Hue rotation,4590,3,cat,34.116676,23.462626
CLIP ViT-B/32,Hue rotation,4609,3,cat,29.005335,2.935866
CLIP ViT-B/32,Hue rotation,4821,3,cat,29.697763,22.20038
CLIP ViT-B/32,Hue rotation,4881,3,cat,17.994102,-4.879961
CLIP ViT-B/32,Hue rotation,4908,3,cat,30.296476,21.497969
CLIP ViT-B/32,Hue rotation,5528,3,cat,26.114717,22.158545
CLIP ViT-B/32,Hue rotation,6490,3,cat,19.641977,-3.4719598
CLIP ViT-B/32,Hue rotation,6952,3,cat,29.84161,21.755398
CLIP ViT-B/32,Hue rotation,7416,3,cat,30.725594,21.94175
CLIP ViT-B/32,Hue rotation,7744,3,cat,28.229261,25.23225
CLIP ViT-B/32,Hue rotation,7793,3,cat,22.62923,23.771534
CLIP ViT-B/32,Hue rotation,7797,3,cat,35.423965,18.304373
CLIP ViT-B/32,Hue rotation,171,4,deer,3.6722798,-11.711003
CLIP ViT-B/32,Hue rotation,506,4,deer,4.2579603,-12.31022
CLIP ViT-B/32,Hue rotation,691,4,deer,2.5736141,-9.924793
CLIP ViT-B/32,Hue rotation,766,4,deer,12.575705,7.6732516
CLIP ViT-B/32,Hue rotation,855,4,deer,8.065335,-18.693491
CLIP ViT-B/32,Hue rotation,1111,4,deer,0.63486934,-11.065721
CLIP ViT-B/32,Hue rotation,1124,4,deer,5.9577904,-13.182178
CLIP ViT-B/32,Hue rotation,1211,4,deer,5.7737675,-11.822477
CLIP ViT-B/32,Hue rotation,1266,4,deer,5.2871847,-12.34151
CLIP ViT-B/32,Hue rotation,1429,4,deer,15.967545,-2.288607
CLIP ViT-B/32,Hue rotation,1960,4,deer,8.396065,-8.188304
CLIP ViT-B/32,Hue rotation,2399,4,deer,4.8183856,-8.891554
CLIP ViT-B/32,Hue rotation,2704,4,deer,5.082591,-14.118644
CLIP ViT-B/32,Hue rotation,2757,4,deer,13.063998,-8.228777
CLIP ViT-B/32,Hue rotation,2898,4,deer,1.0345001,-13.517603
CLIP ViT-B/32,Hue rotation,3034,4,deer,1.6355717,-15.392927
CLIP ViT-B/32,Hue rotation,3078,4,deer,1.5524722,-21.102316
CLIP ViT-B/32,Hue rotation,3122,4,deer,9.441785,-7.119906
CLIP ViT-B/32,Hue rotation,3179,4,deer,1.9567109,-14.574319
CLIP ViT-B/32,Hue rotation,3287,4,deer,1.380302,-12.189395
CLIP ViT-B/32,Hue rotation,3365,4,deer,2.6388907,-13.741207
CLIP ViT-B/32,Hue rotation,3458,4,deer,1.8648593,-11.756211
CLIP ViT-B/32,Hue rotation,3512,4,deer,5.3833294,-13.131151
CLIP ViT-B/32,Hue rotation,3763,4,deer,1.1049254,-12.523613
CLIP ViT-B/32,Hue rotation,3891,4,deer,4.1962757,-11.038007
CLIP ViT-B/32,Hue rotation,3994,4,deer,3.9117777,-15.206909
CLIP ViT-B/32,Hue rotation,4054,4,deer,2.817075,-11.471033
CLIP ViT-B/32,Hue rotation,4629,4,deer,3.5178075,-12.975593
CLIP ViT-B/32,Hue rotation,4642,4,deer,5.0859075,-10.995429
CLIP ViT-B/32,Hue rotation,4740,4,deer,2.8805645,-12.510726
CLIP ViT-B/32,Hue rotation,5062,4,deer,5.2330885,-13.903227
CLIP ViT-B/32,Hue rotation,5077,4,deer,5.2322545,-9.004528
CLIP ViT-B/32,Hue rotation,5135,4,deer,8.26365,-16.707375
CLIP ViT-B/32,Hue rotation,5213,4,deer,3.745057,-11.028995
CLIP ViT-B/32,Hue rotation,5402,4,deer,0.29597297,-11.693406
CLIP ViT-B/32,Hue rotation,5467,4,deer,1.9547949,-12.807979
CLIP ViT-B/32,Hue rotation,5556,4,deer,-0.19545454,-12.79454
CLIP ViT-B/32,Hue rotation,5623,4,deer,1.7658271,-11.805468
CLIP ViT-B/32,Hue rotation,5789,4,deer,1.9656667,-11.10886
CLIP ViT-B/32,Hue rotation,6033,4,deer,3.7164278,-10.641501
CLIP ViT-B/32,Hue rotation,6097,4,deer,0.123205945,-12.353901
CLIP ViT-B/32,Hue rotation,6288,4,deer,6.869203,-10.508531
CLIP ViT-B/32,Hue rotation,6508,4,deer,-0.75806224,-14.164346
CLIP ViT-B/32,Hue rotation,6528,4,deer,7.1752667,-11.408356
CLIP ViT-B/32,Hue rotation,7475,4,deer,1.9559712,-13.151878
CLIP ViT-B/32,Hue rotation,7610,4,deer,6.845032,-10.448839
CLIP ViT-B/32,Hue rotation,7692,4,deer,13.812118,-2.4840312
CLIP ViT-B/32,Hue rotation,7864,4,deer,1.057675,-11.990692
CLIP ViT-B/32,Hue rotation,7940,4,deer,4.4711156,-13.927275
CLIP ViT-B/32,Hue rotation,7944,4,deer,16.9409,-4.2436767
CLIP ViT-B/32,Hue rotation,97,5,dog,16.514467,26.736753
CLIP ViT-B/32,Hue rotation,319,5,dog,17.822079,21.134472
CLIP ViT-B/32,Hue rotation,378,5,dog,17.380404,26.406599
CLIP ViT-B/32,Hue rotation,568,5,dog,17.909552,30.781109
CLIP ViT-B/32,Hue rotation,645,5,dog,15.1645355,19.899485
CLIP ViT-B/32,Hue rotation,685,5,dog,21.024092,24.547655
CLIP ViT-B/32,Hue rotation,1095,5,dog,16.95591,20.608511
CLIP ViT-B/32,Hue rotation,1552,5,dog,10.833564,-3.828813
CLIP ViT-B/32,Hue rotation,1626,5,dog,18.392977,19.818861
CLIP ViT-B/32,Hue rotation,1644,5,dog,15.932798,20.98508
CLIP ViT-B/32,Hue rotation,1877,5,dog,8.490953,-8.045634
CLIP ViT-B/32,Hue rotation,2265,5,dog,14.406278,19.46379
CLIP ViT-B/32,Hue rotation,2268,5,dog,19.128723,27.375048
CLIP ViT-B/32,Hue rotation,2334,5,dog,14.392012,25.195747
CLIP ViT-B/32,Hue rotation,2391,5,dog,14.191958,19.610844
CLIP ViT-B/32,Hue rotation,2427,5,dog,15.404777,21.010147
CLIP ViT-B/32,Hue rotation,2458,5,dog,17.112923,19.78728
CLIP ViT-B/32,Hue rotation,2623,5,dog,11.156501,-3.8128042
CLIP ViT-B/32,Hue rotation,2766,5,dog,17.003786,29.31626
CLIP ViT-B/32,Hue rotation,2807,5,dog,23.430197,-2.4203103
CLIP ViT-B/32,Hue rotation,2950,5,dog,15.865375,24.868034
CLIP ViT-B/32,Hue rotation,3353,5,dog,20.880436,11.085621
CLIP ViT-B/32,Hue rotation,3852,5,dog,20.176308,21.638815
CLIP ViT-B/32,Hue rotation,3863,5,dog,15.664032,17.686144
CLIP ViT-B/32,Hue rotation,3889,5,dog,15.304657,28.771465
CLIP ViT-B/32,Hue rotation,4106,5,dog,11.9963045,17.761356
CLIP ViT-B/32,Hue rotation,4290,5,dog,16.72289,-2.177909
CLIP ViT-B/32,Hue rotation,4547,5,dog,18.663254,22.60282
CLIP ViT-B/32,Hue rotation,4570,5,dog,15.702868,20.84508
CLIP ViT-B/32,Hue rotation,4850,5,dog,20.933437,24.362488
CLIP ViT-B/32,Hue rotation,4953,5,dog,18.115246,16.404415
CLIP ViT-B/32,Hue rotation,4966,5,dog,18.68547,19.957884
CLIP ViT-B/32,Hue rotation,5101,5,dog,16.888693,18.996967
CLIP ViT-B/32,Hue rotation,5332,5,dog,13.356766,10.037717
CLIP ViT-B/32,Hue rotation,5381,5,dog,14.299502,20.734362
CLIP ViT-B/32,Hue rotation,5496,5,dog,15.817899,17.941107
CLIP ViT-B/32,Hue rotation,5701,5,dog,19.316011,29.444567
CLIP ViT-B/32,Hue rotation,5924,5,dog,7.3232694,19.25303
CLIP ViT-B/32,Hue rotation,6224,5,dog,8.556312,24.506563
CLIP ViT-B/32,Hue rotation,6358,5,dog,19.604588,9.011303
CLIP ViT-B/32,Hue rotation,6414,5,dog,19.92232,-0.8044758
CLIP ViT-B/32,Hue rotation,6716,5,dog,16.41218,15.593083
CLIP ViT-B/32,Hue rotation,6922,5,dog,15.356735,19.963787
CLIP ViT-B/32,Hue rotation,6989,5,dog,10.050645,-3.116514
CLIP ViT-B/32,Hue rotation,7041,5,dog,20.039055,0.13591537
CLIP ViT-B/32,Hue rotation,7130,5,dog,15.264434,17.919369
CLIP ViT-B/32,Hue rotation,7413,5,dog,28.185383,5.7375946
CLIP ViT-B/32,Hue rotation,7474,5,dog,12.768908,20.81133
CLIP ViT-B/32,Hue rotation,7706,5,dog,19.516304,18.616125
CLIP ViT-B/32,Hue rotation,7776,5,dog,16.33134,15.903007
CLIP ViT-B/32,Hue rotation,449,6,horse,1.6972663,1.1887414
CLIP ViT-B/32,Hue rotation,545,6,horse,-5.6770315,13.639576
CLIP ViT-B/32,Hue rotation,873,6,horse,-5.02745,-3.2487845
CLIP ViT-B/32,Hue rotation,890,6,horse,2.8715107,1.8481522
CLIP ViT-B/32,Hue rotation,920,6,horse,1.6548077,-0.31372616
CLIP ViT-B/32,Hue rotation,929,6,horse,1.8211768,-1.8260752
CLIP ViT-B/32,Hue rotation,964,6,horse,6.7331014,3.8999739
CLIP ViT-B/32,Hue rotation,977,6,horse,1.9669504,3.6127229
CLIP ViT-B/32,Hue rotation,1534,6,horse,-7.829701,11.995721
CLIP ViT-B/32,Hue rotation,1667,6,horse,-3.9241016,10.0606575
CLIP ViT-B/32,Hue rotation,2003,6,horse,3.838087,3.8507576
CLIP ViT-B/32,Hue rotation,2610,6,horse,7.3925295,7.280649
CLIP ViT-B/32,Hue rotation,2676,6,horse,6.1181507,11.365076
CLIP ViT-B/32,Hue rotation,2958,6,horse,1.79094,3.044572
CLIP ViT-B/32,Hue rotation,3191,6,horse,9.545173,1.9324195
CLIP ViT-B/32,Hue rotation,3292,6,horse,8.246356,3.2703798
CLIP ViT-B/32,Hue rotation,3418,6,horse,2.412004,0.3875286
CLIP ViT-B/32,Hue rotation,3494,6,horse,3.8987808,5.6770253
CLIP ViT-B/32,Hue rotation,3515,6,horse,0.12721907,-0.5076699
CLIP ViT-B/32,Hue rotation,3777,6,horse,1.3007879,1.1493213
CLIP ViT-B/32,Hue rotation,3779,6,horse,2.0517776,-0.320101
CLIP ViT-B/32,Hue rotation,3844,6,horse,3.441412,0.13955672
CLIP ViT-B/32,Hue rotation,3962,6,horse,-0.0966076,0.7767306
CLIP ViT-B/32,Hue rotation,4011,6,horse,0.14983095,8.071369
CLIP ViT-B/32,Hue rotation,4093,6,horse,2.0577488,11.27677
CLIP ViT-B/32,Hue rotation,4254,6,horse,0.9376252,-0.41276038
CLIP ViT-B/32,Hue rotation,4341,6,horse,3.253258,2.296068
CLIP ViT-B/32,Hue rotation,4411,6,horse,7.2350264,3.8395948
CLIP ViT-B/32,Hue rotation,4620,6,horse,8.439782,1.9599525
CLIP ViT-B/32,Hue rotation,4731,6,horse,1.9026566,3.7339797
CLIP ViT-B/32,Hue rotation,4746,6,horse,0.25324515,-2.0685756
CLIP ViT-B/32,Hue rotation,4754,6,horse,1.2049334,-1.5647521
CLIP ViT-B/32,Hue rotation,4827,6,horse,4.4863997,7.3789706
CLIP ViT-B/32,Hue rotation,5082,6,horse,2.6481996,2.992067
CLIP ViT-B/32,Hue rotation,5382,6,horse,18.157251,0.11336199
CLIP ViT-B/32,Hue rotation,5408,6,horse,-1.1561167,0.6776915
CLIP ViT-B/32,Hue rotation,5580,6,horse,3.0229838,4.3060293
CLIP ViT-B/32,Hue rotation,5729,6,horse,3.2713253,3.3745136
CLIP ViT-B/32,Hue rotation,5857,6,horse,-7.5901003,7.398811
CLIP ViT-B/32,Hue rotation,5858,6,horse,-0.09548314,-1.4240199
CLIP ViT-B/32,Hue rotation,6381,6,horse,-3.3859522,12.519904
CLIP ViT-B/32,Hue rotation,6713,6,horse,6.712719,4.9842043
CLIP ViT-B/32,Hue rotation,7108,6,horse,3.1609466,0.87208027
CLIP ViT-B/32,Hue rotation,7338,6,horse,9.021734,-0.50478774
CLIP ViT-B/32,Hue rotation,7555,6,horse,9.133543,2.0964282
CLIP ViT-B/32,Hue rotation,7600,6,horse,4.3587766,7.0373135
CLIP ViT-B/32,Hue rotation,7726,6,horse,0.6525208,2.7821183
CLIP ViT-B/32,Hue rotation,7779,6,horse,5.3000226,3.7599962
CLIP ViT-B/32,Hue rotation,7781,6,horse,-1.6338133,-1.4728161
CLIP ViT-B/32,Hue rotation,7996,6,horse,4.7912064,3.7610373
CLIP ViT-B/32,Hue rotation,29,7,monkey,39.842716,-8.399302
CLIP ViT-B/32,Hue rotation,269,7,monkey,44.98882,-4.81296
CLIP ViT-B/32,Hue rotation,323,7,monkey,43.247528,-7.1313443
CLIP ViT-B/32,Hue rotation,370,7,monkey,37.90537,-0.6293214
CLIP ViT-B/32,Hue rotation,1032,7,monkey,20.081581,-1.2863846
CLIP ViT-B/32,Hue rotation,1048,7,monkey,46.25423,0.94790876
CLIP ViT-B/32,Hue rotation,1220,7,monkey,35.274685,0.24597782
CLIP ViT-B/32,Hue rotation,1287,7,monkey,35.314636,1.5728109
CLIP ViT-B/32,Hue rotation,1296,7,monkey,18.405376,-2.3013694
CLIP ViT-B/32,Hue rotation,1440,7,monkey,34.46062,0.057132572
CLIP ViT-B/32,Hue rotation,1473,7,monkey,38.457687,0.46979028
CLIP ViT-B/32,Hue rotation,1579,7,monkey,45.354435,6.966069
CLIP ViT-B/32,Hue rotation,1703,7,monkey,20.492249,-17.502764
CLIP ViT-B/32,Hue rotation,1711,7,monkey,46.227592,5.307144
CLIP ViT-B/32,Hue rotation,1771,7,monkey,30.301817,-4.5298524
CLIP ViT-B/32,Hue rotation,1884,7,monkey,44.530132,-2.8131454
CLIP ViT-B/32,Hue rotation,1927,7,monkey,39.056114,-0.73033094
CLIP ViT-B/32,Hue rotation,1956,7,monkey,19.464415,-1.855144
CLIP ViT-B/32,Hue rotation,2501,7,monkey,38.96241,-0.92995596
CLIP ViT-B/32,Hue rotation,2668,7,monkey,34.392914,0.7394038
CLIP ViT-B/32,Hue rotation,2746,7,monkey,38.756115,-0.6242417
CLIP ViT-B/32,Hue rotation,2854,7,monkey,33.95453,0.8009718
CLIP ViT-B/32,Hue rotation,3153,7,monkey,35.044823,0.98561734
CLIP ViT-B/32,Hue rotation,3288,7,monkey,39.211037,0.4250482
CLIP ViT-B/32,Hue rotation,3404,7,monkey,37.714245,-0.62385696
CLIP ViT-B/32,Hue rotation,3446,7,monkey,46.331837,0.24725896
CLIP ViT-B/32,Hue rotation,3467,7,monkey,33.99918,-0.88418967
CLIP ViT-B/32,Hue rotation,3542,7,monkey,41.195686,0.2923534
CLIP ViT-B/32,Hue rotation,3867,7,monkey,38.071156,-0.6938081
CLIP ViT-B/32,Hue rotation,4172,7,monkey,23.105377,-21.52484
CLIP ViT-B/32,Hue rotation,4236,7,monkey,37.22204,0.45835158
CLIP ViT-B/32,Hue rotation,4308,7,monkey,16.873686,-2.6566072
CLIP ViT-B/32,Hue rotation,4403,7,monkey,36.73781,-0.24506047
CLIP ViT-B/32,Hue rotation,4661,7,monkey,35.86416,0.81828517
CLIP ViT-B/32,Hue rotation,4704,7,monkey,17.594622,-2.3583405
CLIP ViT-B/32,Hue rotation,4748,7,monkey,37.524963,0.4076798
CLIP ViT-B/32,Hue rotation,4791,7,monkey,37.135227,0.57649064
CLIP ViT-B/32,Hue rotation,5436,7,monkey,33.80659,1.0229204
CLIP ViT-B/32,Hue rotation,5450,7,monkey,37.989365,1.0613167
CLIP ViT-B/32,Hue rotation,5719,7,monkey,40.683437,-1.9127412
CLIP ViT-B/32,Hue rotation,5848,7,monkey,36.953995,1.5763009
CLIP ViT-B/32,Hue rotation,5977,7,monkey,46.33451,-0.4361726
CLIP ViT-B/32,Hue rotation,6084,7,monkey,46.172035,-3.0877228
CLIP ViT-B/32,Hue rotation,6190,7,monkey,38.431217,1.5575411
CLIP ViT-B/32,Hue rotation,6650,7,monkey,20.62536,-2.3628278
CLIP ViT-B/32,Hue rotation,6726,7,monkey,36.063896,-2.7559037
CLIP ViT-B/32,Hue rotation,6772,7,monkey,19.669489,-2.0223622
CLIP ViT-B/32,Hue rotation,7081,7,monkey,43.228825,-3.3797731
CLIP ViT-B/32,Hue rotation,7270,7,monkey,37.079113,2.9108593
CLIP ViT-B/32,Hue rotation,7835,7,monkey,45.927074,0.9928181
CLIP ViT-B/32,Hue rotation,151,8,ship,-41.93043,-5.65045
CLIP ViT-B/32,Hue rotation,194,8,ship,-42.24947,-4.9715376
CLIP ViT-B/32,Hue rotation,667,8,ship,-52.074696,-12.163495
CLIP ViT-B/32,Hue rotation,706,8,ship,-42.467537,-9.095271
CLIP ViT-B/32,Hue rotation,716,8,ship,-55.014774,-3.480658
CLIP ViT-B/32,Hue rotation,739,8,ship,-40.347267,-5.063903
CLIP ViT-B/32,Hue rotation,962,8,ship,-39.07672,-5.891503
CLIP ViT-B/32,Hue rotation,1129,8,ship,-39.637268,-8.281073
CLIP ViT-B/32,Hue rotation,1247,8,ship,-40.460354,-3.248844
CLIP ViT-B/32,Hue rotation,1640,8,ship,-44.52225,-4.0416813
CLIP ViT-B/32,Hue rotation,1783,8,ship,-43.414555,-5.124186
CLIP ViT-B/32,Hue rotation,1833,8,ship,-40.505272,-5.0427647
CLIP ViT-B/32,Hue rotation,1954,8,ship,-39.9819,-9.210854
CLIP ViT-B/32,Hue rotation,2109,8,ship,-41.675625,-8.229915
CLIP ViT-B/32,Hue rotation,2191,8,ship,-43.251507,-5.810222
CLIP ViT-B/32,Hue rotation,2230,8,ship,-40.634964,-5.823432
CLIP ViT-B/32,Hue rotation,2340,8,ship,-43.685726,-4.0116277
CLIP ViT-B/32,Hue rotation,2342,8,ship,-44.63905,-3.9485738
CLIP ViT-B/32,Hue rotation,2745,8,ship,-42.559258,-4.475346
CLIP ViT-B/32,Hue rotation,2844,8,ship,-43.628628,-13.396675
CLIP ViT-B/32,Hue rotation,3015,8,ship,-42.624317,-4.7173877
CLIP ViT-B/32,Hue rotation,3157,8,ship,-41.40728,-6.012086
CLIP ViT-B/32,Hue rotation,3412,8,ship,-53.41488,-12.504948
CLIP ViT-B/32,Hue rotation,3905,8,ship,-43.09285,-7.1994443
CLIP ViT-B/32,Hue rotation,3948,8,ship,-43.48798,-8.160771
CLIP ViT-B/32,Hue rotation,4069,8,ship,-38.208107,-9.395631
CLIP ViT-B/32,Hue rotation,4170,8,ship,-41.477726,-6.2216363
CLIP ViT-B/32,Hue rotation,4177,8,ship,-51.556446,-6.093956
CLIP ViT-B/32,Hue rotation,4242,8,ship,-39.815643,-5.6987596
CLIP ViT-B/32,Hue rotation,4311,8,ship,-43.580402,-4.377248
CLIP ViT-B/32,Hue rotation,4355,8,ship,-40.933815,-4.5068817
CLIP ViT-B/32,Hue rotation,4552,8,ship,-39.20265,-4.687047
CLIP ViT-B/32,Hue rotation,4662,8,ship,-53.76116,-7.663035
CLIP ViT-B/32,Hue rotation,4676,8,ship,-40.621082,-6.4339457
CLIP ViT-B/32,Hue rotation,4990,8,ship,-39.44141,-6.1700544
CLIP ViT-B/32,Hue rotation,5000,8,ship,-51.920963,-7.707646
CLIP ViT-B/32,Hue rotation,5451,8,ship,-44.5862,-5.82929
CLIP ViT-B/32,Hue rotation,5525,8,ship,-41.33046,-8.6088505
CLIP ViT-B/32,Hue rotation,5694,8,ship,-43.17175,-7.836196
CLIP ViT-B/32,Hue rotation,5705,8,ship,-43.378853,-4.859127
CLIP ViT-B/32,Hue rotation,6434,8,ship,-54.76036,-12.041607
CLIP ViT-B/32,Hue rotation,6689,8,ship,-41.20608,-4.918144
CLIP ViT-B/32,Hue rotation,7138,8,ship,-49.88906,-12.892055
CLIP ViT-B/32,Hue rotation,7446,8,ship,-43.479904,-8.5453
CLIP ViT-B/32,Hue rotation,7460,8,ship,-38.080017,-5.740017
CLIP ViT-B/32,Hue rotation,7476,8,ship,-46.403427,-15.419135
CLIP ViT-B/32,Hue rotation,7810,8,ship,-40.75805,-7.2072954
CLIP ViT-B/32,Hue rotation,7818,8,ship,-50.84083,-4.0516286
CLIP ViT-B/32,Hue rotation,7875,8,ship,-40.723145,-7.580996
CLIP ViT-B/32,Hue rotation,7999,8,ship,-52.852737,-12.0314045
CLIP ViT-B/32,Hue rotation,131,9,truck,-30.540594,8.411165
CLIP ViT-B/32,Hue rotation,191,9,truck,-25.916498,28.74968
CLIP ViT-B/32,Hue rotation,239,9,truck,-28.937567,16.07678
CLIP ViT-B/32,Hue rotation,276,9,truck,-30.163963,5.9664097
CLIP ViT-B/32,Hue rotation,303,9,truck,-35.135887,17.555794
CLIP ViT-B/32,Hue rotation,419,9,truck,-28.691225,15.594353
CLIP ViT-B/32,Hue rotation,603,9,truck,-32.84772,9.300761
CLIP ViT-B/32,Hue rotation,805,9,truck,-29.545988,5.5846376
CLIP ViT-B/32,Hue rotation,852,9,truck,-33.637657,17.24382
CLIP ViT-B/32,Hue rotation,1022,9,truck,-31.828438,7.808107
CLIP ViT-B/32,Hue rotation,1411,9,truck,-34.395638,18.194471
CLIP ViT-B/32,Hue rotation,1430,9,truck,-29.371775,5.7628007
CLIP ViT-B/32,Hue rotation,1468,9,truck,-24.10596,16.883862
CLIP ViT-B/32,Hue rotation,1515,9,truck,-29.858013,16.27261
CLIP ViT-B/32,Hue rotation,1654,9,truck,-30.941942,10.03339
CLIP ViT-B/32,Hue rotation,1836,9,truck,-34.239937,13.124203
CLIP ViT-B/32,Hue rotation,2011,9,truck,-32.720665,13.046348
CLIP ViT-B/32,Hue rotation,2062,9,truck,-35.68759,17.39704
CLIP ViT-B/32,Hue rotation,2114,9,truck,-24.60995,16.42587
CLIP ViT-B/32,Hue rotation,2167,9,truck,-33.73409,14.403569
CLIP ViT-B/32,Hue rotation,2351,9,truck,-33.60342,16.38705
CLIP ViT-B/32,Hue rotation,2414,9,truck,-27.941177,4.057336
CLIP ViT-B/32,Hue rotation,2655,9,truck,-22.20906,6.3742065
CLIP ViT-B/32,Hue rotation,3318,9,truck,-22.003387,8.057319
CLIP ViT-B/32,Hue rotation,3893,9,truck,-27.90854,18.749514
CLIP ViT-B/32,Hue rotation,3942,9,truck,-24.408947,4.960185
CLIP ViT-B/32,Hue rotation,3996,9,truck,-36.63111,18.804132
CLIP ViT-B/32,Hue rotation,4094,9,truck,-33.893723,18.782185
CLIP ViT-B/32,Hue rotation,4449,9,truck,-31.582441,6.544788
CLIP ViT-B/32,Hue rotation,4723,9,truck,-26.983885,5.619707
CLIP ViT-B/32,Hue rotation,5284,9,truck,-30.813944,6.3484116
CLIP ViT-B/32,Hue rotation,5301,9,truck,-32.296394,5.4788494
CLIP ViT-B/32,Hue rotation,5360,9,truck,-26.664862,16.987545
CLIP ViT-B/32,Hue rotation,5447,9,truck,-33.313953,17.851168
CLIP ViT-B/32,Hue rotation,5452,9,truck,-30.733326,12.132053
CLIP ViT-B/32,Hue rotation,5508,9,truck,-36.745987,13.27396
CLIP ViT-B/32,Hue rotation,5572,9,truck,-30.39313,7.5190115
CLIP ViT-B/32,Hue rotation,5590,9,truck,-37.4095,16.889301
CLIP ViT-B/32,Hue rotation,5788,9,truck,-26.086042,16.940855
CLIP ViT-B/32,Hue rotation,5851,9,truck,-35.29963,16.89197
CLIP ViT-B/32,Hue rotation,5915,9,truck,-29.31326,6.619502
CLIP ViT-B/32,Hue rotation,5981,9,truck,-33.10989,6.719253
CLIP ViT-B/32,Hue rotation,6931,9,truck,-29.163418,5.1043987
CLIP ViT-B/32,Hue rotation,7047,9,truck,-29.19722,18.066662
CLIP ViT-B/32,Hue rotation,7266,9,truck,-29.153713,7.3632107
CLIP ViT-B/32,Hue rotation,7380,9,truck,-34.146942,17.698769
CLIP ViT-B/32,Hue rotation,7544,9,truck,-24.466957,16.81566
CLIP ViT-B/32,Hue rotation,7752,9,truck,-24.357265,17.57131
CLIP ViT-B/32,Hue rotation,7938,9,truck,-31.648157,6.429826
CLIP ViT-B/32,Hue rotation,7995,9,truck,-31.325113,19.85191
